category,complete_preservation,condition,constraint_errors,constraint_satisfaction,constraint_total,constraints_satisfied,correct_refusal,element_change_precision,error,error_codes,estimated_cost,expected_status,generation_status,generator_model,generator_provider,host_export_valid,input_tokens,language,latency_ms,musicxml_validity,non_target_preservation,operation_minimality,output_produced,output_tokens,patch_fingerprint,patch_parse,post_fingerprint,preview_valid,processing_latency_ms,provider_latency_ms,raw_output_path,refused,repair_added_cost,repair_attempt_count,repair_attempted,repair_success,repetition,routing,run_id,scope_stress_applied,scope_stress_extra_measures,semantic_patch_fingerprint,task_id,task_success,transaction_valid,unsafe_execution
conflicting_or_unsupported,1,interactive_runtime_acceptance,,1.0,1,1,1,1.0,,,0.0,refuse,refused,seraedit_rule_v1,local_rule,0,0,en,0.5820999995194143,,1.0,1.0,0,0,74234e98afe7498fb5daf1f36ac2d78acc339464f950703b8c019892f982b90b,0,refused,0,0.5820999995194143,0.0,experiments/runtime_acceptance_core_bilingual_r3_v4_20260826/raw_outputs/conflict_001__en__r1.json,1,0,0,0,0,1,local_first,conflict_001:en:r1,0,,d07935fefb9eb378b16d51bcd1510040077a17127c632f31657c65ebe9093765,conflict_001,1,0,0
conflicting_or_unsupported,1,interactive_runtime_acceptance,,1.0,1,1,1,1.0,,,0.0,refuse,refused,seraedit_rule_v1,local_rule,0,0,en,0.21569999989878852,,1.0,1.0,0,0,74234e98afe7498fb5daf1f36ac2d78acc339464f950703b8c019892f982b90b,0,refused,0,0.21569999989878852,0.0,experiments/runtime_acceptance_core_bilingual_r3_v4_20260826/raw_outputs/conflict_001__en__r2.json,1,0,0,0,0,2,local_first,conflict_001:en:r2,0,,d07935fefb9eb378b16d51bcd1510040077a17127c632f31657c65ebe9093765,conflict_001,1,0,0
conflicting_or_unsupported,1,interactive_runtime_acceptance,,1.0,1,1,1,1.0,,,0.0,refuse,refused,seraedit_rule_v1,local_rule,0,0,en,0.2029999996011611,,1.0,1.0,0,0,74234e98afe7498fb5daf1f36ac2d78acc339464f950703b8c019892f982b90b,0,refused,0,0.2029999996011611,0.0,experiments/runtime_acceptance_core_bilingual_r3_v4_20260826/raw_outputs/conflict_001__en__r3.json,1,0,0,0,0,3,local_first,conflict_001:en:r3,0,,d07935fefb9eb378b16d51bcd1510040077a17127c632f31657c65ebe9093765,conflict_001,1,0,0
conflicting_or_unsupported,1,interactive_runtime_acceptance,,1.0,1,1,1,1.0,,,0.0,refuse,refused,seraedit_rule_v1,local_rule,0,0,zh,0.20339999991847435,,1.0,1.0,0,0,74234e98afe7498fb5daf1f36ac2d78acc339464f950703b8c019892f982b90b,0,refused,0,0.20339999991847435,0.0,experiments/runtime_acceptance_core_bilingual_r3_v4_20260826/raw_outputs/conflict_001__zh__r1.json,1,0,0,0,0,1,local_first,conflict_001:zh:r1,0,,d07935fefb9eb378b16d51bcd1510040077a17127c632f31657c65ebe9093765,conflict_001,1,0,0
conflicting_or_unsupported,1,interactive_runtime_acceptance,,1.0,1,1,1,1.0,,,0.0,refuse,refused,seraedit_rule_v1,local_rule,0,0,zh,0.27430000045569614,,1.0,1.0,0,0,74234e98afe7498fb5daf1f36ac2d78acc339464f950703b8c019892f982b90b,0,refused,0,0.27430000045569614,0.0,experiments/runtime_acceptance_core_bilingual_r3_v4_20260826/raw_outputs/conflict_001__zh__r2.json,1,0,0,0,0,2,local_first,conflict_001:zh:r2,0,,d07935fefb9eb378b16d51bcd1510040077a17127c632f31657c65ebe9093765,conflict_001,1,0,0
conflicting_or_unsupported,1,interactive_runtime_acceptance,,1.0,1,1,1,1.0,,,0.0,refuse,refused,seraedit_rule_v1,local_rule,0,0,zh,0.2065999997284962,,1.0,1.0,0,0,74234e98afe7498fb5daf1f36ac2d78acc339464f950703b8c019892f982b90b,0,refused,0,0.2065999997284962,0.0,experiments/runtime_acceptance_core_bilingual_r3_v4_20260826/raw_outputs/conflict_001__zh__r3.json,1,0,0,0,0,3,local_first,conflict_001:zh:r3,0,,d07935fefb9eb378b16d51bcd1510040077a17127c632f31657c65ebe9093765,conflict_001,1,0,0
conflicting_or_unsupported,1,interactive_runtime_acceptance,,1.0,1,1,1,1.0,,,0.0,refuse,refused,seraedit_rule_v1,local_rule,0,0,en,0.17949999983102316,,1.0,1.0,0,0,74234e98afe7498fb5daf1f36ac2d78acc339464f950703b8c019892f982b90b,0,refused,0,0.17949999983102316,0.0,experiments/runtime_acceptance_core_bilingual_r3_v4_20260826/raw_outputs/conflict_002__en__r1.json,1,0,0,0,0,1,local_first,conflict_002:en:r1,0,,d07935fefb9eb378b16d51bcd1510040077a17127c632f31657c65ebe9093765,conflict_002,1,0,0
conflicting_or_unsupported,1,interactive_runtime_acceptance,,1.0,1,1,1,1.0,,,0.0,refuse,refused,seraedit_rule_v1,local_rule,0,0,en,0.19549999979062704,,1.0,1.0,0,0,74234e98afe7498fb5daf1f36ac2d78acc339464f950703b8c019892f982b90b,0,refused,0,0.19549999979062704,0.0,experiments/runtime_acceptance_core_bilingual_r3_v4_20260826/raw_outputs/conflict_002__en__r2.json,1,0,0,0,0,2,local_first,conflict_002:en:r2,0,,d07935fefb9eb378b16d51bcd1510040077a17127c632f31657c65ebe9093765,conflict_002,1,0,0
conflicting_or_unsupported,1,interactive_runtime_acceptance,,1.0,1,1,1,1.0,,,0.0,refuse,refused,seraedit_rule_v1,local_rule,0,0,en,0.3722000001289416,,1.0,1.0,0,0,74234e98afe7498fb5daf1f36ac2d78acc339464f950703b8c019892f982b90b,0,refused,0,0.3722000001289416,0.0,experiments/runtime_acceptance_core_bilingual_r3_v4_20260826/raw_outputs/conflict_002__en__r3.json,1,0,0,0,0,3,local_first,conflict_002:en:r3,0,,d07935fefb9eb378b16d51bcd1510040077a17127c632f31657c65ebe9093765,conflict_002,1,0,0
conflicting_or_unsupported,1,interactive_runtime_acceptance,,1.0,1,1,1,1.0,,,0.0,refuse,refused,seraedit_rule_v1,local_rule,0,0,zh,0.1965000001291628,,1.0,1.0,0,0,74234e98afe7498fb5daf1f36ac2d78acc339464f950703b8c019892f982b90b,0,refused,0,0.1965000001291628,0.0,experiments/runtime_acceptance_core_bilingual_r3_v4_20260826/raw_outputs/conflict_002__zh__r1.json,1,0,0,0,0,1,local_first,conflict_002:zh:r1,0,,d07935fefb9eb378b16d51bcd1510040077a17127c632f31657c65ebe9093765,conflict_002,1,0,0
conflicting_or_unsupported,1,interactive_runtime_acceptance,,1.0,1,1,1,1.0,,,0.0,refuse,refused,seraedit_rule_v1,local_rule,0,0,zh,0.19530000008671777,,1.0,1.0,0,0,74234e98afe7498fb5daf1f36ac2d78acc339464f950703b8c019892f982b90b,0,refused,0,0.19530000008671777,0.0,experiments/runtime_acceptance_core_bilingual_r3_v4_20260826/raw_outputs/conflict_002__zh__r2.json,1,0,0,0,0,2,local_first,conflict_002:zh:r2,0,,d07935fefb9eb378b16d51bcd1510040077a17127c632f31657c65ebe9093765,conflict_002,1,0,0
conflicting_or_unsupported,1,interactive_runtime_acceptance,,1.0,1,1,1,1.0,,,0.0,refuse,refused,seraedit_rule_v1,local_rule,0,0,zh,0.2348000007259543,,1.0,1.0,0,0,74234e98afe7498fb5daf1f36ac2d78acc339464f950703b8c019892f982b90b,0,refused,0,0.2348000007259543,0.0,experiments/runtime_acceptance_core_bilingual_r3_v4_20260826/raw_outputs/conflict_002__zh__r3.json,1,0,0,0,0,3,local_first,conflict_002:zh:r3,0,,d07935fefb9eb378b16d51bcd1510040077a17127c632f31657c65ebe9093765,conflict_002,1,0,0
conflicting_or_unsupported,1,interactive_runtime_acceptance,,1.0,1,1,1,1.0,,,0.0,refuse,refused,seraedit_rule_v1,local_rule,0,0,en,0.18900000031862874,,1.0,1.0,0,0,74234e98afe7498fb5daf1f36ac2d78acc339464f950703b8c019892f982b90b,0,refused,0,0.18900000031862874,0.0,experiments/runtime_acceptance_core_bilingual_r3_v4_20260826/raw_outputs/conflict_003__en__r1.json,1,0,0,0,0,1,local_first,conflict_003:en:r1,0,,d07935fefb9eb378b16d51bcd1510040077a17127c632f31657c65ebe9093765,conflict_003,1,0,0
conflicting_or_unsupported,1,interactive_runtime_acceptance,,1.0,1,1,1,1.0,,,0.0,refuse,refused,seraedit_rule_v1,local_rule,0,0,en,0.3513999999995576,,1.0,1.0,0,0,74234e98afe7498fb5daf1f36ac2d78acc339464f950703b8c019892f982b90b,0,refused,0,0.3513999999995576,0.0,experiments/runtime_acceptance_core_bilingual_r3_v4_20260826/raw_outputs/conflict_003__en__r2.json,1,0,0,0,0,2,local_first,conflict_003:en:r2,0,,d07935fefb9eb378b16d51bcd1510040077a17127c632f31657c65ebe9093765,conflict_003,1,0,0
conflicting_or_unsupported,1,interactive_runtime_acceptance,,1.0,1,1,1,1.0,,,0.0,refuse,refused,seraedit_rule_v1,local_rule,0,0,en,0.21689999994123355,,1.0,1.0,0,0,74234e98afe7498fb5daf1f36ac2d78acc339464f950703b8c019892f982b90b,0,refused,0,0.21689999994123355,0.0,experiments/runtime_acceptance_core_bilingual_r3_v4_20260826/raw_outputs/conflict_003__en__r3.json,1,0,0,0,0,3,local_first,conflict_003:en:r3,0,,d07935fefb9eb378b16d51bcd1510040077a17127c632f31657c65ebe9093765,conflict_003,1,0,0
conflicting_or_unsupported,1,interactive_runtime_acceptance,,1.0,1,1,1,1.0,,,0.0,refuse,refused,seraedit_rule_v1,local_rule,0,0,zh,0.33710000025166664,,1.0,1.0,0,0,74234e98afe7498fb5daf1f36ac2d78acc339464f950703b8c019892f982b90b,0,refused,0,0.33710000025166664,0.0,experiments/runtime_acceptance_core_bilingual_r3_v4_20260826/raw_outputs/conflict_003__zh__r1.json,1,0,0,0,0,1,local_first,conflict_003:zh:r1,0,,d07935fefb9eb378b16d51bcd1510040077a17127c632f31657c65ebe9093765,conflict_003,1,0,0
conflicting_or_unsupported,1,interactive_runtime_acceptance,,1.0,1,1,1,1.0,,,0.0,refuse,refused,seraedit_rule_v1,local_rule,0,0,zh,0.35089999983028974,,1.0,1.0,0,0,74234e98afe7498fb5daf1f36ac2d78acc339464f950703b8c019892f982b90b,0,refused,0,0.35089999983028974,0.0,experiments/runtime_acceptance_core_bilingual_r3_v4_20260826/raw_outputs/conflict_003__zh__r2.json,1,0,0,0,0,2,local_first,conflict_003:zh:r2,0,,d07935fefb9eb378b16d51bcd1510040077a17127c632f31657c65ebe9093765,conflict_003,1,0,0
conflicting_or_unsupported,1,interactive_runtime_acceptance,,1.0,1,1,1,1.0,,,0.0,refuse,refused,seraedit_rule_v1,local_rule,0,0,zh,0.33510000048408983,,1.0,1.0,0,0,74234e98afe7498fb5daf1f36ac2d78acc339464f950703b8c019892f982b90b,0,refused,0,0.33510000048408983,0.0,experiments/runtime_acceptance_core_bilingual_r3_v4_20260826/raw_outputs/conflict_003__zh__r3.json,1,0,0,0,0,3,local_first,conflict_003:zh:r3,0,,d07935fefb9eb378b16d51bcd1510040077a17127c632f31657c65ebe9093765,conflict_003,1,0,0
conflicting_or_unsupported,1,interactive_runtime_acceptance,,1.0,1,1,1,1.0,,,0.0,refuse,refused,seraedit_rule_v1,local_rule,0,0,en,0.22170000011101365,,1.0,1.0,0,0,74234e98afe7498fb5daf1f36ac2d78acc339464f950703b8c019892f982b90b,0,refused,0,0.22170000011101365,0.0,experiments/runtime_acceptance_core_bilingual_r3_v4_20260826/raw_outputs/conflict_004__en__r1.json,1,0,0,0,0,1,local_first,conflict_004:en:r1,0,,d07935fefb9eb378b16d51bcd1510040077a17127c632f31657c65ebe9093765,conflict_004,1,0,0
conflicting_or_unsupported,1,interactive_runtime_acceptance,,1.0,1,1,1,1.0,,,0.0,refuse,refused,seraedit_rule_v1,local_rule,0,0,en,0.20569999924191507,,1.0,1.0,0,0,74234e98afe7498fb5daf1f36ac2d78acc339464f950703b8c019892f982b90b,0,refused,0,0.20569999924191507,0.0,experiments/runtime_acceptance_core_bilingual_r3_v4_20260826/raw_outputs/conflict_004__en__r2.json,1,0,0,0,0,2,local_first,conflict_004:en:r2,0,,d07935fefb9eb378b16d51bcd1510040077a17127c632f31657c65ebe9093765,conflict_004,1,0,0
conflicting_or_unsupported,1,interactive_runtime_acceptance,,1.0,1,1,1,1.0,,,0.0,refuse,refused,seraedit_rule_v1,local_rule,0,0,en,0.21300000025803456,,1.0,1.0,0,0,74234e98afe7498fb5daf1f36ac2d78acc339464f950703b8c019892f982b90b,0,refused,0,0.21300000025803456,0.0,experiments/runtime_acceptance_core_bilingual_r3_v4_20260826/raw_outputs/conflict_004__en__r3.json,1,0,0,0,0,3,local_first,conflict_004:en:r3,0,,d07935fefb9eb378b16d51bcd1510040077a17127c632f31657c65ebe9093765,conflict_004,1,0,0
conflicting_or_unsupported,1,interactive_runtime_acceptance,,1.0,1,1,1,1.0,,,0.0,refuse,refused,seraedit_rule_v1,local_rule,0,0,zh,0.2556999997977982,,1.0,1.0,0,0,74234e98afe7498fb5daf1f36ac2d78acc339464f950703b8c019892f982b90b,0,refused,0,0.2556999997977982,0.0,experiments/runtime_acceptance_core_bilingual_r3_v4_20260826/raw_outputs/conflict_004__zh__r1.json,1,0,0,0,0,1,local_first,conflict_004:zh:r1,0,,d07935fefb9eb378b16d51bcd1510040077a17127c632f31657c65ebe9093765,conflict_004,1,0,0
conflicting_or_unsupported,1,interactive_runtime_acceptance,,1.0,1,1,1,1.0,,,0.0,refuse,refused,seraedit_rule_v1,local_rule,0,0,zh,0.44770000022253953,,1.0,1.0,0,0,74234e98afe7498fb5daf1f36ac2d78acc339464f950703b8c019892f982b90b,0,refused,0,0.44770000022253953,0.0,experiments/runtime_acceptance_core_bilingual_r3_v4_20260826/raw_outputs/conflict_004__zh__r2.json,1,0,0,0,0,2,local_first,conflict_004:zh:r2,0,,d07935fefb9eb378b16d51bcd1510040077a17127c632f31657c65ebe9093765,conflict_004,1,0,0
conflicting_or_unsupported,1,interactive_runtime_acceptance,,1.0,1,1,1,1.0,,,0.0,refuse,refused,seraedit_rule_v1,local_rule,0,0,zh,0.2782000001388951,,1.0,1.0,0,0,74234e98afe7498fb5daf1f36ac2d78acc339464f950703b8c019892f982b90b,0,refused,0,0.2782000001388951,0.0,experiments/runtime_acceptance_core_bilingual_r3_v4_20260826/raw_outputs/conflict_004__zh__r3.json,1,0,0,0,0,3,local_first,conflict_004:zh:r3,0,,d07935fefb9eb378b16d51bcd1510040077a17127c632f31657c65ebe9093765,conflict_004,1,0,0
conflicting_or_unsupported,1,interactive_runtime_acceptance,,1.0,1,1,1,1.0,,,0.0,refuse,refused,seraedit_rule_v1,local_rule,0,0,en,0.18649999947228935,,1.0,1.0,0,0,74234e98afe7498fb5daf1f36ac2d78acc339464f950703b8c019892f982b90b,0,refused,0,0.18649999947228935,0.0,experiments/runtime_acceptance_core_bilingual_r3_v4_20260826/raw_outputs/conflict_005__en__r1.json,1,0,0,0,0,1,local_first,conflict_005:en:r1,0,,d07935fefb9eb378b16d51bcd1510040077a17127c632f31657c65ebe9093765,conflict_005,1,0,0
conflicting_or_unsupported,1,interactive_runtime_acceptance,,1.0,1,1,1,1.0,,,0.0,refuse,refused,seraedit_rule_v1,local_rule,0,0,en,0.3507999999783351,,1.0,1.0,0,0,74234e98afe7498fb5daf1f36ac2d78acc339464f950703b8c019892f982b90b,0,refused,0,0.3507999999783351,0.0,experiments/runtime_acceptance_core_bilingual_r3_v4_20260826/raw_outputs/conflict_005__en__r2.json,1,0,0,0,0,2,local_first,conflict_005:en:r2,0,,d07935fefb9eb378b16d51bcd1510040077a17127c632f31657c65ebe9093765,conflict_005,1,0,0
conflicting_or_unsupported,1,interactive_runtime_acceptance,,1.0,1,1,1,1.0,,,0.0,refuse,refused,seraedit_rule_v1,local_rule,0,0,en,0.1998999996430939,,1.0,1.0,0,0,74234e98afe7498fb5daf1f36ac2d78acc339464f950703b8c019892f982b90b,0,refused,0,0.1998999996430939,0.0,experiments/runtime_acceptance_core_bilingual_r3_v4_20260826/raw_outputs/conflict_005__en__r3.json,1,0,0,0,0,3,local_first,conflict_005:en:r3,0,,d07935fefb9eb378b16d51bcd1510040077a17127c632f31657c65ebe9093765,conflict_005,1,0,0
conflicting_or_unsupported,1,interactive_runtime_acceptance,,1.0,1,1,1,1.0,,,0.0,refuse,refused,seraedit_rule_v1,local_rule,0,0,zh,0.20279999989725184,,1.0,1.0,0,0,74234e98afe7498fb5daf1f36ac2d78acc339464f950703b8c019892f982b90b,0,refused,0,0.20279999989725184,0.0,experiments/runtime_acceptance_core_bilingual_r3_v4_20260826/raw_outputs/conflict_005__zh__r1.json,1,0,0,0,0,1,local_first,conflict_005:zh:r1,0,,d07935fefb9eb378b16d51bcd1510040077a17127c632f31657c65ebe9093765,conflict_005,1,0,0
conflicting_or_unsupported,1,interactive_runtime_acceptance,,1.0,1,1,1,1.0,,,0.0,refuse,refused,seraedit_rule_v1,local_rule,0,0,zh,0.3341999999975087,,1.0,1.0,0,0,74234e98afe7498fb5daf1f36ac2d78acc339464f950703b8c019892f982b90b,0,refused,0,0.3341999999975087,0.0,experiments/runtime_acceptance_core_bilingual_r3_v4_20260826/raw_outputs/conflict_005__zh__r2.json,1,0,0,0,0,2,local_first,conflict_005:zh:r2,0,,d07935fefb9eb378b16d51bcd1510040077a17127c632f31657c65ebe9093765,conflict_005,1,0,0
conflicting_or_unsupported,1,interactive_runtime_acceptance,,1.0,1,1,1,1.0,,,0.0,refuse,refused,seraedit_rule_v1,local_rule,0,0,zh,0.3863000001729233,,1.0,1.0,0,0,74234e98afe7498fb5daf1f36ac2d78acc339464f950703b8c019892f982b90b,0,refused,0,0.3863000001729233,0.0,experiments/runtime_acceptance_core_bilingual_r3_v4_20260826/raw_outputs/conflict_005__zh__r3.json,1,0,0,0,0,3,local_first,conflict_005:zh:r3,0,,d07935fefb9eb378b16d51bcd1510040077a17127c632f31657c65ebe9093765,conflict_005,1,0,0
dynamics_articulation,1,interactive_runtime_acceptance,,1.0,3,3,0,1.0,,,0.0,success,generated,seraedit_rule_v1,local_rule,1,0,en,229.19410000031348,1,1.0,1.0,1,0,12aaae3c4ce8fb0af407d0a80a2ff8e989e203030b381576d81623f344044180,1,2a612e3a5121d2a22d612ac2ba1410110e2aca0847126e17b0c302eb7572292a,1,229.19410000031348,0.0,experiments/runtime_acceptance_core_bilingual_r3_v4_20260826/raw_outputs/dynamics_001__en__r1.json,0,0,0,0,0,1,local_first,dynamics_001:en:r1,0,,55c844743cb17f21887e894482866f7c9e986d5f79adedebe38607424f68c0b2,dynamics_001,1,1,0
dynamics_articulation,1,interactive_runtime_acceptance,,1.0,3,3,0,1.0,,,0.0,success,generated,seraedit_rule_v1,local_rule,1,0,en,35.39920000002894,1,1.0,1.0,1,0,12aaae3c4ce8fb0af407d0a80a2ff8e989e203030b381576d81623f344044180,1,2a612e3a5121d2a22d612ac2ba1410110e2aca0847126e17b0c302eb7572292a,1,35.39920000002894,0.0,experiments/runtime_acceptance_core_bilingual_r3_v4_20260826/raw_outputs/dynamics_001__en__r2.json,0,0,0,0,0,2,local_first,dynamics_001:en:r2,0,,55c844743cb17f21887e894482866f7c9e986d5f79adedebe38607424f68c0b2,dynamics_001,1,1,0
dynamics_articulation,1,interactive_runtime_acceptance,,1.0,3,3,0,1.0,,,0.0,success,generated,seraedit_rule_v1,local_rule,1,0,en,36.13289999975677,1,1.0,1.0,1,0,12aaae3c4ce8fb0af407d0a80a2ff8e989e203030b381576d81623f344044180,1,2a612e3a5121d2a22d612ac2ba1410110e2aca0847126e17b0c302eb7572292a,1,36.13289999975677,0.0,experiments/runtime_acceptance_core_bilingual_r3_v4_20260826/raw_outputs/dynamics_001__en__r3.json,0,0,0,0,0,3,local_first,dynamics_001:en:r3,0,,55c844743cb17f21887e894482866f7c9e986d5f79adedebe38607424f68c0b2,dynamics_001,1,1,0
dynamics_articulation,1,interactive_runtime_acceptance,,1.0,3,3,0,1.0,,,0.0,success,generated,seraedit_rule_v1,local_rule,1,0,zh,36.12939999948139,1,1.0,1.0,1,0,00f9babbc13630b49691d0e1e1429b9902959978ebb3be163c7def8eb39ea44d,1,2a612e3a5121d2a22d612ac2ba1410110e2aca0847126e17b0c302eb7572292a,1,36.12939999948139,0.0,experiments/runtime_acceptance_core_bilingual_r3_v4_20260826/raw_outputs/dynamics_001__zh__r1.json,0,0,0,0,0,1,local_first,dynamics_001:zh:r1,0,,55c844743cb17f21887e894482866f7c9e986d5f79adedebe38607424f68c0b2,dynamics_001,1,1,0
dynamics_articulation,1,interactive_runtime_acceptance,,1.0,3,3,0,1.0,,,0.0,success,generated,seraedit_rule_v1,local_rule,1,0,zh,37.348100000599516,1,1.0,1.0,1,0,00f9babbc13630b49691d0e1e1429b9902959978ebb3be163c7def8eb39ea44d,1,2a612e3a5121d2a22d612ac2ba1410110e2aca0847126e17b0c302eb7572292a,1,37.348100000599516,0.0,experiments/runtime_acceptance_core_bilingual_r3_v4_20260826/raw_outputs/dynamics_001__zh__r2.json,0,0,0,0,0,2,local_first,dynamics_001:zh:r2,0,,55c844743cb17f21887e894482866f7c9e986d5f79adedebe38607424f68c0b2,dynamics_001,1,1,0
dynamics_articulation,1,interactive_runtime_acceptance,,1.0,3,3,0,1.0,,,0.0,success,generated,seraedit_rule_v1,local_rule,1,0,zh,36.2236999999368,1,1.0,1.0,1,0,00f9babbc13630b49691d0e1e1429b9902959978ebb3be163c7def8eb39ea44d,1,2a612e3a5121d2a22d612ac2ba1410110e2aca0847126e17b0c302eb7572292a,1,36.2236999999368,0.0,experiments/runtime_acceptance_core_bilingual_r3_v4_20260826/raw_outputs/dynamics_001__zh__r3.json,0,0,0,0,0,3,local_first,dynamics_001:zh:r3,0,,55c844743cb17f21887e894482866f7c9e986d5f79adedebe38607424f68c0b2,dynamics_001,1,1,0
dynamics_articulation,1,interactive_runtime_acceptance,,1.0,2,2,0,1.0,,,0.0,success,generated,seraedit_rule_v1,local_rule,1,0,en,35.10599999935948,1,1.0,1.0,1,0,f94f64690599aca3ef49219cafe1105e02c2dd271a82bc89801db8a81e6f9d23,1,12c7072ac5c72fcc914e9c157718d6b4eca28a3540aa374fcf98ff7e44a3d604,1,35.10599999935948,0.0,experiments/runtime_acceptance_core_bilingual_r3_v4_20260826/raw_outputs/dynamics_002__en__r1.json,0,0,0,0,0,1,local_first,dynamics_002:en:r1,0,,55c844743cb17f21887e894482866f7c9e986d5f79adedebe38607424f68c0b2,dynamics_002,1,1,0
dynamics_articulation,1,interactive_runtime_acceptance,,1.0,2,2,0,1.0,,,0.0,success,generated,seraedit_rule_v1,local_rule,1,0,en,56.100200000400946,1,1.0,1.0,1,0,f94f64690599aca3ef49219cafe1105e02c2dd271a82bc89801db8a81e6f9d23,1,12c7072ac5c72fcc914e9c157718d6b4eca28a3540aa374fcf98ff7e44a3d604,1,56.100200000400946,0.0,experiments/runtime_acceptance_core_bilingual_r3_v4_20260826/raw_outputs/dynamics_002__en__r2.json,0,0,0,0,0,2,local_first,dynamics_002:en:r2,0,,55c844743cb17f21887e894482866f7c9e986d5f79adedebe38607424f68c0b2,dynamics_002,1,1,0
dynamics_articulation,1,interactive_runtime_acceptance,,1.0,2,2,0,1.0,,,0.0,success,generated,seraedit_rule_v1,local_rule,1,0,en,35.39760000057868,1,1.0,1.0,1,0,f94f64690599aca3ef49219cafe1105e02c2dd271a82bc89801db8a81e6f9d23,1,12c7072ac5c72fcc914e9c157718d6b4eca28a3540aa374fcf98ff7e44a3d604,1,35.39760000057868,0.0,experiments/runtime_acceptance_core_bilingual_r3_v4_20260826/raw_outputs/dynamics_002__en__r3.json,0,0,0,0,0,3,local_first,dynamics_002:en:r3,0,,55c844743cb17f21887e894482866f7c9e986d5f79adedebe38607424f68c0b2,dynamics_002,1,1,0
dynamics_articulation,1,interactive_runtime_acceptance,,1.0,2,2,0,1.0,,,0.0,success,generated,seraedit_rule_v1,local_rule,1,0,zh,36.77570000036212,1,1.0,1.0,1,0,401547b323c4b1849683d23181bd62ead9300b6a4cc940f4f1461e91115f28f6,1,12c7072ac5c72fcc914e9c157718d6b4eca28a3540aa374fcf98ff7e44a3d604,1,36.77570000036212,0.0,experiments/runtime_acceptance_core_bilingual_r3_v4_20260826/raw_outputs/dynamics_002__zh__r1.json,0,0,0,0,0,1,local_first,dynamics_002:zh:r1,0,,55c844743cb17f21887e894482866f7c9e986d5f79adedebe38607424f68c0b2,dynamics_002,1,1,0
dynamics_articulation,1,interactive_runtime_acceptance,,1.0,2,2,0,1.0,,,0.0,success,generated,seraedit_rule_v1,local_rule,1,0,zh,34.252399999786576,1,1.0,1.0,1,0,401547b323c4b1849683d23181bd62ead9300b6a4cc940f4f1461e91115f28f6,1,12c7072ac5c72fcc914e9c157718d6b4eca28a3540aa374fcf98ff7e44a3d604,1,34.252399999786576,0.0,experiments/runtime_acceptance_core_bilingual_r3_v4_20260826/raw_outputs/dynamics_002__zh__r2.json,0,0,0,0,0,2,local_first,dynamics_002:zh:r2,0,,55c844743cb17f21887e894482866f7c9e986d5f79adedebe38607424f68c0b2,dynamics_002,1,1,0
dynamics_articulation,1,interactive_runtime_acceptance,,1.0,2,2,0,1.0,,,0.0,success,generated,seraedit_rule_v1,local_rule,1,0,zh,38.23199999987992,1,1.0,1.0,1,0,401547b323c4b1849683d23181bd62ead9300b6a4cc940f4f1461e91115f28f6,1,12c7072ac5c72fcc914e9c157718d6b4eca28a3540aa374fcf98ff7e44a3d604,1,38.23199999987992,0.0,experiments/runtime_acceptance_core_bilingual_r3_v4_20260826/raw_outputs/dynamics_002__zh__r3.json,0,0,0,0,0,3,local_first,dynamics_002:zh:r3,0,,55c844743cb17f21887e894482866f7c9e986d5f79adedebe38607424f68c0b2,dynamics_002,1,1,0
dynamics_articulation,1,interactive_runtime_acceptance,,1.0,2,2,0,1.0,,,0.0,success,generated,seraedit_rule_v1,local_rule,1,0,en,37.451099999998405,1,1.0,1.0,1,0,8c5506932563f0b86635ea447bed29198a1bb23e6c2ae0b6c10f6d03acfef266,1,5424444ca52da1816321f3877f7342ed9630988e8895dbd1fd1cde36da53705f,1,37.451099999998405,0.0,experiments/runtime_acceptance_core_bilingual_r3_v4_20260826/raw_outputs/dynamics_003__en__r1.json,0,0,0,0,0,1,local_first,dynamics_003:en:r1,0,,55c844743cb17f21887e894482866f7c9e986d5f79adedebe38607424f68c0b2,dynamics_003,1,1,0
dynamics_articulation,1,interactive_runtime_acceptance,,1.0,2,2,0,1.0,,,0.0,success,generated,seraedit_rule_v1,local_rule,1,0,en,37.781099999847356,1,1.0,1.0,1,0,8c5506932563f0b86635ea447bed29198a1bb23e6c2ae0b6c10f6d03acfef266,1,5424444ca52da1816321f3877f7342ed9630988e8895dbd1fd1cde36da53705f,1,37.781099999847356,0.0,experiments/runtime_acceptance_core_bilingual_r3_v4_20260826/raw_outputs/dynamics_003__en__r2.json,0,0,0,0,0,2,local_first,dynamics_003:en:r2,0,,55c844743cb17f21887e894482866f7c9e986d5f79adedebe38607424f68c0b2,dynamics_003,1,1,0
dynamics_articulation,1,interactive_runtime_acceptance,,1.0,2,2,0,1.0,,,0.0,success,generated,seraedit_rule_v1,local_rule,1,0,en,37.8725000000486,1,1.0,1.0,1,0,8c5506932563f0b86635ea447bed29198a1bb23e6c2ae0b6c10f6d03acfef266,1,5424444ca52da1816321f3877f7342ed9630988e8895dbd1fd1cde36da53705f,1,37.8725000000486,0.0,experiments/runtime_acceptance_core_bilingual_r3_v4_20260826/raw_outputs/dynamics_003__en__r3.json,0,0,0,0,0,3,local_first,dynamics_003:en:r3,0,,55c844743cb17f21887e894482866f7c9e986d5f79adedebe38607424f68c0b2,dynamics_003,1,1,0
dynamics_articulation,1,interactive_runtime_acceptance,,1.0,2,2,0,1.0,,,0.0,success,generated,seraedit_rule_v1,local_rule,1,0,zh,36.50709999965329,1,1.0,1.0,1,0,39ea7e5937658df87311242dee7284762edbaf7178e550a4c8dca6cd83dc88a7,1,5424444ca52da1816321f3877f7342ed9630988e8895dbd1fd1cde36da53705f,1,36.50709999965329,0.0,experiments/runtime_acceptance_core_bilingual_r3_v4_20260826/raw_outputs/dynamics_003__zh__r1.json,0,0,0,0,0,1,local_first,dynamics_003:zh:r1,0,,55c844743cb17f21887e894482866f7c9e986d5f79adedebe38607424f68c0b2,dynamics_003,1,1,0
dynamics_articulation,1,interactive_runtime_acceptance,,1.0,2,2,0,1.0,,,0.0,success,generated,seraedit_rule_v1,local_rule,1,0,zh,37.99619999972492,1,1.0,1.0,1,0,39ea7e5937658df87311242dee7284762edbaf7178e550a4c8dca6cd83dc88a7,1,5424444ca52da1816321f3877f7342ed9630988e8895dbd1fd1cde36da53705f,1,37.99619999972492,0.0,experiments/runtime_acceptance_core_bilingual_r3_v4_20260826/raw_outputs/dynamics_003__zh__r2.json,0,0,0,0,0,2,local_first,dynamics_003:zh:r2,0,,55c844743cb17f21887e894482866f7c9e986d5f79adedebe38607424f68c0b2,dynamics_003,1,1,0
dynamics_articulation,1,interactive_runtime_acceptance,,1.0,2,2,0,1.0,,,0.0,success,generated,seraedit_rule_v1,local_rule,1,0,zh,57.73529999987659,1,1.0,1.0,1,0,39ea7e5937658df87311242dee7284762edbaf7178e550a4c8dca6cd83dc88a7,1,5424444ca52da1816321f3877f7342ed9630988e8895dbd1fd1cde36da53705f,1,57.73529999987659,0.0,experiments/runtime_acceptance_core_bilingual_r3_v4_20260826/raw_outputs/dynamics_003__zh__r3.json,0,0,0,0,0,3,local_first,dynamics_003:zh:r3,0,,55c844743cb17f21887e894482866f7c9e986d5f79adedebe38607424f68c0b2,dynamics_003,1,1,0
dynamics_articulation,1,interactive_runtime_acceptance,,1.0,2,2,0,1.0,,,0.0,success,generated,seraedit_rule_v1,local_rule,1,0,en,34.79269999934331,1,1.0,1.0,1,0,4aa14f063846e391d59ce8af39472df68728df9aca76f0be117649169120eb78,1,33aef15ab81a8d81d67a8e6edd1cf661a8035838603b443f042c3ef5025498e5,1,34.79269999934331,0.0,experiments/runtime_acceptance_core_bilingual_r3_v4_20260826/raw_outputs/dynamics_004__en__r1.json,0,0,0,0,0,1,local_first,dynamics_004:en:r1,0,,55c844743cb17f21887e894482866f7c9e986d5f79adedebe38607424f68c0b2,dynamics_004,1,1,0
dynamics_articulation,1,interactive_runtime_acceptance,,1.0,2,2,0,1.0,,,0.0,success,generated,seraedit_rule_v1,local_rule,1,0,en,35.440399999970396,1,1.0,1.0,1,0,4aa14f063846e391d59ce8af39472df68728df9aca76f0be117649169120eb78,1,33aef15ab81a8d81d67a8e6edd1cf661a8035838603b443f042c3ef5025498e5,1,35.440399999970396,0.0,experiments/runtime_acceptance_core_bilingual_r3_v4_20260826/raw_outputs/dynamics_004__en__r2.json,0,0,0,0,0,2,local_first,dynamics_004:en:r2,0,,55c844743cb17f21887e894482866f7c9e986d5f79adedebe38607424f68c0b2,dynamics_004,1,1,0
dynamics_articulation,1,interactive_runtime_acceptance,,1.0,2,2,0,1.0,,,0.0,success,generated,seraedit_rule_v1,local_rule,1,0,en,37.599900000714115,1,1.0,1.0,1,0,4aa14f063846e391d59ce8af39472df68728df9aca76f0be117649169120eb78,1,33aef15ab81a8d81d67a8e6edd1cf661a8035838603b443f042c3ef5025498e5,1,37.599900000714115,0.0,experiments/runtime_acceptance_core_bilingual_r3_v4_20260826/raw_outputs/dynamics_004__en__r3.json,0,0,0,0,0,3,local_first,dynamics_004:en:r3,0,,55c844743cb17f21887e894482866f7c9e986d5f79adedebe38607424f68c0b2,dynamics_004,1,1,0
dynamics_articulation,1,interactive_runtime_acceptance,,1.0,2,2,0,1.0,,,0.0,success,generated,seraedit_rule_v1,local_rule,1,0,zh,35.796099999970465,1,1.0,1.0,1,0,9a3f8d30cd87d76f7be8486df29aebc48bb7b5fab8941a6c55cdb92b2bc3c4d0,1,33aef15ab81a8d81d67a8e6edd1cf661a8035838603b443f042c3ef5025498e5,1,35.796099999970465,0.0,experiments/runtime_acceptance_core_bilingual_r3_v4_20260826/raw_outputs/dynamics_004__zh__r1.json,0,0,0,0,0,1,local_first,dynamics_004:zh:r1,0,,55c844743cb17f21887e894482866f7c9e986d5f79adedebe38607424f68c0b2,dynamics_004,1,1,0
dynamics_articulation,1,interactive_runtime_acceptance,,1.0,2,2,0,1.0,,,0.0,success,generated,seraedit_rule_v1,local_rule,1,0,zh,35.031500000513915,1,1.0,1.0,1,0,9a3f8d30cd87d76f7be8486df29aebc48bb7b5fab8941a6c55cdb92b2bc3c4d0,1,33aef15ab81a8d81d67a8e6edd1cf661a8035838603b443f042c3ef5025498e5,1,35.031500000513915,0.0,experiments/runtime_acceptance_core_bilingual_r3_v4_20260826/raw_outputs/dynamics_004__zh__r2.json,0,0,0,0,0,2,local_first,dynamics_004:zh:r2,0,,55c844743cb17f21887e894482866f7c9e986d5f79adedebe38607424f68c0b2,dynamics_004,1,1,0
dynamics_articulation,1,interactive_runtime_acceptance,,1.0,2,2,0,1.0,,,0.0,success,generated,seraedit_rule_v1,local_rule,1,0,zh,33.161700000164274,1,1.0,1.0,1,0,9a3f8d30cd87d76f7be8486df29aebc48bb7b5fab8941a6c55cdb92b2bc3c4d0,1,33aef15ab81a8d81d67a8e6edd1cf661a8035838603b443f042c3ef5025498e5,1,33.161700000164274,0.0,experiments/runtime_acceptance_core_bilingual_r3_v4_20260826/raw_outputs/dynamics_004__zh__r3.json,0,0,0,0,0,3,local_first,dynamics_004:zh:r3,0,,55c844743cb17f21887e894482866f7c9e986d5f79adedebe38607424f68c0b2,dynamics_004,1,1,0
dynamics_articulation,1,interactive_runtime_acceptance,,1.0,2,2,0,1.0,,,0.0,success,generated,seraedit_rule_v1,local_rule,1,0,en,34.383499999421474,1,1.0,1.0,1,0,e64ddfaff730f90ad29a8a1e254febf5d81b59fb19a8909559bfb438cb9856b6,1,594dc3e8355216d4a675dc67c34527867f47c78291b22d3e9dea48bc8934451c,1,34.383499999421474,0.0,experiments/runtime_acceptance_core_bilingual_r3_v4_20260826/raw_outputs/dynamics_005__en__r1.json,0,0,0,0,0,1,local_first,dynamics_005:en:r1,0,,55c844743cb17f21887e894482866f7c9e986d5f79adedebe38607424f68c0b2,dynamics_005,1,1,0
dynamics_articulation,1,interactive_runtime_acceptance,,1.0,2,2,0,1.0,,,0.0,success,generated,seraedit_rule_v1,local_rule,1,0,en,33.668199999738135,1,1.0,1.0,1,0,e64ddfaff730f90ad29a8a1e254febf5d81b59fb19a8909559bfb438cb9856b6,1,594dc3e8355216d4a675dc67c34527867f47c78291b22d3e9dea48bc8934451c,1,33.668199999738135,0.0,experiments/runtime_acceptance_core_bilingual_r3_v4_20260826/raw_outputs/dynamics_005__en__r2.json,0,0,0,0,0,2,local_first,dynamics_005:en:r2,0,,55c844743cb17f21887e894482866f7c9e986d5f79adedebe38607424f68c0b2,dynamics_005,1,1,0
dynamics_articulation,1,interactive_runtime_acceptance,,1.0,2,2,0,1.0,,,0.0,success,generated,seraedit_rule_v1,local_rule,1,0,en,50.430499999492895,1,1.0,1.0,1,0,e64ddfaff730f90ad29a8a1e254febf5d81b59fb19a8909559bfb438cb9856b6,1,594dc3e8355216d4a675dc67c34527867f47c78291b22d3e9dea48bc8934451c,1,50.430499999492895,0.0,experiments/runtime_acceptance_core_bilingual_r3_v4_20260826/raw_outputs/dynamics_005__en__r3.json,0,0,0,0,0,3,local_first,dynamics_005:en:r3,0,,55c844743cb17f21887e894482866f7c9e986d5f79adedebe38607424f68c0b2,dynamics_005,1,1,0
dynamics_articulation,1,interactive_runtime_acceptance,,1.0,2,2,0,1.0,,,0.0,success,generated,seraedit_rule_v1,local_rule,1,0,zh,35.201300000153424,1,1.0,1.0,1,0,28f435a647ac37d4c94d8968412daa024d5a211f8ae954f1667c0d76dcda9016,1,594dc3e8355216d4a675dc67c34527867f47c78291b22d3e9dea48bc8934451c,1,35.201300000153424,0.0,experiments/runtime_acceptance_core_bilingual_r3_v4_20260826/raw_outputs/dynamics_005__zh__r1.json,0,0,0,0,0,1,local_first,dynamics_005:zh:r1,0,,55c844743cb17f21887e894482866f7c9e986d5f79adedebe38607424f68c0b2,dynamics_005,1,1,0
dynamics_articulation,1,interactive_runtime_acceptance,,1.0,2,2,0,1.0,,,0.0,success,generated,seraedit_rule_v1,local_rule,1,0,zh,35.147800000231655,1,1.0,1.0,1,0,28f435a647ac37d4c94d8968412daa024d5a211f8ae954f1667c0d76dcda9016,1,594dc3e8355216d4a675dc67c34527867f47c78291b22d3e9dea48bc8934451c,1,35.147800000231655,0.0,experiments/runtime_acceptance_core_bilingual_r3_v4_20260826/raw_outputs/dynamics_005__zh__r2.json,0,0,0,0,0,2,local_first,dynamics_005:zh:r2,0,,55c844743cb17f21887e894482866f7c9e986d5f79adedebe38607424f68c0b2,dynamics_005,1,1,0
dynamics_articulation,1,interactive_runtime_acceptance,,1.0,2,2,0,1.0,,,0.0,success,generated,seraedit_rule_v1,local_rule,1,0,zh,34.21170000001439,1,1.0,1.0,1,0,28f435a647ac37d4c94d8968412daa024d5a211f8ae954f1667c0d76dcda9016,1,594dc3e8355216d4a675dc67c34527867f47c78291b22d3e9dea48bc8934451c,1,34.21170000001439,0.0,experiments/runtime_acceptance_core_bilingual_r3_v4_20260826/raw_outputs/dynamics_005__zh__r3.json,0,0,0,0,0,3,local_first,dynamics_005:zh:r3,0,,55c844743cb17f21887e894482866f7c9e986d5f79adedebe38607424f68c0b2,dynamics_005,1,1,0
insertion_deletion,1,interactive_runtime_acceptance,,1.0,2,2,0,1.0,,,0.0,success,generated,seraedit_rule_v1,local_rule,1,0,en,36.100100000112434,1,1.0,1.0,1,0,1f465e4e4f6668cc86ece717de074b7f7ab23061b35bc531a33bc517d6b2f38b,1,d1b2ca79b4f02d8afd396ccfab56b2d19c89c6f3a4a03446a553a4b1db0e49dd,1,36.100100000112434,0.0,experiments/runtime_acceptance_core_bilingual_r3_v4_20260826/raw_outputs/insertion_001__en__r1.json,0,0,0,0,0,1,local_first,insertion_001:en:r1,0,,b28e2e256a5d305149719d426960304760429ce5b5e0acef6114af3fd6995b4c,insertion_001,1,1,0
insertion_deletion,1,interactive_runtime_acceptance,,1.0,2,2,0,1.0,,,0.0,success,generated,seraedit_rule_v1,local_rule,1,0,en,34.53079999962938,1,1.0,1.0,1,0,1f465e4e4f6668cc86ece717de074b7f7ab23061b35bc531a33bc517d6b2f38b,1,d1b2ca79b4f02d8afd396ccfab56b2d19c89c6f3a4a03446a553a4b1db0e49dd,1,34.53079999962938,0.0,experiments/runtime_acceptance_core_bilingual_r3_v4_20260826/raw_outputs/insertion_001__en__r2.json,0,0,0,0,0,2,local_first,insertion_001:en:r2,0,,b28e2e256a5d305149719d426960304760429ce5b5e0acef6114af3fd6995b4c,insertion_001,1,1,0
insertion_deletion,1,interactive_runtime_acceptance,,1.0,2,2,0,1.0,,,0.0,success,generated,seraedit_rule_v1,local_rule,1,0,en,33.83140000005369,1,1.0,1.0,1,0,1f465e4e4f6668cc86ece717de074b7f7ab23061b35bc531a33bc517d6b2f38b,1,d1b2ca79b4f02d8afd396ccfab56b2d19c89c6f3a4a03446a553a4b1db0e49dd,1,33.83140000005369,0.0,experiments/runtime_acceptance_core_bilingual_r3_v4_20260826/raw_outputs/insertion_001__en__r3.json,0,0,0,0,0,3,local_first,insertion_001:en:r3,0,,b28e2e256a5d305149719d426960304760429ce5b5e0acef6114af3fd6995b4c,insertion_001,1,1,0
insertion_deletion,1,interactive_runtime_acceptance,,1.0,2,2,0,1.0,,,0.0,success,generated,seraedit_rule_v1,local_rule,1,0,zh,35.44899999997142,1,1.0,1.0,1,0,f442b3e944a4b43d991b83cb8f8fd89ceddecfcca0809ad3fb8bd8a269008a9e,1,d1b2ca79b4f02d8afd396ccfab56b2d19c89c6f3a4a03446a553a4b1db0e49dd,1,35.44899999997142,0.0,experiments/runtime_acceptance_core_bilingual_r3_v4_20260826/raw_outputs/insertion_001__zh__r1.json,0,0,0,0,0,1,local_first,insertion_001:zh:r1,0,,b28e2e256a5d305149719d426960304760429ce5b5e0acef6114af3fd6995b4c,insertion_001,1,1,0
insertion_deletion,1,interactive_runtime_acceptance,,1.0,2,2,0,1.0,,,0.0,success,generated,seraedit_rule_v1,local_rule,1,0,zh,35.83049999997456,1,1.0,1.0,1,0,f442b3e944a4b43d991b83cb8f8fd89ceddecfcca0809ad3fb8bd8a269008a9e,1,d1b2ca79b4f02d8afd396ccfab56b2d19c89c6f3a4a03446a553a4b1db0e49dd,1,35.83049999997456,0.0,experiments/runtime_acceptance_core_bilingual_r3_v4_20260826/raw_outputs/insertion_001__zh__r2.json,0,0,0,0,0,2,local_first,insertion_001:zh:r2,0,,b28e2e256a5d305149719d426960304760429ce5b5e0acef6114af3fd6995b4c,insertion_001,1,1,0
insertion_deletion,1,interactive_runtime_acceptance,,1.0,2,2,0,1.0,,,0.0,success,generated,seraedit_rule_v1,local_rule,1,0,zh,37.025200000243785,1,1.0,1.0,1,0,f442b3e944a4b43d991b83cb8f8fd89ceddecfcca0809ad3fb8bd8a269008a9e,1,d1b2ca79b4f02d8afd396ccfab56b2d19c89c6f3a4a03446a553a4b1db0e49dd,1,37.025200000243785,0.0,experiments/runtime_acceptance_core_bilingual_r3_v4_20260826/raw_outputs/insertion_001__zh__r3.json,0,0,0,0,0,3,local_first,insertion_001:zh:r3,0,,b28e2e256a5d305149719d426960304760429ce5b5e0acef6114af3fd6995b4c,insertion_001,1,1,0
insertion_deletion,1,interactive_runtime_acceptance,,1.0,2,2,0,1.0,,,0.0,success,generated,seraedit_rule_v1,local_rule,1,0,en,49.187000000529224,1,1.0,1.0,1,0,319acb149fc3e0595fa76a812db9728562acd1d734f6243b9e568eeba6ee0172,1,62227e243cd755497c1ad4bc24890d1b1595888f6b1cc5709a72cd6da9d15029,1,49.187000000529224,0.0,experiments/runtime_acceptance_core_bilingual_r3_v4_20260826/raw_outputs/insertion_002__en__r1.json,0,0,0,0,0,1,local_first,insertion_002:en:r1,0,,b28e2e256a5d305149719d426960304760429ce5b5e0acef6114af3fd6995b4c,insertion_002,1,1,0
insertion_deletion,1,interactive_runtime_acceptance,,1.0,2,2,0,1.0,,,0.0,success,generated,seraedit_rule_v1,local_rule,1,0,en,34.649199999876146,1,1.0,1.0,1,0,319acb149fc3e0595fa76a812db9728562acd1d734f6243b9e568eeba6ee0172,1,62227e243cd755497c1ad4bc24890d1b1595888f6b1cc5709a72cd6da9d15029,1,34.649199999876146,0.0,experiments/runtime_acceptance_core_bilingual_r3_v4_20260826/raw_outputs/insertion_002__en__r2.json,0,0,0,0,0,2,local_first,insertion_002:en:r2,0,,b28e2e256a5d305149719d426960304760429ce5b5e0acef6114af3fd6995b4c,insertion_002,1,1,0
insertion_deletion,1,interactive_runtime_acceptance,,1.0,2,2,0,1.0,,,0.0,success,generated,seraedit_rule_v1,local_rule,1,0,en,35.09999999914726,1,1.0,1.0,1,0,319acb149fc3e0595fa76a812db9728562acd1d734f6243b9e568eeba6ee0172,1,62227e243cd755497c1ad4bc24890d1b1595888f6b1cc5709a72cd6da9d15029,1,35.09999999914726,0.0,experiments/runtime_acceptance_core_bilingual_r3_v4_20260826/raw_outputs/insertion_002__en__r3.json,0,0,0,0,0,3,local_first,insertion_002:en:r3,0,,b28e2e256a5d305149719d426960304760429ce5b5e0acef6114af3fd6995b4c,insertion_002,1,1,0
insertion_deletion,1,interactive_runtime_acceptance,,1.0,2,2,0,1.0,,,0.0,success,generated,seraedit_rule_v1,local_rule,1,0,zh,36.5734999995766,1,1.0,1.0,1,0,624da6cde23276e01844d516a4e87cc225f84bbeff6233816c94e51b434d5486,1,62227e243cd755497c1ad4bc24890d1b1595888f6b1cc5709a72cd6da9d15029,1,36.5734999995766,0.0,experiments/runtime_acceptance_core_bilingual_r3_v4_20260826/raw_outputs/insertion_002__zh__r1.json,0,0,0,0,0,1,local_first,insertion_002:zh:r1,0,,b28e2e256a5d305149719d426960304760429ce5b5e0acef6114af3fd6995b4c,insertion_002,1,1,0
insertion_deletion,1,interactive_runtime_acceptance,,1.0,2,2,0,1.0,,,0.0,success,generated,seraedit_rule_v1,local_rule,1,0,zh,35.015999999814085,1,1.0,1.0,1,0,624da6cde23276e01844d516a4e87cc225f84bbeff6233816c94e51b434d5486,1,62227e243cd755497c1ad4bc24890d1b1595888f6b1cc5709a72cd6da9d15029,1,35.015999999814085,0.0,experiments/runtime_acceptance_core_bilingual_r3_v4_20260826/raw_outputs/insertion_002__zh__r2.json,0,0,0,0,0,2,local_first,insertion_002:zh:r2,0,,b28e2e256a5d305149719d426960304760429ce5b5e0acef6114af3fd6995b4c,insertion_002,1,1,0
insertion_deletion,1,interactive_runtime_acceptance,,1.0,2,2,0,1.0,,,0.0,success,generated,seraedit_rule_v1,local_rule,1,0,zh,34.89900000022317,1,1.0,1.0,1,0,624da6cde23276e01844d516a4e87cc225f84bbeff6233816c94e51b434d5486,1,62227e243cd755497c1ad4bc24890d1b1595888f6b1cc5709a72cd6da9d15029,1,34.89900000022317,0.0,experiments/runtime_acceptance_core_bilingual_r3_v4_20260826/raw_outputs/insertion_002__zh__r3.json,0,0,0,0,0,3,local_first,insertion_002:zh:r3,0,,b28e2e256a5d305149719d426960304760429ce5b5e0acef6114af3fd6995b4c,insertion_002,1,1,0
insertion_deletion,1,interactive_runtime_acceptance,,1.0,2,2,0,1.0,,,0.0,success,generated,seraedit_rule_v1,local_rule,1,0,en,37.7306000000317,1,1.0,1.0,1,0,6785c488f72e615c6647da79c84c5e7a2c5eb0cbb78ed26cb3229d1ab1196ff9,1,71e395fce51731035acc0affcd735b1209b7fc1eadea88c13f6b26670f6f2b64,1,37.7306000000317,0.0,experiments/runtime_acceptance_core_bilingual_r3_v4_20260826/raw_outputs/insertion_003__en__r1.json,0,0,0,0,0,1,local_first,insertion_003:en:r1,0,,b28e2e256a5d305149719d426960304760429ce5b5e0acef6114af3fd6995b4c,insertion_003,1,1,0
insertion_deletion,1,interactive_runtime_acceptance,,1.0,2,2,0,1.0,,,0.0,success,generated,seraedit_rule_v1,local_rule,1,0,en,36.59770000012941,1,1.0,1.0,1,0,6785c488f72e615c6647da79c84c5e7a2c5eb0cbb78ed26cb3229d1ab1196ff9,1,71e395fce51731035acc0affcd735b1209b7fc1eadea88c13f6b26670f6f2b64,1,36.59770000012941,0.0,experiments/runtime_acceptance_core_bilingual_r3_v4_20260826/raw_outputs/insertion_003__en__r2.json,0,0,0,0,0,2,local_first,insertion_003:en:r2,0,,b28e2e256a5d305149719d426960304760429ce5b5e0acef6114af3fd6995b4c,insertion_003,1,1,0
insertion_deletion,1,interactive_runtime_acceptance,,1.0,2,2,0,1.0,,,0.0,success,generated,seraedit_rule_v1,local_rule,1,0,en,35.17069999998057,1,1.0,1.0,1,0,6785c488f72e615c6647da79c84c5e7a2c5eb0cbb78ed26cb3229d1ab1196ff9,1,71e395fce51731035acc0affcd735b1209b7fc1eadea88c13f6b26670f6f2b64,1,35.17069999998057,0.0,experiments/runtime_acceptance_core_bilingual_r3_v4_20260826/raw_outputs/insertion_003__en__r3.json,0,0,0,0,0,3,local_first,insertion_003:en:r3,0,,b28e2e256a5d305149719d426960304760429ce5b5e0acef6114af3fd6995b4c,insertion_003,1,1,0
insertion_deletion,1,interactive_runtime_acceptance,,1.0,2,2,0,1.0,,,0.0,success,generated,seraedit_rule_v1,local_rule,1,0,zh,52.07810000047175,1,1.0,1.0,1,0,dac790d76d6bd394848527473bd7e6dc3dc3e2246850f0f2470241ba66f81908,1,71e395fce51731035acc0affcd735b1209b7fc1eadea88c13f6b26670f6f2b64,1,52.07810000047175,0.0,experiments/runtime_acceptance_core_bilingual_r3_v4_20260826/raw_outputs/insertion_003__zh__r1.json,0,0,0,0,0,1,local_first,insertion_003:zh:r1,0,,b28e2e256a5d305149719d426960304760429ce5b5e0acef6114af3fd6995b4c,insertion_003,1,1,0
insertion_deletion,1,interactive_runtime_acceptance,,1.0,2,2,0,1.0,,,0.0,success,generated,seraedit_rule_v1,local_rule,1,0,zh,35.555700000259094,1,1.0,1.0,1,0,dac790d76d6bd394848527473bd7e6dc3dc3e2246850f0f2470241ba66f81908,1,71e395fce51731035acc0affcd735b1209b7fc1eadea88c13f6b26670f6f2b64,1,35.555700000259094,0.0,experiments/runtime_acceptance_core_bilingual_r3_v4_20260826/raw_outputs/insertion_003__zh__r2.json,0,0,0,0,0,2,local_first,insertion_003:zh:r2,0,,b28e2e256a5d305149719d426960304760429ce5b5e0acef6114af3fd6995b4c,insertion_003,1,1,0
insertion_deletion,1,interactive_runtime_acceptance,,1.0,2,2,0,1.0,,,0.0,success,generated,seraedit_rule_v1,local_rule,1,0,zh,36.2422999996852,1,1.0,1.0,1,0,dac790d76d6bd394848527473bd7e6dc3dc3e2246850f0f2470241ba66f81908,1,71e395fce51731035acc0affcd735b1209b7fc1eadea88c13f6b26670f6f2b64,1,36.2422999996852,0.0,experiments/runtime_acceptance_core_bilingual_r3_v4_20260826/raw_outputs/insertion_003__zh__r3.json,0,0,0,0,0,3,local_first,insertion_003:zh:r3,0,,b28e2e256a5d305149719d426960304760429ce5b5e0acef6114af3fd6995b4c,insertion_003,1,1,0
insertion_deletion,1,interactive_runtime_acceptance,,1.0,2,2,0,1.0,,,0.0,success,generated,seraedit_rule_v1,local_rule,1,0,en,34.185199999228644,1,1.0,1.0,1,0,a2e2012d39a1e2e1fb0242f6b0842deee2726da0da0d98a60e3979fdda5c08ca,1,c941f8dcfcac0de93ed0a76b5ce6516f4c7a1421d53b5d255681df10f6bd1e3d,1,34.185199999228644,0.0,experiments/runtime_acceptance_core_bilingual_r3_v4_20260826/raw_outputs/insertion_004__en__r1.json,0,0,0,0,0,1,local_first,insertion_004:en:r1,0,,b28e2e256a5d305149719d426960304760429ce5b5e0acef6114af3fd6995b4c,insertion_004,1,1,0
insertion_deletion,1,interactive_runtime_acceptance,,1.0,2,2,0,1.0,,,0.0,success,generated,seraedit_rule_v1,local_rule,1,0,en,35.68989999985206,1,1.0,1.0,1,0,a2e2012d39a1e2e1fb0242f6b0842deee2726da0da0d98a60e3979fdda5c08ca,1,c941f8dcfcac0de93ed0a76b5ce6516f4c7a1421d53b5d255681df10f6bd1e3d,1,35.68989999985206,0.0,experiments/runtime_acceptance_core_bilingual_r3_v4_20260826/raw_outputs/insertion_004__en__r2.json,0,0,0,0,0,2,local_first,insertion_004:en:r2,0,,b28e2e256a5d305149719d426960304760429ce5b5e0acef6114af3fd6995b4c,insertion_004,1,1,0
insertion_deletion,1,interactive_runtime_acceptance,,1.0,2,2,0,1.0,,,0.0,success,generated,seraedit_rule_v1,local_rule,1,0,en,38.716699999895354,1,1.0,1.0,1,0,a2e2012d39a1e2e1fb0242f6b0842deee2726da0da0d98a60e3979fdda5c08ca,1,c941f8dcfcac0de93ed0a76b5ce6516f4c7a1421d53b5d255681df10f6bd1e3d,1,38.716699999895354,0.0,experiments/runtime_acceptance_core_bilingual_r3_v4_20260826/raw_outputs/insertion_004__en__r3.json,0,0,0,0,0,3,local_first,insertion_004:en:r3,0,,b28e2e256a5d305149719d426960304760429ce5b5e0acef6114af3fd6995b4c,insertion_004,1,1,0
insertion_deletion,1,interactive_runtime_acceptance,,1.0,2,2,0,1.0,,,0.0,success,generated,seraedit_rule_v1,local_rule,1,0,zh,38.020900000447,1,1.0,1.0,1,0,bb85d296bd4bbe1c0e699d5dabfda68458e812a3f3c232b4af59325924bd243d,1,c941f8dcfcac0de93ed0a76b5ce6516f4c7a1421d53b5d255681df10f6bd1e3d,1,38.020900000447,0.0,experiments/runtime_acceptance_core_bilingual_r3_v4_20260826/raw_outputs/insertion_004__zh__r1.json,0,0,0,0,0,1,local_first,insertion_004:zh:r1,0,,b28e2e256a5d305149719d426960304760429ce5b5e0acef6114af3fd6995b4c,insertion_004,1,1,0
insertion_deletion,1,interactive_runtime_acceptance,,1.0,2,2,0,1.0,,,0.0,success,generated,seraedit_rule_v1,local_rule,1,0,zh,35.57329999966896,1,1.0,1.0,1,0,bb85d296bd4bbe1c0e699d5dabfda68458e812a3f3c232b4af59325924bd243d,1,c941f8dcfcac0de93ed0a76b5ce6516f4c7a1421d53b5d255681df10f6bd1e3d,1,35.57329999966896,0.0,experiments/runtime_acceptance_core_bilingual_r3_v4_20260826/raw_outputs/insertion_004__zh__r2.json,0,0,0,0,0,2,local_first,insertion_004:zh:r2,0,,b28e2e256a5d305149719d426960304760429ce5b5e0acef6114af3fd6995b4c,insertion_004,1,1,0
insertion_deletion,1,interactive_runtime_acceptance,,1.0,2,2,0,1.0,,,0.0,success,generated,seraedit_rule_v1,local_rule,1,0,zh,36.24789999958011,1,1.0,1.0,1,0,bb85d296bd4bbe1c0e699d5dabfda68458e812a3f3c232b4af59325924bd243d,1,c941f8dcfcac0de93ed0a76b5ce6516f4c7a1421d53b5d255681df10f6bd1e3d,1,36.24789999958011,0.0,experiments/runtime_acceptance_core_bilingual_r3_v4_20260826/raw_outputs/insertion_004__zh__r3.json,0,0,0,0,0,3,local_first,insertion_004:zh:r3,0,,b28e2e256a5d305149719d426960304760429ce5b5e0acef6114af3fd6995b4c,insertion_004,1,1,0
insertion_deletion,1,interactive_runtime_acceptance,,1.0,2,2,0,1.0,,,0.0,success,generated,seraedit_rule_v1,local_rule,1,0,en,37.463300000126765,1,1.0,1.0,1,0,4c40c683f6020e9efb6b6ed75c7d39c970da24739b79a94e005efd72f3f36a52,1,eb28a35907492abb82f14032c0950ae23405ae3ac0f0cf82ba7237be9038ae5c,1,37.463300000126765,0.0,experiments/runtime_acceptance_core_bilingual_r3_v4_20260826/raw_outputs/insertion_005__en__r1.json,0,0,0,0,0,1,local_first,insertion_005:en:r1,0,,b28e2e256a5d305149719d426960304760429ce5b5e0acef6114af3fd6995b4c,insertion_005,1,1,0
insertion_deletion,1,interactive_runtime_acceptance,,1.0,2,2,0,1.0,,,0.0,success,generated,seraedit_rule_v1,local_rule,1,0,en,51.55740000009246,1,1.0,1.0,1,0,4c40c683f6020e9efb6b6ed75c7d39c970da24739b79a94e005efd72f3f36a52,1,eb28a35907492abb82f14032c0950ae23405ae3ac0f0cf82ba7237be9038ae5c,1,51.55740000009246,0.0,experiments/runtime_acceptance_core_bilingual_r3_v4_20260826/raw_outputs/insertion_005__en__r2.json,0,0,0,0,0,2,local_first,insertion_005:en:r2,0,,b28e2e256a5d305149719d426960304760429ce5b5e0acef6114af3fd6995b4c,insertion_005,1,1,0
insertion_deletion,1,interactive_runtime_acceptance,,1.0,2,2,0,1.0,,,0.0,success,generated,seraedit_rule_v1,local_rule,1,0,en,39.20749999997497,1,1.0,1.0,1,0,4c40c683f6020e9efb6b6ed75c7d39c970da24739b79a94e005efd72f3f36a52,1,eb28a35907492abb82f14032c0950ae23405ae3ac0f0cf82ba7237be9038ae5c,1,39.20749999997497,0.0,experiments/runtime_acceptance_core_bilingual_r3_v4_20260826/raw_outputs/insertion_005__en__r3.json,0,0,0,0,0,3,local_first,insertion_005:en:r3,0,,b28e2e256a5d305149719d426960304760429ce5b5e0acef6114af3fd6995b4c,insertion_005,1,1,0
insertion_deletion,1,interactive_runtime_acceptance,,1.0,2,2,0,1.0,,,0.0,success,generated,seraedit_rule_v1,local_rule,1,0,zh,38.140800000292074,1,1.0,1.0,1,0,eb68a006bba90657cb2d1b02d42dc871f5f4fb86c56463551689d47660b718ba,1,eb28a35907492abb82f14032c0950ae23405ae3ac0f0cf82ba7237be9038ae5c,1,38.140800000292074,0.0,experiments/runtime_acceptance_core_bilingual_r3_v4_20260826/raw_outputs/insertion_005__zh__r1.json,0,0,0,0,0,1,local_first,insertion_005:zh:r1,0,,b28e2e256a5d305149719d426960304760429ce5b5e0acef6114af3fd6995b4c,insertion_005,1,1,0
insertion_deletion,1,interactive_runtime_acceptance,,1.0,2,2,0,1.0,,,0.0,success,generated,seraedit_rule_v1,local_rule,1,0,zh,34.987099999852944,1,1.0,1.0,1,0,eb68a006bba90657cb2d1b02d42dc871f5f4fb86c56463551689d47660b718ba,1,eb28a35907492abb82f14032c0950ae23405ae3ac0f0cf82ba7237be9038ae5c,1,34.987099999852944,0.0,experiments/runtime_acceptance_core_bilingual_r3_v4_20260826/raw_outputs/insertion_005__zh__r2.json,0,0,0,0,0,2,local_first,insertion_005:zh:r2,0,,b28e2e256a5d305149719d426960304760429ce5b5e0acef6114af3fd6995b4c,insertion_005,1,1,0
insertion_deletion,1,interactive_runtime_acceptance,,1.0,2,2,0,1.0,,,0.0,success,generated,seraedit_rule_v1,local_rule,1,0,zh,35.541100000045844,1,1.0,1.0,1,0,eb68a006bba90657cb2d1b02d42dc871f5f4fb86c56463551689d47660b718ba,1,eb28a35907492abb82f14032c0950ae23405ae3ac0f0cf82ba7237be9038ae5c,1,35.541100000045844,0.0,experiments/runtime_acceptance_core_bilingual_r3_v4_20260826/raw_outputs/insertion_005__zh__r3.json,0,0,0,0,0,3,local_first,insertion_005:zh:r3,0,,b28e2e256a5d305149719d426960304760429ce5b5e0acef6114af3fd6995b4c,insertion_005,1,1,0
key_harmony,1,interactive_runtime_acceptance,,1.0,2,2,0,1.0,,,0.0,success,generated,seraedit_rule_v1,local_rule,1,0,en,37.09660000004078,1,1.0,1.0,1,0,d53f988ce9381f0f2597e6744d222c71d5411d92da5f496825827e285b867d5c,1,adc8ad47747db6d18300400763ececcaebc9209c95968b5053d714696aa9e70f,1,37.09660000004078,0.0,experiments/runtime_acceptance_core_bilingual_r3_v4_20260826/raw_outputs/key_001__en__r1.json,0,0,0,0,0,1,local_first,key_001:en:r1,0,,d94d01105425e238fea7f869fe7e36248505e369aa08d0c36042ec245dbfabd4,key_001,1,1,0
key_harmony,1,interactive_runtime_acceptance,,1.0,2,2,0,1.0,,,0.0,success,generated,seraedit_rule_v1,local_rule,1,0,en,34.35269999954471,1,1.0,1.0,1,0,d53f988ce9381f0f2597e6744d222c71d5411d92da5f496825827e285b867d5c,1,adc8ad47747db6d18300400763ececcaebc9209c95968b5053d714696aa9e70f,1,34.35269999954471,0.0,experiments/runtime_acceptance_core_bilingual_r3_v4_20260826/raw_outputs/key_001__en__r2.json,0,0,0,0,0,2,local_first,key_001:en:r2,0,,d94d01105425e238fea7f869fe7e36248505e369aa08d0c36042ec245dbfabd4,key_001,1,1,0
key_harmony,1,interactive_runtime_acceptance,,1.0,2,2,0,1.0,,,0.0,success,generated,seraedit_rule_v1,local_rule,1,0,en,33.86260000024777,1,1.0,1.0,1,0,d53f988ce9381f0f2597e6744d222c71d5411d92da5f496825827e285b867d5c,1,adc8ad47747db6d18300400763ececcaebc9209c95968b5053d714696aa9e70f,1,33.86260000024777,0.0,experiments/runtime_acceptance_core_bilingual_r3_v4_20260826/raw_outputs/key_001__en__r3.json,0,0,0,0,0,3,local_first,key_001:en:r3,0,,d94d01105425e238fea7f869fe7e36248505e369aa08d0c36042ec245dbfabd4,key_001,1,1,0
key_harmony,1,interactive_runtime_acceptance,,1.0,2,2,0,1.0,,,0.0,success,generated,seraedit_rule_v1,local_rule,1,0,zh,32.62240000003658,1,1.0,1.0,1,0,f1987c762cc7f6dc2fbe773219d66a72a962ba90744a444ef1a52a6c6fe4322c,1,adc8ad47747db6d18300400763ececcaebc9209c95968b5053d714696aa9e70f,1,32.62240000003658,0.0,experiments/runtime_acceptance_core_bilingual_r3_v4_20260826/raw_outputs/key_001__zh__r1.json,0,0,0,0,0,1,local_first,key_001:zh:r1,0,,d94d01105425e238fea7f869fe7e36248505e369aa08d0c36042ec245dbfabd4,key_001,1,1,0
key_harmony,1,interactive_runtime_acceptance,,1.0,2,2,0,1.0,,,0.0,success,generated,seraedit_rule_v1,local_rule,1,0,zh,53.49550000028103,1,1.0,1.0,1,0,f1987c762cc7f6dc2fbe773219d66a72a962ba90744a444ef1a52a6c6fe4322c,1,adc8ad47747db6d18300400763ececcaebc9209c95968b5053d714696aa9e70f,1,53.49550000028103,0.0,experiments/runtime_acceptance_core_bilingual_r3_v4_20260826/raw_outputs/key_001__zh__r2.json,0,0,0,0,0,2,local_first,key_001:zh:r2,0,,d94d01105425e238fea7f869fe7e36248505e369aa08d0c36042ec245dbfabd4,key_001,1,1,0
key_harmony,1,interactive_runtime_acceptance,,1.0,2,2,0,1.0,,,0.0,success,generated,seraedit_rule_v1,local_rule,1,0,zh,35.44099999999162,1,1.0,1.0,1,0,f1987c762cc7f6dc2fbe773219d66a72a962ba90744a444ef1a52a6c6fe4322c,1,adc8ad47747db6d18300400763ececcaebc9209c95968b5053d714696aa9e70f,1,35.44099999999162,0.0,experiments/runtime_acceptance_core_bilingual_r3_v4_20260826/raw_outputs/key_001__zh__r3.json,0,0,0,0,0,3,local_first,key_001:zh:r3,0,,d94d01105425e238fea7f869fe7e36248505e369aa08d0c36042ec245dbfabd4,key_001,1,1,0
key_harmony,1,interactive_runtime_acceptance,,1.0,2,2,0,1.0,,,0.0,success,generated,seraedit_rule_v1,local_rule,1,0,en,33.051599999453174,1,1.0,1.0,1,0,55e6f3019f87d95153cdae34c32cbb06ad1495d705d14324e7dadcd2bef79cd5,1,d6247fb16d501f5a2557fe3efea7050e6d343d778400f510cde68b5644db62f2,1,33.051599999453174,0.0,experiments/runtime_acceptance_core_bilingual_r3_v4_20260826/raw_outputs/key_002__en__r1.json,0,0,0,0,0,1,local_first,key_002:en:r1,0,,89c4a9a2b2732cf4f9becf692e2eabfd173e120fc1184795a77390290b8f59a9,key_002,1,1,0
key_harmony,1,interactive_runtime_acceptance,,1.0,2,2,0,1.0,,,0.0,success,generated,seraedit_rule_v1,local_rule,1,0,en,33.024899999873014,1,1.0,1.0,1,0,55e6f3019f87d95153cdae34c32cbb06ad1495d705d14324e7dadcd2bef79cd5,1,d6247fb16d501f5a2557fe3efea7050e6d343d778400f510cde68b5644db62f2,1,33.024899999873014,0.0,experiments/runtime_acceptance_core_bilingual_r3_v4_20260826/raw_outputs/key_002__en__r2.json,0,0,0,0,0,2,local_first,key_002:en:r2,0,,89c4a9a2b2732cf4f9becf692e2eabfd173e120fc1184795a77390290b8f59a9,key_002,1,1,0
key_harmony,1,interactive_runtime_acceptance,,1.0,2,2,0,1.0,,,0.0,success,generated,seraedit_rule_v1,local_rule,1,0,en,33.23420000015176,1,1.0,1.0,1,0,55e6f3019f87d95153cdae34c32cbb06ad1495d705d14324e7dadcd2bef79cd5,1,d6247fb16d501f5a2557fe3efea7050e6d343d778400f510cde68b5644db62f2,1,33.23420000015176,0.0,experiments/runtime_acceptance_core_bilingual_r3_v4_20260826/raw_outputs/key_002__en__r3.json,0,0,0,0,0,3,local_first,key_002:en:r3,0,,89c4a9a2b2732cf4f9becf692e2eabfd173e120fc1184795a77390290b8f59a9,key_002,1,1,0
key_harmony,1,interactive_runtime_acceptance,,1.0,2,2,0,1.0,,,0.0,success,generated,seraedit_rule_v1,local_rule,1,0,zh,34.80610000042361,1,1.0,1.0,1,0,e97922fcec27c33bd78b8138b69fd1f297ba0eabe7e50aa12a523dc2c930f14c,1,d6247fb16d501f5a2557fe3efea7050e6d343d778400f510cde68b5644db62f2,1,34.80610000042361,0.0,experiments/runtime_acceptance_core_bilingual_r3_v4_20260826/raw_outputs/key_002__zh__r1.json,0,0,0,0,0,1,local_first,key_002:zh:r1,0,,89c4a9a2b2732cf4f9becf692e2eabfd173e120fc1184795a77390290b8f59a9,key_002,1,1,0
key_harmony,1,interactive_runtime_acceptance,,1.0,2,2,0,1.0,,,0.0,success,generated,seraedit_rule_v1,local_rule,1,0,zh,35.153599999830476,1,1.0,1.0,1,0,e97922fcec27c33bd78b8138b69fd1f297ba0eabe7e50aa12a523dc2c930f14c,1,d6247fb16d501f5a2557fe3efea7050e6d343d778400f510cde68b5644db62f2,1,35.153599999830476,0.0,experiments/runtime_acceptance_core_bilingual_r3_v4_20260826/raw_outputs/key_002__zh__r2.json,0,0,0,0,0,2,local_first,key_002:zh:r2,0,,89c4a9a2b2732cf4f9becf692e2eabfd173e120fc1184795a77390290b8f59a9,key_002,1,1,0
key_harmony,1,interactive_runtime_acceptance,,1.0,2,2,0,1.0,,,0.0,success,generated,seraedit_rule_v1,local_rule,1,0,zh,33.118800000011106,1,1.0,1.0,1,0,e97922fcec27c33bd78b8138b69fd1f297ba0eabe7e50aa12a523dc2c930f14c,1,d6247fb16d501f5a2557fe3efea7050e6d343d778400f510cde68b5644db62f2,1,33.118800000011106,0.0,experiments/runtime_acceptance_core_bilingual_r3_v4_20260826/raw_outputs/key_002__zh__r3.json,0,0,0,0,0,3,local_first,key_002:zh:r3,0,,89c4a9a2b2732cf4f9becf692e2eabfd173e120fc1184795a77390290b8f59a9,key_002,1,1,0
key_harmony,1,interactive_runtime_acceptance,,1.0,2,2,0,1.0,,,0.0,success,generated,seraedit_rule_v1,local_rule,1,0,en,34.56399999959103,1,1.0,1.0,1,0,0be2256688bcb643a4cb1930ce26c392b174d07e232ff5d9c559d533022508f1,1,8b8c5421c3943d55952ac4540deb624a90ce0aba3e965e1fe4be167e1ac67690,1,34.56399999959103,0.0,experiments/runtime_acceptance_core_bilingual_r3_v4_20260826/raw_outputs/key_003__en__r1.json,0,0,0,0,0,1,local_first,key_003:en:r1,0,,126c37da9e623040222addd9299ba1df1f6269b0f69f854831198c4b4edc3317,key_003,1,1,0
key_harmony,1,interactive_runtime_acceptance,,1.0,2,2,0,1.0,,,0.0,success,generated,seraedit_rule_v1,local_rule,1,0,en,38.07090000009339,1,1.0,1.0,1,0,0be2256688bcb643a4cb1930ce26c392b174d07e232ff5d9c559d533022508f1,1,8b8c5421c3943d55952ac4540deb624a90ce0aba3e965e1fe4be167e1ac67690,1,38.07090000009339,0.0,experiments/runtime_acceptance_core_bilingual_r3_v4_20260826/raw_outputs/key_003__en__r2.json,0,0,0,0,0,2,local_first,key_003:en:r2,0,,126c37da9e623040222addd9299ba1df1f6269b0f69f854831198c4b4edc3317,key_003,1,1,0
key_harmony,1,interactive_runtime_acceptance,,1.0,2,2,0,1.0,,,0.0,success,generated,seraedit_rule_v1,local_rule,1,0,en,54.10719999963476,1,1.0,1.0,1,0,0be2256688bcb643a4cb1930ce26c392b174d07e232ff5d9c559d533022508f1,1,8b8c5421c3943d55952ac4540deb624a90ce0aba3e965e1fe4be167e1ac67690,1,54.10719999963476,0.0,experiments/runtime_acceptance_core_bilingual_r3_v4_20260826/raw_outputs/key_003__en__r3.json,0,0,0,0,0,3,local_first,key_003:en:r3,0,,126c37da9e623040222addd9299ba1df1f6269b0f69f854831198c4b4edc3317,key_003,1,1,0
key_harmony,1,interactive_runtime_acceptance,,1.0,2,2,0,1.0,,,0.0,success,generated,seraedit_rule_v1,local_rule,1,0,zh,34.27079999983107,1,1.0,1.0,1,0,fd2985c517575944998c61014e95a3558a3edb7b486dc9eaeddb95f5bc984bd9,1,8b8c5421c3943d55952ac4540deb624a90ce0aba3e965e1fe4be167e1ac67690,1,34.27079999983107,0.0,experiments/runtime_acceptance_core_bilingual_r3_v4_20260826/raw_outputs/key_003__zh__r1.json,0,0,0,0,0,1,local_first,key_003:zh:r1,0,,126c37da9e623040222addd9299ba1df1f6269b0f69f854831198c4b4edc3317,key_003,1,1,0
key_harmony,1,interactive_runtime_acceptance,,1.0,2,2,0,1.0,,,0.0,success,generated,seraedit_rule_v1,local_rule,1,0,zh,32.23300000081508,1,1.0,1.0,1,0,fd2985c517575944998c61014e95a3558a3edb7b486dc9eaeddb95f5bc984bd9,1,8b8c5421c3943d55952ac4540deb624a90ce0aba3e965e1fe4be167e1ac67690,1,32.23300000081508,0.0,experiments/runtime_acceptance_core_bilingual_r3_v4_20260826/raw_outputs/key_003__zh__r2.json,0,0,0,0,0,2,local_first,key_003:zh:r2,0,,126c37da9e623040222addd9299ba1df1f6269b0f69f854831198c4b4edc3317,key_003,1,1,0
key_harmony,1,interactive_runtime_acceptance,,1.0,2,2,0,1.0,,,0.0,success,generated,seraedit_rule_v1,local_rule,1,0,zh,42.17710000011721,1,1.0,1.0,1,0,fd2985c517575944998c61014e95a3558a3edb7b486dc9eaeddb95f5bc984bd9,1,8b8c5421c3943d55952ac4540deb624a90ce0aba3e965e1fe4be167e1ac67690,1,42.17710000011721,0.0,experiments/runtime_acceptance_core_bilingual_r3_v4_20260826/raw_outputs/key_003__zh__r3.json,0,0,0,0,0,3,local_first,key_003:zh:r3,0,,126c37da9e623040222addd9299ba1df1f6269b0f69f854831198c4b4edc3317,key_003,1,1,0
key_harmony,1,interactive_runtime_acceptance,,1.0,2,2,0,1.0,,,0.0,success,generated,seraedit_rule_v1,local_rule,1,0,en,35.81529999974009,1,1.0,1.0,1,0,f12560fc501b635ac9c36a542585aedb0f6cf815f8feed94db05b93cb58d4fb8,1,3458bc6c47bc8c88d797cf96974ebcbd31ab39f21f2836f166b1423389a8ea0b,1,35.81529999974009,0.0,experiments/runtime_acceptance_core_bilingual_r3_v4_20260826/raw_outputs/key_004__en__r1.json,0,0,0,0,0,1,local_first,key_004:en:r1,0,,5c3ffe49b31fab706230606c2c9a3509ebd83dff3a8f7122b190f49662bae39e,key_004,1,1,0
key_harmony,1,interactive_runtime_acceptance,,1.0,2,2,0,1.0,,,0.0,success,generated,seraedit_rule_v1,local_rule,1,0,en,34.11699999924167,1,1.0,1.0,1,0,f12560fc501b635ac9c36a542585aedb0f6cf815f8feed94db05b93cb58d4fb8,1,3458bc6c47bc8c88d797cf96974ebcbd31ab39f21f2836f166b1423389a8ea0b,1,34.11699999924167,0.0,experiments/runtime_acceptance_core_bilingual_r3_v4_20260826/raw_outputs/key_004__en__r2.json,0,0,0,0,0,2,local_first,key_004:en:r2,0,,5c3ffe49b31fab706230606c2c9a3509ebd83dff3a8f7122b190f49662bae39e,key_004,1,1,0
key_harmony,1,interactive_runtime_acceptance,,1.0,2,2,0,1.0,,,0.0,success,generated,seraedit_rule_v1,local_rule,1,0,en,33.83810000013909,1,1.0,1.0,1,0,f12560fc501b635ac9c36a542585aedb0f6cf815f8feed94db05b93cb58d4fb8,1,3458bc6c47bc8c88d797cf96974ebcbd31ab39f21f2836f166b1423389a8ea0b,1,33.83810000013909,0.0,experiments/runtime_acceptance_core_bilingual_r3_v4_20260826/raw_outputs/key_004__en__r3.json,0,0,0,0,0,3,local_first,key_004:en:r3,0,,5c3ffe49b31fab706230606c2c9a3509ebd83dff3a8f7122b190f49662bae39e,key_004,1,1,0
key_harmony,1,interactive_runtime_acceptance,,1.0,2,2,0,1.0,,,0.0,success,generated,seraedit_rule_v1,local_rule,1,0,zh,33.42560000055528,1,1.0,1.0,1,0,bb67b699f6ef53d1c0ca6ab73bcf8a7724e26c8a7a088a7243b22766d4e8c767,1,3458bc6c47bc8c88d797cf96974ebcbd31ab39f21f2836f166b1423389a8ea0b,1,33.42560000055528,0.0,experiments/runtime_acceptance_core_bilingual_r3_v4_20260826/raw_outputs/key_004__zh__r1.json,0,0,0,0,0,1,local_first,key_004:zh:r1,0,,5c3ffe49b31fab706230606c2c9a3509ebd83dff3a8f7122b190f49662bae39e,key_004,1,1,0
key_harmony,1,interactive_runtime_acceptance,,1.0,2,2,0,1.0,,,0.0,success,generated,seraedit_rule_v1,local_rule,1,0,zh,33.4474000001137,1,1.0,1.0,1,0,bb67b699f6ef53d1c0ca6ab73bcf8a7724e26c8a7a088a7243b22766d4e8c767,1,3458bc6c47bc8c88d797cf96974ebcbd31ab39f21f2836f166b1423389a8ea0b,1,33.4474000001137,0.0,experiments/runtime_acceptance_core_bilingual_r3_v4_20260826/raw_outputs/key_004__zh__r2.json,0,0,0,0,0,2,local_first,key_004:zh:r2,0,,5c3ffe49b31fab706230606c2c9a3509ebd83dff3a8f7122b190f49662bae39e,key_004,1,1,0
key_harmony,1,interactive_runtime_acceptance,,1.0,2,2,0,1.0,,,0.0,success,generated,seraedit_rule_v1,local_rule,1,0,zh,52.5777000002563,1,1.0,1.0,1,0,bb67b699f6ef53d1c0ca6ab73bcf8a7724e26c8a7a088a7243b22766d4e8c767,1,3458bc6c47bc8c88d797cf96974ebcbd31ab39f21f2836f166b1423389a8ea0b,1,52.5777000002563,0.0,experiments/runtime_acceptance_core_bilingual_r3_v4_20260826/raw_outputs/key_004__zh__r3.json,0,0,0,0,0,3,local_first,key_004:zh:r3,0,,5c3ffe49b31fab706230606c2c9a3509ebd83dff3a8f7122b190f49662bae39e,key_004,1,1,0
key_harmony,1,interactive_runtime_acceptance,,1.0,2,2,0,1.0,,,0.0,success,generated,seraedit_rule_v1,local_rule,1,0,en,34.47070000038366,1,1.0,1.0,1,0,fe99d30ddf1264a5ee9585fd655a5909fcc7a86a0d3acc6da07a2d9c38cbc4d4,1,5413d94bbfade6e2ab4c4b2b76de9490067b76e86ed15487e53bb1b1ede3aecf,1,34.47070000038366,0.0,experiments/runtime_acceptance_core_bilingual_r3_v4_20260826/raw_outputs/key_005__en__r1.json,0,0,0,0,0,1,local_first,key_005:en:r1,0,,7f53b49beb046328de6e95adf77af3e098f235c5de1ad880340f7e9cc80e4bee,key_005,1,1,0
key_harmony,1,interactive_runtime_acceptance,,1.0,2,2,0,1.0,,,0.0,success,generated,seraedit_rule_v1,local_rule,1,0,en,35.91409999989992,1,1.0,1.0,1,0,fe99d30ddf1264a5ee9585fd655a5909fcc7a86a0d3acc6da07a2d9c38cbc4d4,1,5413d94bbfade6e2ab4c4b2b76de9490067b76e86ed15487e53bb1b1ede3aecf,1,35.91409999989992,0.0,experiments/runtime_acceptance_core_bilingual_r3_v4_20260826/raw_outputs/key_005__en__r2.json,0,0,0,0,0,2,local_first,key_005:en:r2,0,,7f53b49beb046328de6e95adf77af3e098f235c5de1ad880340f7e9cc80e4bee,key_005,1,1,0
key_harmony,1,interactive_runtime_acceptance,,1.0,2,2,0,1.0,,,0.0,success,generated,seraedit_rule_v1,local_rule,1,0,en,33.710500000779575,1,1.0,1.0,1,0,fe99d30ddf1264a5ee9585fd655a5909fcc7a86a0d3acc6da07a2d9c38cbc4d4,1,5413d94bbfade6e2ab4c4b2b76de9490067b76e86ed15487e53bb1b1ede3aecf,1,33.710500000779575,0.0,experiments/runtime_acceptance_core_bilingual_r3_v4_20260826/raw_outputs/key_005__en__r3.json,0,0,0,0,0,3,local_first,key_005:en:r3,0,,7f53b49beb046328de6e95adf77af3e098f235c5de1ad880340f7e9cc80e4bee,key_005,1,1,0
key_harmony,1,interactive_runtime_acceptance,,1.0,2,2,0,1.0,,,0.0,success,generated,seraedit_rule_v1,local_rule,1,0,zh,35.7904000002236,1,1.0,1.0,1,0,9426318a24696cf4efe79e64580fc614b6526903128fdb869a2e2575c7dece4d,1,5413d94bbfade6e2ab4c4b2b76de9490067b76e86ed15487e53bb1b1ede3aecf,1,35.7904000002236,0.0,experiments/runtime_acceptance_core_bilingual_r3_v4_20260826/raw_outputs/key_005__zh__r1.json,0,0,0,0,0,1,local_first,key_005:zh:r1,0,,7f53b49beb046328de6e95adf77af3e098f235c5de1ad880340f7e9cc80e4bee,key_005,1,1,0
key_harmony,1,interactive_runtime_acceptance,,1.0,2,2,0,1.0,,,0.0,success,generated,seraedit_rule_v1,local_rule,1,0,zh,33.85210000033112,1,1.0,1.0,1,0,9426318a24696cf4efe79e64580fc614b6526903128fdb869a2e2575c7dece4d,1,5413d94bbfade6e2ab4c4b2b76de9490067b76e86ed15487e53bb1b1ede3aecf,1,33.85210000033112,0.0,experiments/runtime_acceptance_core_bilingual_r3_v4_20260826/raw_outputs/key_005__zh__r2.json,0,0,0,0,0,2,local_first,key_005:zh:r2,0,,7f53b49beb046328de6e95adf77af3e098f235c5de1ad880340f7e9cc80e4bee,key_005,1,1,0
key_harmony,1,interactive_runtime_acceptance,,1.0,2,2,0,1.0,,,0.0,success,generated,seraedit_rule_v1,local_rule,1,0,zh,33.5347999998703,1,1.0,1.0,1,0,9426318a24696cf4efe79e64580fc614b6526903128fdb869a2e2575c7dece4d,1,5413d94bbfade6e2ab4c4b2b76de9490067b76e86ed15487e53bb1b1ede3aecf,1,33.5347999998703,0.0,experiments/runtime_acceptance_core_bilingual_r3_v4_20260826/raw_outputs/key_005__zh__r3.json,0,0,0,0,0,3,local_first,key_005:zh:r3,0,,7f53b49beb046328de6e95adf77af3e098f235c5de1ad880340f7e9cc80e4bee,key_005,1,1,0
pitch_transposition,1,interactive_runtime_acceptance,,1.0,2,2,0,1.0,,,0.0,success,generated,seraedit_rule_v1,local_rule,1,0,en,34.735400000499794,1,1.0,1.0,1,0,01208513e6d20a388e1c9f3f9931624f6c1862af9f1e2b214e0afc434ed92b50,1,8900bd2b5555849cc0550476ecdd20da4cca42589788906e4fb837b724fe3b64,1,34.735400000499794,0.0,experiments/runtime_acceptance_core_bilingual_r3_v4_20260826/raw_outputs/pitch_001__en__r1.json,0,0,0,0,0,1,local_first,pitch_001:en:r1,0,,55850cb79717082ee757334ddd402fb6a0094d963d3fcfcd6353fc580a81fc3f,pitch_001,1,1,0
pitch_transposition,1,interactive_runtime_acceptance,,1.0,2,2,0,1.0,,,0.0,success,generated,seraedit_rule_v1,local_rule,1,0,en,35.002899999199144,1,1.0,1.0,1,0,01208513e6d20a388e1c9f3f9931624f6c1862af9f1e2b214e0afc434ed92b50,1,8900bd2b5555849cc0550476ecdd20da4cca42589788906e4fb837b724fe3b64,1,35.002899999199144,0.0,experiments/runtime_acceptance_core_bilingual_r3_v4_20260826/raw_outputs/pitch_001__en__r2.json,0,0,0,0,0,2,local_first,pitch_001:en:r2,0,,55850cb79717082ee757334ddd402fb6a0094d963d3fcfcd6353fc580a81fc3f,pitch_001,1,1,0
pitch_transposition,1,interactive_runtime_acceptance,,1.0,2,2,0,1.0,,,0.0,success,generated,seraedit_rule_v1,local_rule,1,0,en,35.50589999940712,1,1.0,1.0,1,0,01208513e6d20a388e1c9f3f9931624f6c1862af9f1e2b214e0afc434ed92b50,1,8900bd2b5555849cc0550476ecdd20da4cca42589788906e4fb837b724fe3b64,1,35.50589999940712,0.0,experiments/runtime_acceptance_core_bilingual_r3_v4_20260826/raw_outputs/pitch_001__en__r3.json,0,0,0,0,0,3,local_first,pitch_001:en:r3,0,,55850cb79717082ee757334ddd402fb6a0094d963d3fcfcd6353fc580a81fc3f,pitch_001,1,1,0
pitch_transposition,1,interactive_runtime_acceptance,,1.0,2,2,0,1.0,,,0.0,success,generated,seraedit_rule_v1,local_rule,1,0,zh,50.31520000011369,1,1.0,1.0,1,0,49a83dcbb5dad4f51e5633b3db5aec6c6252cd39c9630532de8f9c3f674155b7,1,8900bd2b5555849cc0550476ecdd20da4cca42589788906e4fb837b724fe3b64,1,50.31520000011369,0.0,experiments/runtime_acceptance_core_bilingual_r3_v4_20260826/raw_outputs/pitch_001__zh__r1.json,0,0,0,0,0,1,local_first,pitch_001:zh:r1,0,,55850cb79717082ee757334ddd402fb6a0094d963d3fcfcd6353fc580a81fc3f,pitch_001,1,1,0
pitch_transposition,1,interactive_runtime_acceptance,,1.0,2,2,0,1.0,,,0.0,success,generated,seraedit_rule_v1,local_rule,1,0,zh,37.20229999998992,1,1.0,1.0,1,0,49a83dcbb5dad4f51e5633b3db5aec6c6252cd39c9630532de8f9c3f674155b7,1,8900bd2b5555849cc0550476ecdd20da4cca42589788906e4fb837b724fe3b64,1,37.20229999998992,0.0,experiments/runtime_acceptance_core_bilingual_r3_v4_20260826/raw_outputs/pitch_001__zh__r2.json,0,0,0,0,0,2,local_first,pitch_001:zh:r2,0,,55850cb79717082ee757334ddd402fb6a0094d963d3fcfcd6353fc580a81fc3f,pitch_001,1,1,0
pitch_transposition,1,interactive_runtime_acceptance,,1.0,2,2,0,1.0,,,0.0,success,generated,seraedit_rule_v1,local_rule,1,0,zh,35.799600000245846,1,1.0,1.0,1,0,49a83dcbb5dad4f51e5633b3db5aec6c6252cd39c9630532de8f9c3f674155b7,1,8900bd2b5555849cc0550476ecdd20da4cca42589788906e4fb837b724fe3b64,1,35.799600000245846,0.0,experiments/runtime_acceptance_core_bilingual_r3_v4_20260826/raw_outputs/pitch_001__zh__r3.json,0,0,0,0,0,3,local_first,pitch_001:zh:r3,0,,55850cb79717082ee757334ddd402fb6a0094d963d3fcfcd6353fc580a81fc3f,pitch_001,1,1,0
pitch_transposition,1,interactive_runtime_acceptance,,1.0,2,2,0,1.0,,,0.0,success,generated,seraedit_rule_v1,local_rule,1,0,en,34.1206000002785,1,1.0,1.0,1,0,fd4d291d526e71873f74c88fc56cb8804b8a0d91490c1b71fc0b5c9d7616c403,1,0223a93a9273cfbd899779bb6cc393433a567d5d5eb4f64a36d5a4827fde6cc0,1,34.1206000002785,0.0,experiments/runtime_acceptance_core_bilingual_r3_v4_20260826/raw_outputs/pitch_002__en__r1.json,0,0,0,0,0,1,local_first,pitch_002:en:r1,0,,55850cb79717082ee757334ddd402fb6a0094d963d3fcfcd6353fc580a81fc3f,pitch_002,1,1,0
pitch_transposition,1,interactive_runtime_acceptance,,1.0,2,2,0,1.0,,,0.0,success,generated,seraedit_rule_v1,local_rule,1,0,en,34.488799999962794,1,1.0,1.0,1,0,fd4d291d526e71873f74c88fc56cb8804b8a0d91490c1b71fc0b5c9d7616c403,1,0223a93a9273cfbd899779bb6cc393433a567d5d5eb4f64a36d5a4827fde6cc0,1,34.488799999962794,0.0,experiments/runtime_acceptance_core_bilingual_r3_v4_20260826/raw_outputs/pitch_002__en__r2.json,0,0,0,0,0,2,local_first,pitch_002:en:r2,0,,55850cb79717082ee757334ddd402fb6a0094d963d3fcfcd6353fc580a81fc3f,pitch_002,1,1,0
pitch_transposition,1,interactive_runtime_acceptance,,1.0,2,2,0,1.0,,,0.0,success,generated,seraedit_rule_v1,local_rule,1,0,en,35.14400000040041,1,1.0,1.0,1,0,fd4d291d526e71873f74c88fc56cb8804b8a0d91490c1b71fc0b5c9d7616c403,1,0223a93a9273cfbd899779bb6cc393433a567d5d5eb4f64a36d5a4827fde6cc0,1,35.14400000040041,0.0,experiments/runtime_acceptance_core_bilingual_r3_v4_20260826/raw_outputs/pitch_002__en__r3.json,0,0,0,0,0,3,local_first,pitch_002:en:r3,0,,55850cb79717082ee757334ddd402fb6a0094d963d3fcfcd6353fc580a81fc3f,pitch_002,1,1,0
pitch_transposition,1,interactive_runtime_acceptance,,1.0,2,2,0,1.0,,,0.0,success,generated,seraedit_rule_v1,local_rule,1,0,zh,35.09500000018306,1,1.0,1.0,1,0,f38b7872a6c21e8983ef6298f8d9cb47cc83442ca35c7f9d6b7d0d4535075d66,1,0223a93a9273cfbd899779bb6cc393433a567d5d5eb4f64a36d5a4827fde6cc0,1,35.09500000018306,0.0,experiments/runtime_acceptance_core_bilingual_r3_v4_20260826/raw_outputs/pitch_002__zh__r1.json,0,0,0,0,0,1,local_first,pitch_002:zh:r1,0,,55850cb79717082ee757334ddd402fb6a0094d963d3fcfcd6353fc580a81fc3f,pitch_002,1,1,0
pitch_transposition,1,interactive_runtime_acceptance,,1.0,2,2,0,1.0,,,0.0,success,generated,seraedit_rule_v1,local_rule,1,0,zh,35.6950000004872,1,1.0,1.0,1,0,f38b7872a6c21e8983ef6298f8d9cb47cc83442ca35c7f9d6b7d0d4535075d66,1,0223a93a9273cfbd899779bb6cc393433a567d5d5eb4f64a36d5a4827fde6cc0,1,35.6950000004872,0.0,experiments/runtime_acceptance_core_bilingual_r3_v4_20260826/raw_outputs/pitch_002__zh__r2.json,0,0,0,0,0,2,local_first,pitch_002:zh:r2,0,,55850cb79717082ee757334ddd402fb6a0094d963d3fcfcd6353fc580a81fc3f,pitch_002,1,1,0
pitch_transposition,1,interactive_runtime_acceptance,,1.0,2,2,0,1.0,,,0.0,success,generated,seraedit_rule_v1,local_rule,1,0,zh,33.98979999928997,1,1.0,1.0,1,0,f38b7872a6c21e8983ef6298f8d9cb47cc83442ca35c7f9d6b7d0d4535075d66,1,0223a93a9273cfbd899779bb6cc393433a567d5d5eb4f64a36d5a4827fde6cc0,1,33.98979999928997,0.0,experiments/runtime_acceptance_core_bilingual_r3_v4_20260826/raw_outputs/pitch_002__zh__r3.json,0,0,0,0,0,3,local_first,pitch_002:zh:r3,0,,55850cb79717082ee757334ddd402fb6a0094d963d3fcfcd6353fc580a81fc3f,pitch_002,1,1,0
pitch_transposition,1,interactive_runtime_acceptance,,1.0,2,2,0,1.0,,,0.0,success,generated,seraedit_rule_v1,local_rule,1,0,en,56.36969999977737,1,1.0,1.0,1,0,c2ea195bb23546ad8ce9c4af66fab76b1ba38c13757efb6c857f16b3a1441afc,1,ac32ea936731ee35e0a6be2915a90fbd35b9a82c5f090590aef785ece8f8c529,1,56.36969999977737,0.0,experiments/runtime_acceptance_core_bilingual_r3_v4_20260826/raw_outputs/pitch_003__en__r1.json,0,0,0,0,0,1,local_first,pitch_003:en:r1,0,,55850cb79717082ee757334ddd402fb6a0094d963d3fcfcd6353fc580a81fc3f,pitch_003,1,1,0
pitch_transposition,1,interactive_runtime_acceptance,,1.0,2,2,0,1.0,,,0.0,success,generated,seraedit_rule_v1,local_rule,1,0,en,37.65870000006544,1,1.0,1.0,1,0,c2ea195bb23546ad8ce9c4af66fab76b1ba38c13757efb6c857f16b3a1441afc,1,ac32ea936731ee35e0a6be2915a90fbd35b9a82c5f090590aef785ece8f8c529,1,37.65870000006544,0.0,experiments/runtime_acceptance_core_bilingual_r3_v4_20260826/raw_outputs/pitch_003__en__r2.json,0,0,0,0,0,2,local_first,pitch_003:en:r2,0,,55850cb79717082ee757334ddd402fb6a0094d963d3fcfcd6353fc580a81fc3f,pitch_003,1,1,0
pitch_transposition,1,interactive_runtime_acceptance,,1.0,2,2,0,1.0,,,0.0,success,generated,seraedit_rule_v1,local_rule,1,0,en,34.9380999996356,1,1.0,1.0,1,0,c2ea195bb23546ad8ce9c4af66fab76b1ba38c13757efb6c857f16b3a1441afc,1,ac32ea936731ee35e0a6be2915a90fbd35b9a82c5f090590aef785ece8f8c529,1,34.9380999996356,0.0,experiments/runtime_acceptance_core_bilingual_r3_v4_20260826/raw_outputs/pitch_003__en__r3.json,0,0,0,0,0,3,local_first,pitch_003:en:r3,0,,55850cb79717082ee757334ddd402fb6a0094d963d3fcfcd6353fc580a81fc3f,pitch_003,1,1,0
pitch_transposition,1,interactive_runtime_acceptance,,1.0,2,2,0,1.0,,,0.0,success,generated,seraedit_rule_v1,local_rule,1,0,zh,34.40870000031282,1,1.0,1.0,1,0,a4eddfea6448c29d29ce088a7912e40891f09bb35fc51207a9cf02f5dfff579c,1,ac32ea936731ee35e0a6be2915a90fbd35b9a82c5f090590aef785ece8f8c529,1,34.40870000031282,0.0,experiments/runtime_acceptance_core_bilingual_r3_v4_20260826/raw_outputs/pitch_003__zh__r1.json,0,0,0,0,0,1,local_first,pitch_003:zh:r1,0,,55850cb79717082ee757334ddd402fb6a0094d963d3fcfcd6353fc580a81fc3f,pitch_003,1,1,0
pitch_transposition,1,interactive_runtime_acceptance,,1.0,2,2,0,1.0,,,0.0,success,generated,seraedit_rule_v1,local_rule,1,0,zh,34.08279999985098,1,1.0,1.0,1,0,a4eddfea6448c29d29ce088a7912e40891f09bb35fc51207a9cf02f5dfff579c,1,ac32ea936731ee35e0a6be2915a90fbd35b9a82c5f090590aef785ece8f8c529,1,34.08279999985098,0.0,experiments/runtime_acceptance_core_bilingual_r3_v4_20260826/raw_outputs/pitch_003__zh__r2.json,0,0,0,0,0,2,local_first,pitch_003:zh:r2,0,,55850cb79717082ee757334ddd402fb6a0094d963d3fcfcd6353fc580a81fc3f,pitch_003,1,1,0
pitch_transposition,1,interactive_runtime_acceptance,,1.0,2,2,0,1.0,,,0.0,success,generated,seraedit_rule_v1,local_rule,1,0,zh,34.67550000004849,1,1.0,1.0,1,0,a4eddfea6448c29d29ce088a7912e40891f09bb35fc51207a9cf02f5dfff579c,1,ac32ea936731ee35e0a6be2915a90fbd35b9a82c5f090590aef785ece8f8c529,1,34.67550000004849,0.0,experiments/runtime_acceptance_core_bilingual_r3_v4_20260826/raw_outputs/pitch_003__zh__r3.json,0,0,0,0,0,3,local_first,pitch_003:zh:r3,0,,55850cb79717082ee757334ddd402fb6a0094d963d3fcfcd6353fc580a81fc3f,pitch_003,1,1,0
pitch_transposition,1,interactive_runtime_acceptance,,1.0,2,2,0,1.0,,,0.0,success,generated,seraedit_rule_v1,local_rule,1,0,en,34.02470000037283,1,1.0,1.0,1,0,f8702a28a4be091d8381edc417f065c61d3b5e815fb808e455b3858f7a5db6bd,1,5fa54db56c56dadb805cb93fa5fb2ad27a3a3c1643318cc98299cda116d19c97,1,34.02470000037283,0.0,experiments/runtime_acceptance_core_bilingual_r3_v4_20260826/raw_outputs/pitch_004__en__r1.json,0,0,0,0,0,1,local_first,pitch_004:en:r1,0,,55850cb79717082ee757334ddd402fb6a0094d963d3fcfcd6353fc580a81fc3f,pitch_004,1,1,0
pitch_transposition,1,interactive_runtime_acceptance,,1.0,2,2,0,1.0,,,0.0,success,generated,seraedit_rule_v1,local_rule,1,0,en,35.20769999977347,1,1.0,1.0,1,0,f8702a28a4be091d8381edc417f065c61d3b5e815fb808e455b3858f7a5db6bd,1,5fa54db56c56dadb805cb93fa5fb2ad27a3a3c1643318cc98299cda116d19c97,1,35.20769999977347,0.0,experiments/runtime_acceptance_core_bilingual_r3_v4_20260826/raw_outputs/pitch_004__en__r2.json,0,0,0,0,0,2,local_first,pitch_004:en:r2,0,,55850cb79717082ee757334ddd402fb6a0094d963d3fcfcd6353fc580a81fc3f,pitch_004,1,1,0
pitch_transposition,1,interactive_runtime_acceptance,,1.0,2,2,0,1.0,,,0.0,success,generated,seraedit_rule_v1,local_rule,1,0,en,33.91349999947124,1,1.0,1.0,1,0,f8702a28a4be091d8381edc417f065c61d3b5e815fb808e455b3858f7a5db6bd,1,5fa54db56c56dadb805cb93fa5fb2ad27a3a3c1643318cc98299cda116d19c97,1,33.91349999947124,0.0,experiments/runtime_acceptance_core_bilingual_r3_v4_20260826/raw_outputs/pitch_004__en__r3.json,0,0,0,0,0,3,local_first,pitch_004:en:r3,0,,55850cb79717082ee757334ddd402fb6a0094d963d3fcfcd6353fc580a81fc3f,pitch_004,1,1,0
pitch_transposition,1,interactive_runtime_acceptance,,1.0,2,2,0,1.0,,,0.0,success,generated,seraedit_rule_v1,local_rule,1,0,zh,34.68989999964833,1,1.0,1.0,1,0,ded3142588fb3c79cfc86ce8e657a82f5888ff32a1dd4ea3202f7559fc870f60,1,5fa54db56c56dadb805cb93fa5fb2ad27a3a3c1643318cc98299cda116d19c97,1,34.68989999964833,0.0,experiments/runtime_acceptance_core_bilingual_r3_v4_20260826/raw_outputs/pitch_004__zh__r1.json,0,0,0,0,0,1,local_first,pitch_004:zh:r1,0,,55850cb79717082ee757334ddd402fb6a0094d963d3fcfcd6353fc580a81fc3f,pitch_004,1,1,0
pitch_transposition,1,interactive_runtime_acceptance,,1.0,2,2,0,1.0,,,0.0,success,generated,seraedit_rule_v1,local_rule,1,0,zh,50.9901000004902,1,1.0,1.0,1,0,ded3142588fb3c79cfc86ce8e657a82f5888ff32a1dd4ea3202f7559fc870f60,1,5fa54db56c56dadb805cb93fa5fb2ad27a3a3c1643318cc98299cda116d19c97,1,50.9901000004902,0.0,experiments/runtime_acceptance_core_bilingual_r3_v4_20260826/raw_outputs/pitch_004__zh__r2.json,0,0,0,0,0,2,local_first,pitch_004:zh:r2,0,,55850cb79717082ee757334ddd402fb6a0094d963d3fcfcd6353fc580a81fc3f,pitch_004,1,1,0
pitch_transposition,1,interactive_runtime_acceptance,,1.0,2,2,0,1.0,,,0.0,success,generated,seraedit_rule_v1,local_rule,1,0,zh,36.26619999977265,1,1.0,1.0,1,0,ded3142588fb3c79cfc86ce8e657a82f5888ff32a1dd4ea3202f7559fc870f60,1,5fa54db56c56dadb805cb93fa5fb2ad27a3a3c1643318cc98299cda116d19c97,1,36.26619999977265,0.0,experiments/runtime_acceptance_core_bilingual_r3_v4_20260826/raw_outputs/pitch_004__zh__r3.json,0,0,0,0,0,3,local_first,pitch_004:zh:r3,0,,55850cb79717082ee757334ddd402fb6a0094d963d3fcfcd6353fc580a81fc3f,pitch_004,1,1,0
pitch_transposition,1,interactive_runtime_acceptance,,1.0,2,2,0,1.0,,,0.0,success,generated,seraedit_rule_v1,local_rule,1,0,en,36.70010000041657,1,1.0,1.0,1,0,26e4e60e88a272171c76a6ba96c28e1cf1462ff11f27f9d2f9846505488cf2eb,1,081b48bd422e6a0ccca390bf55641fed9c8ac59dc64dae3f8f412f5b64f28e52,1,36.70010000041657,0.0,experiments/runtime_acceptance_core_bilingual_r3_v4_20260826/raw_outputs/pitch_005__en__r1.json,0,0,0,0,0,1,local_first,pitch_005:en:r1,0,,55850cb79717082ee757334ddd402fb6a0094d963d3fcfcd6353fc580a81fc3f,pitch_005,1,1,0
pitch_transposition,1,interactive_runtime_acceptance,,1.0,2,2,0,1.0,,,0.0,success,generated,seraedit_rule_v1,local_rule,1,0,en,38.14600000077917,1,1.0,1.0,1,0,26e4e60e88a272171c76a6ba96c28e1cf1462ff11f27f9d2f9846505488cf2eb,1,081b48bd422e6a0ccca390bf55641fed9c8ac59dc64dae3f8f412f5b64f28e52,1,38.14600000077917,0.0,experiments/runtime_acceptance_core_bilingual_r3_v4_20260826/raw_outputs/pitch_005__en__r2.json,0,0,0,0,0,2,local_first,pitch_005:en:r2,0,,55850cb79717082ee757334ddd402fb6a0094d963d3fcfcd6353fc580a81fc3f,pitch_005,1,1,0
pitch_transposition,1,interactive_runtime_acceptance,,1.0,2,2,0,1.0,,,0.0,success,generated,seraedit_rule_v1,local_rule,1,0,en,35.072800000307325,1,1.0,1.0,1,0,26e4e60e88a272171c76a6ba96c28e1cf1462ff11f27f9d2f9846505488cf2eb,1,081b48bd422e6a0ccca390bf55641fed9c8ac59dc64dae3f8f412f5b64f28e52,1,35.072800000307325,0.0,experiments/runtime_acceptance_core_bilingual_r3_v4_20260826/raw_outputs/pitch_005__en__r3.json,0,0,0,0,0,3,local_first,pitch_005:en:r3,0,,55850cb79717082ee757334ddd402fb6a0094d963d3fcfcd6353fc580a81fc3f,pitch_005,1,1,0
pitch_transposition,1,interactive_runtime_acceptance,,1.0,2,2,0,1.0,,,0.0,success,generated,seraedit_rule_v1,local_rule,1,0,zh,42.58469999967929,1,1.0,1.0,1,0,ebe65b21d28c81a4514d06253d132bc75c2f37e17f41ef138016fe323f937b2c,1,081b48bd422e6a0ccca390bf55641fed9c8ac59dc64dae3f8f412f5b64f28e52,1,42.58469999967929,0.0,experiments/runtime_acceptance_core_bilingual_r3_v4_20260826/raw_outputs/pitch_005__zh__r1.json,0,0,0,0,0,1,local_first,pitch_005:zh:r1,0,,55850cb79717082ee757334ddd402fb6a0094d963d3fcfcd6353fc580a81fc3f,pitch_005,1,1,0
pitch_transposition,1,interactive_runtime_acceptance,,1.0,2,2,0,1.0,,,0.0,success,generated,seraedit_rule_v1,local_rule,1,0,zh,37.3356000000058,1,1.0,1.0,1,0,ebe65b21d28c81a4514d06253d132bc75c2f37e17f41ef138016fe323f937b2c,1,081b48bd422e6a0ccca390bf55641fed9c8ac59dc64dae3f8f412f5b64f28e52,1,37.3356000000058,0.0,experiments/runtime_acceptance_core_bilingual_r3_v4_20260826/raw_outputs/pitch_005__zh__r2.json,0,0,0,0,0,2,local_first,pitch_005:zh:r2,0,,55850cb79717082ee757334ddd402fb6a0094d963d3fcfcd6353fc580a81fc3f,pitch_005,1,1,0
pitch_transposition,1,interactive_runtime_acceptance,,1.0,2,2,0,1.0,,,0.0,success,generated,seraedit_rule_v1,local_rule,1,0,zh,37.49169999991864,1,1.0,1.0,1,0,ebe65b21d28c81a4514d06253d132bc75c2f37e17f41ef138016fe323f937b2c,1,081b48bd422e6a0ccca390bf55641fed9c8ac59dc64dae3f8f412f5b64f28e52,1,37.49169999991864,0.0,experiments/runtime_acceptance_core_bilingual_r3_v4_20260826/raw_outputs/pitch_005__zh__r3.json,0,0,0,0,0,3,local_first,pitch_005:zh:r3,0,,55850cb79717082ee757334ddd402fb6a0094d963d3fcfcd6353fc580a81fc3f,pitch_005,1,1,0
rhythm_duration,1,interactive_runtime_acceptance,,1.0,2,2,0,1.0,,,0.0,success,generated,seraedit_rule_v1,local_rule,1,0,en,34.39240000079735,1,1.0,1.0,1,0,668b04fef3db4b7cf382d5d421cdf2182960a37fa8ef16b5d0cd0463663afbd1,1,4375ea0269003382cae538b4145d469b342c34f5f33f7f4d3024be376c380522,1,34.39240000079735,0.0,experiments/runtime_acceptance_core_bilingual_r3_v4_20260826/raw_outputs/rhythm_001__en__r1.json,0,0,0,0,0,1,local_first,rhythm_001:en:r1,0,,fc645ac691cb52609ddd2375ef7644635e38267ccaf0161519e98b9c77007719,rhythm_001,1,1,0
rhythm_duration,1,interactive_runtime_acceptance,,1.0,2,2,0,1.0,,,0.0,success,generated,seraedit_rule_v1,local_rule,1,0,en,54.704299999684736,1,1.0,1.0,1,0,668b04fef3db4b7cf382d5d421cdf2182960a37fa8ef16b5d0cd0463663afbd1,1,4375ea0269003382cae538b4145d469b342c34f5f33f7f4d3024be376c380522,1,54.704299999684736,0.0,experiments/runtime_acceptance_core_bilingual_r3_v4_20260826/raw_outputs/rhythm_001__en__r2.json,0,0,0,0,0,2,local_first,rhythm_001:en:r2,0,,fc645ac691cb52609ddd2375ef7644635e38267ccaf0161519e98b9c77007719,rhythm_001,1,1,0
rhythm_duration,1,interactive_runtime_acceptance,,1.0,2,2,0,1.0,,,0.0,success,generated,seraedit_rule_v1,local_rule,1,0,en,34.740099999908125,1,1.0,1.0,1,0,668b04fef3db4b7cf382d5d421cdf2182960a37fa8ef16b5d0cd0463663afbd1,1,4375ea0269003382cae538b4145d469b342c34f5f33f7f4d3024be376c380522,1,34.740099999908125,0.0,experiments/runtime_acceptance_core_bilingual_r3_v4_20260826/raw_outputs/rhythm_001__en__r3.json,0,0,0,0,0,3,local_first,rhythm_001:en:r3,0,,fc645ac691cb52609ddd2375ef7644635e38267ccaf0161519e98b9c77007719,rhythm_001,1,1,0
rhythm_duration,1,interactive_runtime_acceptance,,1.0,2,2,0,1.0,,,0.0,success,generated,seraedit_rule_v1,local_rule,1,0,zh,36.72850000020844,1,1.0,1.0,1,0,3d3c62f6d3e27c503de793b3ec7f2f81f4f9ad0570d6267e270c16758dfd74a9,1,4375ea0269003382cae538b4145d469b342c34f5f33f7f4d3024be376c380522,1,36.72850000020844,0.0,experiments/runtime_acceptance_core_bilingual_r3_v4_20260826/raw_outputs/rhythm_001__zh__r1.json,0,0,0,0,0,1,local_first,rhythm_001:zh:r1,0,,fc645ac691cb52609ddd2375ef7644635e38267ccaf0161519e98b9c77007719,rhythm_001,1,1,0
rhythm_duration,1,interactive_runtime_acceptance,,1.0,2,2,0,1.0,,,0.0,success,generated,seraedit_rule_v1,local_rule,1,0,zh,34.16910000032658,1,1.0,1.0,1,0,3d3c62f6d3e27c503de793b3ec7f2f81f4f9ad0570d6267e270c16758dfd74a9,1,4375ea0269003382cae538b4145d469b342c34f5f33f7f4d3024be376c380522,1,34.16910000032658,0.0,experiments/runtime_acceptance_core_bilingual_r3_v4_20260826/raw_outputs/rhythm_001__zh__r2.json,0,0,0,0,0,2,local_first,rhythm_001:zh:r2,0,,fc645ac691cb52609ddd2375ef7644635e38267ccaf0161519e98b9c77007719,rhythm_001,1,1,0
rhythm_duration,1,interactive_runtime_acceptance,,1.0,2,2,0,1.0,,,0.0,success,generated,seraedit_rule_v1,local_rule,1,0,zh,36.13930000028631,1,1.0,1.0,1,0,3d3c62f6d3e27c503de793b3ec7f2f81f4f9ad0570d6267e270c16758dfd74a9,1,4375ea0269003382cae538b4145d469b342c34f5f33f7f4d3024be376c380522,1,36.13930000028631,0.0,experiments/runtime_acceptance_core_bilingual_r3_v4_20260826/raw_outputs/rhythm_001__zh__r3.json,0,0,0,0,0,3,local_first,rhythm_001:zh:r3,0,,fc645ac691cb52609ddd2375ef7644635e38267ccaf0161519e98b9c77007719,rhythm_001,1,1,0
rhythm_duration,1,interactive_runtime_acceptance,,1.0,2,2,0,1.0,,,0.0,success,generated,seraedit_rule_v1,local_rule,1,0,en,34.717100000307255,1,1.0,1.0,1,0,3767c6267c6bc492327496a5f1aba61b425ac0edc90a159231af193b9b8e61cb,1,0ce84ed0478428442328e400359cb7ae72e86be82ce0819eff2b2fcf81181a1f,1,34.717100000307255,0.0,experiments/runtime_acceptance_core_bilingual_r3_v4_20260826/raw_outputs/rhythm_002__en__r1.json,0,0,0,0,0,1,local_first,rhythm_002:en:r1,0,,fc645ac691cb52609ddd2375ef7644635e38267ccaf0161519e98b9c77007719,rhythm_002,1,1,0
rhythm_duration,1,interactive_runtime_acceptance,,1.0,2,2,0,1.0,,,0.0,success,generated,seraedit_rule_v1,local_rule,1,0,en,36.87600000012026,1,1.0,1.0,1,0,3767c6267c6bc492327496a5f1aba61b425ac0edc90a159231af193b9b8e61cb,1,0ce84ed0478428442328e400359cb7ae72e86be82ce0819eff2b2fcf81181a1f,1,36.87600000012026,0.0,experiments/runtime_acceptance_core_bilingual_r3_v4_20260826/raw_outputs/rhythm_002__en__r2.json,0,0,0,0,0,2,local_first,rhythm_002:en:r2,0,,fc645ac691cb52609ddd2375ef7644635e38267ccaf0161519e98b9c77007719,rhythm_002,1,1,0
rhythm_duration,1,interactive_runtime_acceptance,,1.0,2,2,0,1.0,,,0.0,success,generated,seraedit_rule_v1,local_rule,1,0,en,34.32090000023891,1,1.0,1.0,1,0,3767c6267c6bc492327496a5f1aba61b425ac0edc90a159231af193b9b8e61cb,1,0ce84ed0478428442328e400359cb7ae72e86be82ce0819eff2b2fcf81181a1f,1,34.32090000023891,0.0,experiments/runtime_acceptance_core_bilingual_r3_v4_20260826/raw_outputs/rhythm_002__en__r3.json,0,0,0,0,0,3,local_first,rhythm_002:en:r3,0,,fc645ac691cb52609ddd2375ef7644635e38267ccaf0161519e98b9c77007719,rhythm_002,1,1,0
rhythm_duration,1,interactive_runtime_acceptance,,1.0,2,2,0,1.0,,,0.0,success,generated,seraedit_rule_v1,local_rule,1,0,zh,35.56509999998525,1,1.0,1.0,1,0,cd2bee9fc6da46a343f2e5246caba7f04fe23d601449810b7206b10afb641b25,1,0ce84ed0478428442328e400359cb7ae72e86be82ce0819eff2b2fcf81181a1f,1,35.56509999998525,0.0,experiments/runtime_acceptance_core_bilingual_r3_v4_20260826/raw_outputs/rhythm_002__zh__r1.json,0,0,0,0,0,1,local_first,rhythm_002:zh:r1,0,,fc645ac691cb52609ddd2375ef7644635e38267ccaf0161519e98b9c77007719,rhythm_002,1,1,0
rhythm_duration,1,interactive_runtime_acceptance,,1.0,2,2,0,1.0,,,0.0,success,generated,seraedit_rule_v1,local_rule,1,0,zh,38.23169999941456,1,1.0,1.0,1,0,cd2bee9fc6da46a343f2e5246caba7f04fe23d601449810b7206b10afb641b25,1,0ce84ed0478428442328e400359cb7ae72e86be82ce0819eff2b2fcf81181a1f,1,38.23169999941456,0.0,experiments/runtime_acceptance_core_bilingual_r3_v4_20260826/raw_outputs/rhythm_002__zh__r2.json,0,0,0,0,0,2,local_first,rhythm_002:zh:r2,0,,fc645ac691cb52609ddd2375ef7644635e38267ccaf0161519e98b9c77007719,rhythm_002,1,1,0
rhythm_duration,1,interactive_runtime_acceptance,,1.0,2,2,0,1.0,,,0.0,success,generated,seraedit_rule_v1,local_rule,1,0,zh,51.46020000029239,1,1.0,1.0,1,0,cd2bee9fc6da46a343f2e5246caba7f04fe23d601449810b7206b10afb641b25,1,0ce84ed0478428442328e400359cb7ae72e86be82ce0819eff2b2fcf81181a1f,1,51.46020000029239,0.0,experiments/runtime_acceptance_core_bilingual_r3_v4_20260826/raw_outputs/rhythm_002__zh__r3.json,0,0,0,0,0,3,local_first,rhythm_002:zh:r3,0,,fc645ac691cb52609ddd2375ef7644635e38267ccaf0161519e98b9c77007719,rhythm_002,1,1,0
rhythm_duration,1,interactive_runtime_acceptance,,1.0,2,2,0,1.0,,,0.0,success,generated,seraedit_rule_v1,local_rule,1,0,en,35.093399999823305,1,1.0,1.0,1,0,577eee65ed8fe25182b5ae20a17254fd134d3d871aa8f52fe1d39fdfd4bd91b7,1,ca01d65e0c9f7bbcb871659b0e7cf169bc6e4be53b7999b9ac6e0972ffca12a7,1,35.093399999823305,0.0,experiments/runtime_acceptance_core_bilingual_r3_v4_20260826/raw_outputs/rhythm_003__en__r1.json,0,0,0,0,0,1,local_first,rhythm_003:en:r1,0,,fc645ac691cb52609ddd2375ef7644635e38267ccaf0161519e98b9c77007719,rhythm_003,1,1,0
rhythm_duration,1,interactive_runtime_acceptance,,1.0,2,2,0,1.0,,,0.0,success,generated,seraedit_rule_v1,local_rule,1,0,en,35.38320000006934,1,1.0,1.0,1,0,577eee65ed8fe25182b5ae20a17254fd134d3d871aa8f52fe1d39fdfd4bd91b7,1,ca01d65e0c9f7bbcb871659b0e7cf169bc6e4be53b7999b9ac6e0972ffca12a7,1,35.38320000006934,0.0,experiments/runtime_acceptance_core_bilingual_r3_v4_20260826/raw_outputs/rhythm_003__en__r2.json,0,0,0,0,0,2,local_first,rhythm_003:en:r2,0,,fc645ac691cb52609ddd2375ef7644635e38267ccaf0161519e98b9c77007719,rhythm_003,1,1,0
rhythm_duration,1,interactive_runtime_acceptance,,1.0,2,2,0,1.0,,,0.0,success,generated,seraedit_rule_v1,local_rule,1,0,en,35.824099999445025,1,1.0,1.0,1,0,577eee65ed8fe25182b5ae20a17254fd134d3d871aa8f52fe1d39fdfd4bd91b7,1,ca01d65e0c9f7bbcb871659b0e7cf169bc6e4be53b7999b9ac6e0972ffca12a7,1,35.824099999445025,0.0,experiments/runtime_acceptance_core_bilingual_r3_v4_20260826/raw_outputs/rhythm_003__en__r3.json,0,0,0,0,0,3,local_first,rhythm_003:en:r3,0,,fc645ac691cb52609ddd2375ef7644635e38267ccaf0161519e98b9c77007719,rhythm_003,1,1,0
rhythm_duration,1,interactive_runtime_acceptance,,1.0,2,2,0,1.0,,,0.0,success,generated,seraedit_rule_v1,local_rule,1,0,zh,34.429500000442204,1,1.0,1.0,1,0,acea87fd5c6273eb7176a30717a13639484913b6857ddf0cc3b845e95585c893,1,ca01d65e0c9f7bbcb871659b0e7cf169bc6e4be53b7999b9ac6e0972ffca12a7,1,34.429500000442204,0.0,experiments/runtime_acceptance_core_bilingual_r3_v4_20260826/raw_outputs/rhythm_003__zh__r1.json,0,0,0,0,0,1,local_first,rhythm_003:zh:r1,0,,fc645ac691cb52609ddd2375ef7644635e38267ccaf0161519e98b9c77007719,rhythm_003,1,1,0
rhythm_duration,1,interactive_runtime_acceptance,,1.0,2,2,0,1.0,,,0.0,success,generated,seraedit_rule_v1,local_rule,1,0,zh,35.34669999953621,1,1.0,1.0,1,0,acea87fd5c6273eb7176a30717a13639484913b6857ddf0cc3b845e95585c893,1,ca01d65e0c9f7bbcb871659b0e7cf169bc6e4be53b7999b9ac6e0972ffca12a7,1,35.34669999953621,0.0,experiments/runtime_acceptance_core_bilingual_r3_v4_20260826/raw_outputs/rhythm_003__zh__r2.json,0,0,0,0,0,2,local_first,rhythm_003:zh:r2,0,,fc645ac691cb52609ddd2375ef7644635e38267ccaf0161519e98b9c77007719,rhythm_003,1,1,0
rhythm_duration,1,interactive_runtime_acceptance,,1.0,2,2,0,1.0,,,0.0,success,generated,seraedit_rule_v1,local_rule,1,0,zh,41.335800000524614,1,1.0,1.0,1,0,acea87fd5c6273eb7176a30717a13639484913b6857ddf0cc3b845e95585c893,1,ca01d65e0c9f7bbcb871659b0e7cf169bc6e4be53b7999b9ac6e0972ffca12a7,1,41.335800000524614,0.0,experiments/runtime_acceptance_core_bilingual_r3_v4_20260826/raw_outputs/rhythm_003__zh__r3.json,0,0,0,0,0,3,local_first,rhythm_003:zh:r3,0,,fc645ac691cb52609ddd2375ef7644635e38267ccaf0161519e98b9c77007719,rhythm_003,1,1,0
rhythm_duration,1,interactive_runtime_acceptance,,1.0,2,2,0,1.0,,,0.0,success,generated,seraedit_rule_v1,local_rule,1,0,en,37.16770000028191,1,1.0,1.0,1,0,244104ceb5ab1cc17c590c969e626954ebd2c84e5a38e7e771cbbb6bd1190758,1,d9cc66da248b6043f8036e5f91df77ef62d6a5913c72ea85c1ea230981b48de1,1,37.16770000028191,0.0,experiments/runtime_acceptance_core_bilingual_r3_v4_20260826/raw_outputs/rhythm_004__en__r1.json,0,0,0,0,0,1,local_first,rhythm_004:en:r1,0,,fc645ac691cb52609ddd2375ef7644635e38267ccaf0161519e98b9c77007719,rhythm_004,1,1,0
rhythm_duration,1,interactive_runtime_acceptance,,1.0,2,2,0,1.0,,,0.0,success,generated,seraedit_rule_v1,local_rule,1,0,en,34.49129999989964,1,1.0,1.0,1,0,244104ceb5ab1cc17c590c969e626954ebd2c84e5a38e7e771cbbb6bd1190758,1,d9cc66da248b6043f8036e5f91df77ef62d6a5913c72ea85c1ea230981b48de1,1,34.49129999989964,0.0,experiments/runtime_acceptance_core_bilingual_r3_v4_20260826/raw_outputs/rhythm_004__en__r2.json,0,0,0,0,0,2,local_first,rhythm_004:en:r2,0,,fc645ac691cb52609ddd2375ef7644635e38267ccaf0161519e98b9c77007719,rhythm_004,1,1,0
rhythm_duration,1,interactive_runtime_acceptance,,1.0,2,2,0,1.0,,,0.0,success,generated,seraedit_rule_v1,local_rule,1,0,en,53.23690000022907,1,1.0,1.0,1,0,244104ceb5ab1cc17c590c969e626954ebd2c84e5a38e7e771cbbb6bd1190758,1,d9cc66da248b6043f8036e5f91df77ef62d6a5913c72ea85c1ea230981b48de1,1,53.23690000022907,0.0,experiments/runtime_acceptance_core_bilingual_r3_v4_20260826/raw_outputs/rhythm_004__en__r3.json,0,0,0,0,0,3,local_first,rhythm_004:en:r3,0,,fc645ac691cb52609ddd2375ef7644635e38267ccaf0161519e98b9c77007719,rhythm_004,1,1,0
rhythm_duration,1,interactive_runtime_acceptance,,1.0,2,2,0,1.0,,,0.0,success,generated,seraedit_rule_v1,local_rule,1,0,zh,34.637499999917054,1,1.0,1.0,1,0,1b3522c73968c5be30f068d52ae8160c61defd4fbe2120e3b70565d6b5196d4f,1,d9cc66da248b6043f8036e5f91df77ef62d6a5913c72ea85c1ea230981b48de1,1,34.637499999917054,0.0,experiments/runtime_acceptance_core_bilingual_r3_v4_20260826/raw_outputs/rhythm_004__zh__r1.json,0,0,0,0,0,1,local_first,rhythm_004:zh:r1,0,,fc645ac691cb52609ddd2375ef7644635e38267ccaf0161519e98b9c77007719,rhythm_004,1,1,0
rhythm_duration,1,interactive_runtime_acceptance,,1.0,2,2,0,1.0,,,0.0,success,generated,seraedit_rule_v1,local_rule,1,0,zh,34.04859999955079,1,1.0,1.0,1,0,1b3522c73968c5be30f068d52ae8160c61defd4fbe2120e3b70565d6b5196d4f,1,d9cc66da248b6043f8036e5f91df77ef62d6a5913c72ea85c1ea230981b48de1,1,34.04859999955079,0.0,experiments/runtime_acceptance_core_bilingual_r3_v4_20260826/raw_outputs/rhythm_004__zh__r2.json,0,0,0,0,0,2,local_first,rhythm_004:zh:r2,0,,fc645ac691cb52609ddd2375ef7644635e38267ccaf0161519e98b9c77007719,rhythm_004,1,1,0
rhythm_duration,1,interactive_runtime_acceptance,,1.0,2,2,0,1.0,,,0.0,success,generated,seraedit_rule_v1,local_rule,1,0,zh,35.13529999963794,1,1.0,1.0,1,0,1b3522c73968c5be30f068d52ae8160c61defd4fbe2120e3b70565d6b5196d4f,1,d9cc66da248b6043f8036e5f91df77ef62d6a5913c72ea85c1ea230981b48de1,1,35.13529999963794,0.0,experiments/runtime_acceptance_core_bilingual_r3_v4_20260826/raw_outputs/rhythm_004__zh__r3.json,0,0,0,0,0,3,local_first,rhythm_004:zh:r3,0,,fc645ac691cb52609ddd2375ef7644635e38267ccaf0161519e98b9c77007719,rhythm_004,1,1,0
rhythm_duration,1,interactive_runtime_acceptance,,1.0,2,2,0,1.0,,,0.0,success,generated,seraedit_rule_v1,local_rule,1,0,en,35.31829999974434,1,1.0,1.0,1,0,d8895d2ec1199141cc943d470aa0ccafb97a5a1b86d1692e6967bc3d633bcf23,1,caaa6eacfad0a29ce4ff16141b927a7438621b320fc6d02e873971bcf76c554a,1,35.31829999974434,0.0,experiments/runtime_acceptance_core_bilingual_r3_v4_20260826/raw_outputs/rhythm_005__en__r1.json,0,0,0,0,0,1,local_first,rhythm_005:en:r1,0,,fc645ac691cb52609ddd2375ef7644635e38267ccaf0161519e98b9c77007719,rhythm_005,1,1,0
rhythm_duration,1,interactive_runtime_acceptance,,1.0,2,2,0,1.0,,,0.0,success,generated,seraedit_rule_v1,local_rule,1,0,en,35.19479999977193,1,1.0,1.0,1,0,d8895d2ec1199141cc943d470aa0ccafb97a5a1b86d1692e6967bc3d633bcf23,1,caaa6eacfad0a29ce4ff16141b927a7438621b320fc6d02e873971bcf76c554a,1,35.19479999977193,0.0,experiments/runtime_acceptance_core_bilingual_r3_v4_20260826/raw_outputs/rhythm_005__en__r2.json,0,0,0,0,0,2,local_first,rhythm_005:en:r2,0,,fc645ac691cb52609ddd2375ef7644635e38267ccaf0161519e98b9c77007719,rhythm_005,1,1,0
rhythm_duration,1,interactive_runtime_acceptance,,1.0,2,2,0,1.0,,,0.0,success,generated,seraedit_rule_v1,local_rule,1,0,en,35.42550000020128,1,1.0,1.0,1,0,d8895d2ec1199141cc943d470aa0ccafb97a5a1b86d1692e6967bc3d633bcf23,1,caaa6eacfad0a29ce4ff16141b927a7438621b320fc6d02e873971bcf76c554a,1,35.42550000020128,0.0,experiments/runtime_acceptance_core_bilingual_r3_v4_20260826/raw_outputs/rhythm_005__en__r3.json,0,0,0,0,0,3,local_first,rhythm_005:en:r3,0,,fc645ac691cb52609ddd2375ef7644635e38267ccaf0161519e98b9c77007719,rhythm_005,1,1,0
rhythm_duration,1,interactive_runtime_acceptance,,1.0,2,2,0,1.0,,,0.0,success,generated,seraedit_rule_v1,local_rule,1,0,zh,35.88679999938904,1,1.0,1.0,1,0,a25a238f1f8af94bfae7f09d29707bbd93b14917454046a71c72fad53f460e73,1,caaa6eacfad0a29ce4ff16141b927a7438621b320fc6d02e873971bcf76c554a,1,35.88679999938904,0.0,experiments/runtime_acceptance_core_bilingual_r3_v4_20260826/raw_outputs/rhythm_005__zh__r1.json,0,0,0,0,0,1,local_first,rhythm_005:zh:r1,0,,fc645ac691cb52609ddd2375ef7644635e38267ccaf0161519e98b9c77007719,rhythm_005,1,1,0
rhythm_duration,1,interactive_runtime_acceptance,,1.0,2,2,0,1.0,,,0.0,success,generated,seraedit_rule_v1,local_rule,1,0,zh,35.29600000001665,1,1.0,1.0,1,0,a25a238f1f8af94bfae7f09d29707bbd93b14917454046a71c72fad53f460e73,1,caaa6eacfad0a29ce4ff16141b927a7438621b320fc6d02e873971bcf76c554a,1,35.29600000001665,0.0,experiments/runtime_acceptance_core_bilingual_r3_v4_20260826/raw_outputs/rhythm_005__zh__r2.json,0,0,0,0,0,2,local_first,rhythm_005:zh:r2,0,,fc645ac691cb52609ddd2375ef7644635e38267ccaf0161519e98b9c77007719,rhythm_005,1,1,0
rhythm_duration,1,interactive_runtime_acceptance,,1.0,2,2,0,1.0,,,0.0,success,generated,seraedit_rule_v1,local_rule,1,0,zh,35.544299999855866,1,1.0,1.0,1,0,a25a238f1f8af94bfae7f09d29707bbd93b14917454046a71c72fad53f460e73,1,caaa6eacfad0a29ce4ff16141b927a7438621b320fc6d02e873971bcf76c554a,1,35.544299999855866,0.0,experiments/runtime_acceptance_core_bilingual_r3_v4_20260826/raw_outputs/rhythm_005__zh__r3.json,0,0,0,0,0,3,local_first,rhythm_005:zh:r3,0,,fc645ac691cb52609ddd2375ef7644635e38267ccaf0161519e98b9c77007719,rhythm_005,1,1,0
pitch_transposition,1,interactive_runtime_acceptance,,1.0,2,2,0,0.8571428571428571,,,0.0,success,generated,seraedit_rule_v1,local_rule,1,0,en,92.58709999994608,1,1.0,0.8571428571428571,1,0,dc0514ee25776766af5d99ee9caba5369734706d660077c0315e499268f0bca0,1,8155790d7ead9e8077f8f5de080b97a440bd3054ebd0160be4b0a7de722a24b2,1,92.58709999994608,0.0,experiments/runtime_acceptance_core_bilingual_r3_v4_20260826/raw_outputs/pitch_006__en__r1.json,0,0,0,0,0,1,local_first,pitch_006:en:r1,0,,ad150c7af12b0781fd8499fb1a7d4b58a365afa4cafc7ed1f131fbe32dd651d2,pitch_006,1,1,0
pitch_transposition,1,interactive_runtime_acceptance,,1.0,2,2,0,0.8571428571428571,,,0.0,success,generated,seraedit_rule_v1,local_rule,1,0,en,73.6549000002924,1,1.0,0.8571428571428571,1,0,dc0514ee25776766af5d99ee9caba5369734706d660077c0315e499268f0bca0,1,8155790d7ead9e8077f8f5de080b97a440bd3054ebd0160be4b0a7de722a24b2,1,73.6549000002924,0.0,experiments/runtime_acceptance_core_bilingual_r3_v4_20260826/raw_outputs/pitch_006__en__r2.json,0,0,0,0,0,2,local_first,pitch_006:en:r2,0,,ad150c7af12b0781fd8499fb1a7d4b58a365afa4cafc7ed1f131fbe32dd651d2,pitch_006,1,1,0
pitch_transposition,1,interactive_runtime_acceptance,,1.0,2,2,0,0.8571428571428571,,,0.0,success,generated,seraedit_rule_v1,local_rule,1,0,en,73.46710000001622,1,1.0,0.8571428571428571,1,0,dc0514ee25776766af5d99ee9caba5369734706d660077c0315e499268f0bca0,1,8155790d7ead9e8077f8f5de080b97a440bd3054ebd0160be4b0a7de722a24b2,1,73.46710000001622,0.0,experiments/runtime_acceptance_core_bilingual_r3_v4_20260826/raw_outputs/pitch_006__en__r3.json,0,0,0,0,0,3,local_first,pitch_006:en:r3,0,,ad150c7af12b0781fd8499fb1a7d4b58a365afa4cafc7ed1f131fbe32dd651d2,pitch_006,1,1,0
pitch_transposition,1,interactive_runtime_acceptance,,1.0,2,2,0,0.8571428571428571,,,0.0,success,generated,seraedit_rule_v1,local_rule,1,0,zh,89.54600000015489,1,1.0,0.8571428571428571,1,0,605acd5374726559d3892bed72232761f32fff7fcc714d5d28e92696760e1a96,1,8155790d7ead9e8077f8f5de080b97a440bd3054ebd0160be4b0a7de722a24b2,1,89.54600000015489,0.0,experiments/runtime_acceptance_core_bilingual_r3_v4_20260826/raw_outputs/pitch_006__zh__r1.json,0,0,0,0,0,1,local_first,pitch_006:zh:r1,0,,ad150c7af12b0781fd8499fb1a7d4b58a365afa4cafc7ed1f131fbe32dd651d2,pitch_006,1,1,0
pitch_transposition,1,interactive_runtime_acceptance,,1.0,2,2,0,0.8571428571428571,,,0.0,success,generated,seraedit_rule_v1,local_rule,1,0,zh,90.15129999988858,1,1.0,0.8571428571428571,1,0,605acd5374726559d3892bed72232761f32fff7fcc714d5d28e92696760e1a96,1,8155790d7ead9e8077f8f5de080b97a440bd3054ebd0160be4b0a7de722a24b2,1,90.15129999988858,0.0,experiments/runtime_acceptance_core_bilingual_r3_v4_20260826/raw_outputs/pitch_006__zh__r2.json,0,0,0,0,0,2,local_first,pitch_006:zh:r2,0,,ad150c7af12b0781fd8499fb1a7d4b58a365afa4cafc7ed1f131fbe32dd651d2,pitch_006,1,1,0
pitch_transposition,1,interactive_runtime_acceptance,,1.0,2,2,0,0.8571428571428571,,,0.0,success,generated,seraedit_rule_v1,local_rule,1,0,zh,71.88359999963723,1,1.0,0.8571428571428571,1,0,605acd5374726559d3892bed72232761f32fff7fcc714d5d28e92696760e1a96,1,8155790d7ead9e8077f8f5de080b97a440bd3054ebd0160be4b0a7de722a24b2,1,71.88359999963723,0.0,experiments/runtime_acceptance_core_bilingual_r3_v4_20260826/raw_outputs/pitch_006__zh__r3.json,0,0,0,0,0,3,local_first,pitch_006:zh:r3,0,,ad150c7af12b0781fd8499fb1a7d4b58a365afa4cafc7ed1f131fbe32dd651d2,pitch_006,1,1,0
rhythm_duration,1,interactive_runtime_acceptance,,1.0,2,2,0,1.0,,,0.0,success,generated,seraedit_rule_v1,local_rule,1,0,en,74.37649999974383,1,1.0,1.0,1,0,654ad0e2a16257b6533cb39860e4ea795f8a77df90f0bebc4c8ed460cb790cab,1,d1fd884dc7857ce14beec703d08a5302e1eb580bf843d043e2ea45c245cff6c7,1,74.37649999974383,0.0,experiments/runtime_acceptance_core_bilingual_r3_v4_20260826/raw_outputs/rhythm_006__en__r1.json,0,0,0,0,0,1,local_first,rhythm_006:en:r1,0,,3cef603bcf788818c59801ed97af6a36c71b65cf5b90c75d51a010bd2ea37df6,rhythm_006,1,1,0
rhythm_duration,1,interactive_runtime_acceptance,,1.0,2,2,0,1.0,,,0.0,success,generated,seraedit_rule_v1,local_rule,1,0,en,73.96530000005441,1,1.0,1.0,1,0,654ad0e2a16257b6533cb39860e4ea795f8a77df90f0bebc4c8ed460cb790cab,1,d1fd884dc7857ce14beec703d08a5302e1eb580bf843d043e2ea45c245cff6c7,1,73.96530000005441,0.0,experiments/runtime_acceptance_core_bilingual_r3_v4_20260826/raw_outputs/rhythm_006__en__r2.json,0,0,0,0,0,2,local_first,rhythm_006:en:r2,0,,3cef603bcf788818c59801ed97af6a36c71b65cf5b90c75d51a010bd2ea37df6,rhythm_006,1,1,0
rhythm_duration,1,interactive_runtime_acceptance,,1.0,2,2,0,1.0,,,0.0,success,generated,seraedit_rule_v1,local_rule,1,0,en,90.23139999953855,1,1.0,1.0,1,0,654ad0e2a16257b6533cb39860e4ea795f8a77df90f0bebc4c8ed460cb790cab,1,d1fd884dc7857ce14beec703d08a5302e1eb580bf843d043e2ea45c245cff6c7,1,90.23139999953855,0.0,experiments/runtime_acceptance_core_bilingual_r3_v4_20260826/raw_outputs/rhythm_006__en__r3.json,0,0,0,0,0,3,local_first,rhythm_006:en:r3,0,,3cef603bcf788818c59801ed97af6a36c71b65cf5b90c75d51a010bd2ea37df6,rhythm_006,1,1,0
rhythm_duration,1,interactive_runtime_acceptance,,1.0,2,2,0,1.0,,,0.0,success,generated,seraedit_rule_v1,local_rule,1,0,zh,73.92620000064198,1,1.0,1.0,1,0,e6ef88c1d0a739b8c268549c82e38328047bd08d820bab53623810d4db575a02,1,d1fd884dc7857ce14beec703d08a5302e1eb580bf843d043e2ea45c245cff6c7,1,73.92620000064198,0.0,experiments/runtime_acceptance_core_bilingual_r3_v4_20260826/raw_outputs/rhythm_006__zh__r1.json,0,0,0,0,0,1,local_first,rhythm_006:zh:r1,0,,3cef603bcf788818c59801ed97af6a36c71b65cf5b90c75d51a010bd2ea37df6,rhythm_006,1,1,0
rhythm_duration,1,interactive_runtime_acceptance,,1.0,2,2,0,1.0,,,0.0,success,generated,seraedit_rule_v1,local_rule,1,0,zh,77.701000000161,1,1.0,1.0,1,0,e6ef88c1d0a739b8c268549c82e38328047bd08d820bab53623810d4db575a02,1,d1fd884dc7857ce14beec703d08a5302e1eb580bf843d043e2ea45c245cff6c7,1,77.701000000161,0.0,experiments/runtime_acceptance_core_bilingual_r3_v4_20260826/raw_outputs/rhythm_006__zh__r2.json,0,0,0,0,0,2,local_first,rhythm_006:zh:r2,0,,3cef603bcf788818c59801ed97af6a36c71b65cf5b90c75d51a010bd2ea37df6,rhythm_006,1,1,0
rhythm_duration,1,interactive_runtime_acceptance,,1.0,2,2,0,1.0,,,0.0,success,generated,seraedit_rule_v1,local_rule,1,0,zh,83.02280000043538,1,1.0,1.0,1,0,e6ef88c1d0a739b8c268549c82e38328047bd08d820bab53623810d4db575a02,1,d1fd884dc7857ce14beec703d08a5302e1eb580bf843d043e2ea45c245cff6c7,1,83.02280000043538,0.0,experiments/runtime_acceptance_core_bilingual_r3_v4_20260826/raw_outputs/rhythm_006__zh__r3.json,0,0,0,0,0,3,local_first,rhythm_006:zh:r3,0,,3cef603bcf788818c59801ed97af6a36c71b65cf5b90c75d51a010bd2ea37df6,rhythm_006,1,1,0
key_harmony,1,interactive_runtime_acceptance,,1.0,2,2,0,1.0,,,0.0,success,generated,seraedit_rule_v1,local_rule,1,0,en,79.02930000000197,1,1.0,1.0,1,0,2a99b989391b27385e0de114f9ba2c515321c0613cf7227c324e9fdeb7c57ff3,1,4b83047c4717b6f2f58d6575ea19a3b5ad8850fce2769c74327ce4c7400de405,1,79.02930000000197,0.0,experiments/runtime_acceptance_core_bilingual_r3_v4_20260826/raw_outputs/key_006__en__r1.json,0,0,0,0,0,1,local_first,key_006:en:r1,0,,c84b9fb046ec10cf76e0c677aaf0052ac4cb1ac7f3418684c3e9f4689a9fd79c,key_006,1,1,0
key_harmony,1,interactive_runtime_acceptance,,1.0,2,2,0,1.0,,,0.0,success,generated,seraedit_rule_v1,local_rule,1,0,en,71.75420000021404,1,1.0,1.0,1,0,2a99b989391b27385e0de114f9ba2c515321c0613cf7227c324e9fdeb7c57ff3,1,4b83047c4717b6f2f58d6575ea19a3b5ad8850fce2769c74327ce4c7400de405,1,71.75420000021404,0.0,experiments/runtime_acceptance_core_bilingual_r3_v4_20260826/raw_outputs/key_006__en__r2.json,0,0,0,0,0,2,local_first,key_006:en:r2,0,,c84b9fb046ec10cf76e0c677aaf0052ac4cb1ac7f3418684c3e9f4689a9fd79c,key_006,1,1,0
key_harmony,1,interactive_runtime_acceptance,,1.0,2,2,0,1.0,,,0.0,success,generated,seraedit_rule_v1,local_rule,1,0,en,70.93989999975747,1,1.0,1.0,1,0,2a99b989391b27385e0de114f9ba2c515321c0613cf7227c324e9fdeb7c57ff3,1,4b83047c4717b6f2f58d6575ea19a3b5ad8850fce2769c74327ce4c7400de405,1,70.93989999975747,0.0,experiments/runtime_acceptance_core_bilingual_r3_v4_20260826/raw_outputs/key_006__en__r3.json,0,0,0,0,0,3,local_first,key_006:en:r3,0,,c84b9fb046ec10cf76e0c677aaf0052ac4cb1ac7f3418684c3e9f4689a9fd79c,key_006,1,1,0
key_harmony,1,interactive_runtime_acceptance,,1.0,2,2,0,1.0,,,0.0,success,generated,seraedit_rule_v1,local_rule,1,0,zh,80.22079999955167,1,1.0,1.0,1,0,e6a242c13d72e7ee6f4b20093e9b160fbb1e94f23bb953dbbb42d60d7974b945,1,4b83047c4717b6f2f58d6575ea19a3b5ad8850fce2769c74327ce4c7400de405,1,80.22079999955167,0.0,experiments/runtime_acceptance_core_bilingual_r3_v4_20260826/raw_outputs/key_006__zh__r1.json,0,0,0,0,0,1,local_first,key_006:zh:r1,0,,c84b9fb046ec10cf76e0c677aaf0052ac4cb1ac7f3418684c3e9f4689a9fd79c,key_006,1,1,0
key_harmony,1,interactive_runtime_acceptance,,1.0,2,2,0,1.0,,,0.0,success,generated,seraedit_rule_v1,local_rule,1,0,zh,76.63529999990715,1,1.0,1.0,1,0,e6a242c13d72e7ee6f4b20093e9b160fbb1e94f23bb953dbbb42d60d7974b945,1,4b83047c4717b6f2f58d6575ea19a3b5ad8850fce2769c74327ce4c7400de405,1,76.63529999990715,0.0,experiments/runtime_acceptance_core_bilingual_r3_v4_20260826/raw_outputs/key_006__zh__r2.json,0,0,0,0,0,2,local_first,key_006:zh:r2,0,,c84b9fb046ec10cf76e0c677aaf0052ac4cb1ac7f3418684c3e9f4689a9fd79c,key_006,1,1,0
key_harmony,1,interactive_runtime_acceptance,,1.0,2,2,0,1.0,,,0.0,success,generated,seraedit_rule_v1,local_rule,1,0,zh,88.31580000060058,1,1.0,1.0,1,0,e6a242c13d72e7ee6f4b20093e9b160fbb1e94f23bb953dbbb42d60d7974b945,1,4b83047c4717b6f2f58d6575ea19a3b5ad8850fce2769c74327ce4c7400de405,1,88.31580000060058,0.0,experiments/runtime_acceptance_core_bilingual_r3_v4_20260826/raw_outputs/key_006__zh__r3.json,0,0,0,0,0,3,local_first,key_006:zh:r3,0,,c84b9fb046ec10cf76e0c677aaf0052ac4cb1ac7f3418684c3e9f4689a9fd79c,key_006,1,1,0
voice_texture,1,interactive_runtime_acceptance,,1.0,8,8,0,1.0,,,0.0,success,generated,seraedit_rule_v1,local_rule,1,0,en,71.64490000013757,1,1.0,1.0,1,0,31ee009922391270ad1c4847cf9987a1b103c4ec65f2e486d206736ff20adc40,1,67024a0ff45e8588d13238d90ec4a3eef85d3ed5009dfa74264003bb7a92348a,1,71.64490000013757,0.0,experiments/runtime_acceptance_core_bilingual_r3_v4_20260826/raw_outputs/voice_001__en__r1.json,0,0,0,0,0,1,local_first,voice_001:en:r1,0,,e0b7446f3d25a1f582f66fdcc6caa816560846067f87e5f616dbe913126b3c5b,voice_001,1,1,0
voice_texture,1,interactive_runtime_acceptance,,1.0,8,8,0,1.0,,,0.0,success,generated,seraedit_rule_v1,local_rule,1,0,en,73.96010000047681,1,1.0,1.0,1,0,31ee009922391270ad1c4847cf9987a1b103c4ec65f2e486d206736ff20adc40,1,67024a0ff45e8588d13238d90ec4a3eef85d3ed5009dfa74264003bb7a92348a,1,73.96010000047681,0.0,experiments/runtime_acceptance_core_bilingual_r3_v4_20260826/raw_outputs/voice_001__en__r2.json,0,0,0,0,0,2,local_first,voice_001:en:r2,0,,e0b7446f3d25a1f582f66fdcc6caa816560846067f87e5f616dbe913126b3c5b,voice_001,1,1,0
voice_texture,1,interactive_runtime_acceptance,,1.0,8,8,0,1.0,,,0.0,success,generated,seraedit_rule_v1,local_rule,1,0,en,81.02820000021893,1,1.0,1.0,1,0,31ee009922391270ad1c4847cf9987a1b103c4ec65f2e486d206736ff20adc40,1,67024a0ff45e8588d13238d90ec4a3eef85d3ed5009dfa74264003bb7a92348a,1,81.02820000021893,0.0,experiments/runtime_acceptance_core_bilingual_r3_v4_20260826/raw_outputs/voice_001__en__r3.json,0,0,0,0,0,3,local_first,voice_001:en:r3,0,,e0b7446f3d25a1f582f66fdcc6caa816560846067f87e5f616dbe913126b3c5b,voice_001,1,1,0
voice_texture,1,interactive_runtime_acceptance,,1.0,8,8,0,1.0,,,0.0,success,generated,seraedit_rule_v1,local_rule,1,0,zh,91.03849999974045,1,1.0,1.0,1,0,9f5ac55aeb5b615c04324288d89408f14abddc4825f11b8d5cf554fb3acabbd0,1,67024a0ff45e8588d13238d90ec4a3eef85d3ed5009dfa74264003bb7a92348a,1,91.03849999974045,0.0,experiments/runtime_acceptance_core_bilingual_r3_v4_20260826/raw_outputs/voice_001__zh__r1.json,0,0,0,0,0,1,local_first,voice_001:zh:r1,0,,e0b7446f3d25a1f582f66fdcc6caa816560846067f87e5f616dbe913126b3c5b,voice_001,1,1,0
voice_texture,1,interactive_runtime_acceptance,,1.0,8,8,0,1.0,,,0.0,success,generated,seraedit_rule_v1,local_rule,1,0,zh,71.08609999977489,1,1.0,1.0,1,0,9f5ac55aeb5b615c04324288d89408f14abddc4825f11b8d5cf554fb3acabbd0,1,67024a0ff45e8588d13238d90ec4a3eef85d3ed5009dfa74264003bb7a92348a,1,71.08609999977489,0.0,experiments/runtime_acceptance_core_bilingual_r3_v4_20260826/raw_outputs/voice_001__zh__r2.json,0,0,0,0,0,2,local_first,voice_001:zh:r2,0,,e0b7446f3d25a1f582f66fdcc6caa816560846067f87e5f616dbe913126b3c5b,voice_001,1,1,0
voice_texture,1,interactive_runtime_acceptance,,1.0,8,8,0,1.0,,,0.0,success,generated,seraedit_rule_v1,local_rule,1,0,zh,75.26990000042133,1,1.0,1.0,1,0,9f5ac55aeb5b615c04324288d89408f14abddc4825f11b8d5cf554fb3acabbd0,1,67024a0ff45e8588d13238d90ec4a3eef85d3ed5009dfa74264003bb7a92348a,1,75.26990000042133,0.0,experiments/runtime_acceptance_core_bilingual_r3_v4_20260826/raw_outputs/voice_001__zh__r3.json,0,0,0,0,0,3,local_first,voice_001:zh:r3,0,,e0b7446f3d25a1f582f66fdcc6caa816560846067f87e5f616dbe913126b3c5b,voice_001,1,1,0
dynamics_articulation,1,interactive_runtime_acceptance,,1.0,3,3,0,1.0,,,0.0,success,generated,seraedit_rule_v1,local_rule,1,0,en,74.1080999996484,1,1.0,1.0,1,0,40564100aea6c8b25e1fffa26bbba22aebafafd03c32b840fe4947939a968cda,1,ea17853620ee34dfb7ea5844c9c5e01f510f4d383d83efd7ad27c4a37b08a0ef,1,74.1080999996484,0.0,experiments/runtime_acceptance_core_bilingual_r3_v4_20260826/raw_outputs/dynamics_006__en__r1.json,0,0,0,0,0,1,local_first,dynamics_006:en:r1,0,,ba61859883bf5d15ad8d5e7bd2d1aec1c9b28f5a5f17bec76018e40b5781220d,dynamics_006,1,1,0
dynamics_articulation,1,interactive_runtime_acceptance,,1.0,3,3,0,1.0,,,0.0,success,generated,seraedit_rule_v1,local_rule,1,0,en,89.52940000017406,1,1.0,1.0,1,0,40564100aea6c8b25e1fffa26bbba22aebafafd03c32b840fe4947939a968cda,1,ea17853620ee34dfb7ea5844c9c5e01f510f4d383d83efd7ad27c4a37b08a0ef,1,89.52940000017406,0.0,experiments/runtime_acceptance_core_bilingual_r3_v4_20260826/raw_outputs/dynamics_006__en__r2.json,0,0,0,0,0,2,local_first,dynamics_006:en:r2,0,,ba61859883bf5d15ad8d5e7bd2d1aec1c9b28f5a5f17bec76018e40b5781220d,dynamics_006,1,1,0
dynamics_articulation,1,interactive_runtime_acceptance,,1.0,3,3,0,1.0,,,0.0,success,generated,seraedit_rule_v1,local_rule,1,0,en,70.42490000003454,1,1.0,1.0,1,0,40564100aea6c8b25e1fffa26bbba22aebafafd03c32b840fe4947939a968cda,1,ea17853620ee34dfb7ea5844c9c5e01f510f4d383d83efd7ad27c4a37b08a0ef,1,70.42490000003454,0.0,experiments/runtime_acceptance_core_bilingual_r3_v4_20260826/raw_outputs/dynamics_006__en__r3.json,0,0,0,0,0,3,local_first,dynamics_006:en:r3,0,,ba61859883bf5d15ad8d5e7bd2d1aec1c9b28f5a5f17bec76018e40b5781220d,dynamics_006,1,1,0
dynamics_articulation,1,interactive_runtime_acceptance,,1.0,3,3,0,1.0,,,0.0,success,generated,seraedit_rule_v1,local_rule,1,0,zh,71.58259999960137,1,1.0,1.0,1,0,d77e8288b179773fc255789f6f54365c97989163084577d021c8a72e3e60e8a6,1,ea17853620ee34dfb7ea5844c9c5e01f510f4d383d83efd7ad27c4a37b08a0ef,1,71.58259999960137,0.0,experiments/runtime_acceptance_core_bilingual_r3_v4_20260826/raw_outputs/dynamics_006__zh__r1.json,0,0,0,0,0,1,local_first,dynamics_006:zh:r1,0,,ba61859883bf5d15ad8d5e7bd2d1aec1c9b28f5a5f17bec76018e40b5781220d,dynamics_006,1,1,0
dynamics_articulation,1,interactive_runtime_acceptance,,1.0,3,3,0,1.0,,,0.0,success,generated,seraedit_rule_v1,local_rule,1,0,zh,71.75929999993969,1,1.0,1.0,1,0,d77e8288b179773fc255789f6f54365c97989163084577d021c8a72e3e60e8a6,1,ea17853620ee34dfb7ea5844c9c5e01f510f4d383d83efd7ad27c4a37b08a0ef,1,71.75929999993969,0.0,experiments/runtime_acceptance_core_bilingual_r3_v4_20260826/raw_outputs/dynamics_006__zh__r2.json,0,0,0,0,0,2,local_first,dynamics_006:zh:r2,0,,ba61859883bf5d15ad8d5e7bd2d1aec1c9b28f5a5f17bec76018e40b5781220d,dynamics_006,1,1,0
dynamics_articulation,1,interactive_runtime_acceptance,,1.0,3,3,0,1.0,,,0.0,success,generated,seraedit_rule_v1,local_rule,1,0,zh,72.64889999987645,1,1.0,1.0,1,0,d77e8288b179773fc255789f6f54365c97989163084577d021c8a72e3e60e8a6,1,ea17853620ee34dfb7ea5844c9c5e01f510f4d383d83efd7ad27c4a37b08a0ef,1,72.64889999987645,0.0,experiments/runtime_acceptance_core_bilingual_r3_v4_20260826/raw_outputs/dynamics_006__zh__r3.json,0,0,0,0,0,3,local_first,dynamics_006:zh:r3,0,,ba61859883bf5d15ad8d5e7bd2d1aec1c9b28f5a5f17bec76018e40b5781220d,dynamics_006,1,1,0
insertion_deletion,1,interactive_runtime_acceptance,,1.0,2,2,0,1.0,,,0.0,success,generated,seraedit_rule_v1,local_rule,1,0,en,73.1670999994094,1,1.0,1.0,1,0,e00977de327683444758d946176915b6ed4c972fd15ac0de261fa30efe6d4f3a,1,cd8c1486c4a71452e1dd401ffe2f30e1e90346111da57b59feec409600b8fdcd,1,73.1670999994094,0.0,experiments/runtime_acceptance_core_bilingual_r3_v4_20260826/raw_outputs/insertion_006__en__r1.json,0,0,0,0,0,1,local_first,insertion_006:en:r1,0,,78488754397ee9d75ce8db9a3b89723fd9ad87dfb2018279ec11155edaeb1d57,insertion_006,1,1,0
insertion_deletion,1,interactive_runtime_acceptance,,1.0,2,2,0,1.0,,,0.0,success,generated,seraedit_rule_v1,local_rule,1,0,en,76.58310000078927,1,1.0,1.0,1,0,e00977de327683444758d946176915b6ed4c972fd15ac0de261fa30efe6d4f3a,1,cd8c1486c4a71452e1dd401ffe2f30e1e90346111da57b59feec409600b8fdcd,1,76.58310000078927,0.0,experiments/runtime_acceptance_core_bilingual_r3_v4_20260826/raw_outputs/insertion_006__en__r2.json,0,0,0,0,0,2,local_first,insertion_006:en:r2,0,,78488754397ee9d75ce8db9a3b89723fd9ad87dfb2018279ec11155edaeb1d57,insertion_006,1,1,0
insertion_deletion,1,interactive_runtime_acceptance,,1.0,2,2,0,1.0,,,0.0,success,generated,seraedit_rule_v1,local_rule,1,0,en,74.60589999936929,1,1.0,1.0,1,0,e00977de327683444758d946176915b6ed4c972fd15ac0de261fa30efe6d4f3a,1,cd8c1486c4a71452e1dd401ffe2f30e1e90346111da57b59feec409600b8fdcd,1,74.60589999936929,0.0,experiments/runtime_acceptance_core_bilingual_r3_v4_20260826/raw_outputs/insertion_006__en__r3.json,0,0,0,0,0,3,local_first,insertion_006:en:r3,0,,78488754397ee9d75ce8db9a3b89723fd9ad87dfb2018279ec11155edaeb1d57,insertion_006,1,1,0
insertion_deletion,1,interactive_runtime_acceptance,,1.0,2,2,0,1.0,,,0.0,success,generated,seraedit_rule_v1,local_rule,1,0,zh,75.63219999974535,1,1.0,1.0,1,0,b2892f1c60cd0e5efc2e6da15255ae089e7232867b3640a2d82dff70bcfa7b82,1,cd8c1486c4a71452e1dd401ffe2f30e1e90346111da57b59feec409600b8fdcd,1,75.63219999974535,0.0,experiments/runtime_acceptance_core_bilingual_r3_v4_20260826/raw_outputs/insertion_006__zh__r1.json,0,0,0,0,0,1,local_first,insertion_006:zh:r1,0,,78488754397ee9d75ce8db9a3b89723fd9ad87dfb2018279ec11155edaeb1d57,insertion_006,1,1,0
insertion_deletion,1,interactive_runtime_acceptance,,1.0,2,2,0,1.0,,,0.0,success,generated,seraedit_rule_v1,local_rule,1,0,zh,96.01590000056603,1,1.0,1.0,1,0,b2892f1c60cd0e5efc2e6da15255ae089e7232867b3640a2d82dff70bcfa7b82,1,cd8c1486c4a71452e1dd401ffe2f30e1e90346111da57b59feec409600b8fdcd,1,96.01590000056603,0.0,experiments/runtime_acceptance_core_bilingual_r3_v4_20260826/raw_outputs/insertion_006__zh__r2.json,0,0,0,0,0,2,local_first,insertion_006:zh:r2,0,,78488754397ee9d75ce8db9a3b89723fd9ad87dfb2018279ec11155edaeb1d57,insertion_006,1,1,0
insertion_deletion,1,interactive_runtime_acceptance,,1.0,2,2,0,1.0,,,0.0,success,generated,seraedit_rule_v1,local_rule,1,0,zh,73.51569999991625,1,1.0,1.0,1,0,b2892f1c60cd0e5efc2e6da15255ae089e7232867b3640a2d82dff70bcfa7b82,1,cd8c1486c4a71452e1dd401ffe2f30e1e90346111da57b59feec409600b8fdcd,1,73.51569999991625,0.0,experiments/runtime_acceptance_core_bilingual_r3_v4_20260826/raw_outputs/insertion_006__zh__r3.json,0,0,0,0,0,3,local_first,insertion_006:zh:r3,0,,78488754397ee9d75ce8db9a3b89723fd9ad87dfb2018279ec11155edaeb1d57,insertion_006,1,1,0
ties_slurs_ornaments,1,interactive_runtime_acceptance,,1.0,4,4,0,1.0,,,0.0,success,generated,seraedit_rule_v1,local_rule,1,0,en,49.18600000019069,1,1.0,1.0,1,0,af0fbe4d7fb40031b218f43931a297ec01e7f88e00240c5bd5fc9809899df8bd,1,9cd7914b7b6f3f69721cefb6a6357145613407fc253081897a975a6342a2d5d4,1,49.18600000019069,0.0,experiments/runtime_acceptance_core_bilingual_r3_v4_20260826/raw_outputs/ties_001__en__r1.json,0,0,0,0,0,1,local_first,ties_001:en:r1,0,,20dc6c7b9b9fce6a4530991911bd293406185d9b446147c2cfbc6115e23435bf,ties_001,1,1,0
ties_slurs_ornaments,1,interactive_runtime_acceptance,,1.0,4,4,0,1.0,,,0.0,success,generated,seraedit_rule_v1,local_rule,1,0,en,50.46719999972993,1,1.0,1.0,1,0,af0fbe4d7fb40031b218f43931a297ec01e7f88e00240c5bd5fc9809899df8bd,1,9cd7914b7b6f3f69721cefb6a6357145613407fc253081897a975a6342a2d5d4,1,50.46719999972993,0.0,experiments/runtime_acceptance_core_bilingual_r3_v4_20260826/raw_outputs/ties_001__en__r2.json,0,0,0,0,0,2,local_first,ties_001:en:r2,0,,20dc6c7b9b9fce6a4530991911bd293406185d9b446147c2cfbc6115e23435bf,ties_001,1,1,0
ties_slurs_ornaments,1,interactive_runtime_acceptance,,1.0,4,4,0,1.0,,,0.0,success,generated,seraedit_rule_v1,local_rule,1,0,en,83.25850000073842,1,1.0,1.0,1,0,af0fbe4d7fb40031b218f43931a297ec01e7f88e00240c5bd5fc9809899df8bd,1,9cd7914b7b6f3f69721cefb6a6357145613407fc253081897a975a6342a2d5d4,1,83.25850000073842,0.0,experiments/runtime_acceptance_core_bilingual_r3_v4_20260826/raw_outputs/ties_001__en__r3.json,0,0,0,0,0,3,local_first,ties_001:en:r3,0,,20dc6c7b9b9fce6a4530991911bd293406185d9b446147c2cfbc6115e23435bf,ties_001,1,1,0
ties_slurs_ornaments,1,interactive_runtime_acceptance,,1.0,4,4,0,1.0,,,0.0,success,generated,seraedit_rule_v1,local_rule,1,0,zh,104.5800000001691,1,1.0,1.0,1,0,1070b0f2345dff697e7a0c9666d702f8d17622d4d6a4e4b14cd1597296d14804,1,9cd7914b7b6f3f69721cefb6a6357145613407fc253081897a975a6342a2d5d4,1,104.5800000001691,0.0,experiments/runtime_acceptance_core_bilingual_r3_v4_20260826/raw_outputs/ties_001__zh__r1.json,0,0,0,0,0,1,local_first,ties_001:zh:r1,0,,20dc6c7b9b9fce6a4530991911bd293406185d9b446147c2cfbc6115e23435bf,ties_001,1,1,0
ties_slurs_ornaments,1,interactive_runtime_acceptance,,1.0,4,4,0,1.0,,,0.0,success,generated,seraedit_rule_v1,local_rule,1,0,zh,49.86979999921459,1,1.0,1.0,1,0,1070b0f2345dff697e7a0c9666d702f8d17622d4d6a4e4b14cd1597296d14804,1,9cd7914b7b6f3f69721cefb6a6357145613407fc253081897a975a6342a2d5d4,1,49.86979999921459,0.0,experiments/runtime_acceptance_core_bilingual_r3_v4_20260826/raw_outputs/ties_001__zh__r2.json,0,0,0,0,0,2,local_first,ties_001:zh:r2,0,,20dc6c7b9b9fce6a4530991911bd293406185d9b446147c2cfbc6115e23435bf,ties_001,1,1,0
ties_slurs_ornaments,1,interactive_runtime_acceptance,,1.0,4,4,0,1.0,,,0.0,success,generated,seraedit_rule_v1,local_rule,1,0,zh,52.197800000612915,1,1.0,1.0,1,0,1070b0f2345dff697e7a0c9666d702f8d17622d4d6a4e4b14cd1597296d14804,1,9cd7914b7b6f3f69721cefb6a6357145613407fc253081897a975a6342a2d5d4,1,52.197800000612915,0.0,experiments/runtime_acceptance_core_bilingual_r3_v4_20260826/raw_outputs/ties_001__zh__r3.json,0,0,0,0,0,3,local_first,ties_001:zh:r3,0,,20dc6c7b9b9fce6a4530991911bd293406185d9b446147c2cfbc6115e23435bf,ties_001,1,1,0
meter_measure_structure,1,interactive_runtime_acceptance,,1.0,9,9,0,1.0,,,0.0,success,generated,seraedit_rule_v1,local_rule,1,0,en,45.02379999939876,1,1.0,1.0,1,0,ad5066547dad57ec3f308aaed06aad87ed03f8207dba0e42c27c6650e1198e59,1,49333e3b8bd8584f106bb1d8de1cbf7520bfca4a34933664ebef3a7bc86b14bc,1,45.02379999939876,0.0,experiments/runtime_acceptance_core_bilingual_r3_v4_20260826/raw_outputs/meter_001__en__r1.json,0,0,0,0,0,1,local_first,meter_001:en:r1,0,,97fdafe39a56c75e93b51c0236d2fc8699b59e85b32a988d1ee61a82c1b6c593,meter_001,1,1,0
meter_measure_structure,1,interactive_runtime_acceptance,,1.0,9,9,0,1.0,,,0.0,success,generated,seraedit_rule_v1,local_rule,1,0,en,44.21580000052927,1,1.0,1.0,1,0,ad5066547dad57ec3f308aaed06aad87ed03f8207dba0e42c27c6650e1198e59,1,49333e3b8bd8584f106bb1d8de1cbf7520bfca4a34933664ebef3a7bc86b14bc,1,44.21580000052927,0.0,experiments/runtime_acceptance_core_bilingual_r3_v4_20260826/raw_outputs/meter_001__en__r2.json,0,0,0,0,0,2,local_first,meter_001:en:r2,0,,97fdafe39a56c75e93b51c0236d2fc8699b59e85b32a988d1ee61a82c1b6c593,meter_001,1,1,0
meter_measure_structure,1,interactive_runtime_acceptance,,1.0,9,9,0,1.0,,,0.0,success,generated,seraedit_rule_v1,local_rule,1,0,en,43.82919999989099,1,1.0,1.0,1,0,ad5066547dad57ec3f308aaed06aad87ed03f8207dba0e42c27c6650e1198e59,1,49333e3b8bd8584f106bb1d8de1cbf7520bfca4a34933664ebef3a7bc86b14bc,1,43.82919999989099,0.0,experiments/runtime_acceptance_core_bilingual_r3_v4_20260826/raw_outputs/meter_001__en__r3.json,0,0,0,0,0,3,local_first,meter_001:en:r3,0,,97fdafe39a56c75e93b51c0236d2fc8699b59e85b32a988d1ee61a82c1b6c593,meter_001,1,1,0
meter_measure_structure,1,interactive_runtime_acceptance,,1.0,9,9,0,1.0,,,0.0,success,generated,seraedit_rule_v1,local_rule,1,0,zh,46.91189999994094,1,1.0,1.0,1,0,547c3c53702b631ead07b9b30764ee4f9def2fd0674ec5996241f24ad7f65307,1,49333e3b8bd8584f106bb1d8de1cbf7520bfca4a34933664ebef3a7bc86b14bc,1,46.91189999994094,0.0,experiments/runtime_acceptance_core_bilingual_r3_v4_20260826/raw_outputs/meter_001__zh__r1.json,0,0,0,0,0,1,local_first,meter_001:zh:r1,0,,97fdafe39a56c75e93b51c0236d2fc8699b59e85b32a988d1ee61a82c1b6c593,meter_001,1,1,0
meter_measure_structure,1,interactive_runtime_acceptance,,1.0,9,9,0,1.0,,,0.0,success,generated,seraedit_rule_v1,local_rule,1,0,zh,66.9620999997278,1,1.0,1.0,1,0,547c3c53702b631ead07b9b30764ee4f9def2fd0674ec5996241f24ad7f65307,1,49333e3b8bd8584f106bb1d8de1cbf7520bfca4a34933664ebef3a7bc86b14bc,1,66.9620999997278,0.0,experiments/runtime_acceptance_core_bilingual_r3_v4_20260826/raw_outputs/meter_001__zh__r2.json,0,0,0,0,0,2,local_first,meter_001:zh:r2,0,,97fdafe39a56c75e93b51c0236d2fc8699b59e85b32a988d1ee61a82c1b6c593,meter_001,1,1,0
meter_measure_structure,1,interactive_runtime_acceptance,,1.0,9,9,0,1.0,,,0.0,success,generated,seraedit_rule_v1,local_rule,1,0,zh,44.36489999989135,1,1.0,1.0,1,0,547c3c53702b631ead07b9b30764ee4f9def2fd0674ec5996241f24ad7f65307,1,49333e3b8bd8584f106bb1d8de1cbf7520bfca4a34933664ebef3a7bc86b14bc,1,44.36489999989135,0.0,experiments/runtime_acceptance_core_bilingual_r3_v4_20260826/raw_outputs/meter_001__zh__r3.json,0,0,0,0,0,3,local_first,meter_001:zh:r3,0,,97fdafe39a56c75e93b51c0236d2fc8699b59e85b32a988d1ee61a82c1b6c593,meter_001,1,1,0
compound_multi_step,1,interactive_runtime_acceptance,,1.0,3,3,0,1.0,,,0.0,success,generated,seraedit_rule_v1,local_rule,1,0,en,49.931800000194926,1,1.0,1.0,1,0,196ab1d4150fe784397ab1fb083fdd7e98df217fb077fe15b2a7ac4f12fb8a7f,1,4c44c8328b33d2a860fc5014da7ed8c4656f339098ee5711d2449c0909ce88a1,1,49.931800000194926,0.0,experiments/runtime_acceptance_core_bilingual_r3_v4_20260826/raw_outputs/compound_001__en__r1.json,0,0,0,0,0,1,local_first,compound_001:en:r1,0,,f02add4870808625eb9dfcc9ae01e387f338a1abfdd05b0672e4af7a309eb298,compound_001,1,1,0
compound_multi_step,1,interactive_runtime_acceptance,,1.0,3,3,0,1.0,,,0.0,success,generated,seraedit_rule_v1,local_rule,1,0,en,49.04919999989943,1,1.0,1.0,1,0,196ab1d4150fe784397ab1fb083fdd7e98df217fb077fe15b2a7ac4f12fb8a7f,1,4c44c8328b33d2a860fc5014da7ed8c4656f339098ee5711d2449c0909ce88a1,1,49.04919999989943,0.0,experiments/runtime_acceptance_core_bilingual_r3_v4_20260826/raw_outputs/compound_001__en__r2.json,0,0,0,0,0,2,local_first,compound_001:en:r2,0,,f02add4870808625eb9dfcc9ae01e387f338a1abfdd05b0672e4af7a309eb298,compound_001,1,1,0
compound_multi_step,1,interactive_runtime_acceptance,,1.0,3,3,0,1.0,,,0.0,success,generated,seraedit_rule_v1,local_rule,1,0,en,49.622200000158045,1,1.0,1.0,1,0,196ab1d4150fe784397ab1fb083fdd7e98df217fb077fe15b2a7ac4f12fb8a7f,1,4c44c8328b33d2a860fc5014da7ed8c4656f339098ee5711d2449c0909ce88a1,1,49.622200000158045,0.0,experiments/runtime_acceptance_core_bilingual_r3_v4_20260826/raw_outputs/compound_001__en__r3.json,0,0,0,0,0,3,local_first,compound_001:en:r3,0,,f02add4870808625eb9dfcc9ae01e387f338a1abfdd05b0672e4af7a309eb298,compound_001,1,1,0
compound_multi_step,1,interactive_runtime_acceptance,,1.0,3,3,0,1.0,,,0.0,success,generated,seraedit_rule_v1,local_rule,1,0,zh,51.01629999990109,1,1.0,1.0,1,0,10c1c49655ca4fa65b3c62444a3c33fcf42e1ab4f494d7ca052ab971155faeec,1,4c44c8328b33d2a860fc5014da7ed8c4656f339098ee5711d2449c0909ce88a1,1,51.01629999990109,0.0,experiments/runtime_acceptance_core_bilingual_r3_v4_20260826/raw_outputs/compound_001__zh__r1.json,0,0,0,0,0,1,local_first,compound_001:zh:r1,0,,f02add4870808625eb9dfcc9ae01e387f338a1abfdd05b0672e4af7a309eb298,compound_001,1,1,0
compound_multi_step,1,interactive_runtime_acceptance,,1.0,3,3,0,1.0,,,0.0,success,generated,seraedit_rule_v1,local_rule,1,0,zh,52.753199999642675,1,1.0,1.0,1,0,10c1c49655ca4fa65b3c62444a3c33fcf42e1ab4f494d7ca052ab971155faeec,1,4c44c8328b33d2a860fc5014da7ed8c4656f339098ee5711d2449c0909ce88a1,1,52.753199999642675,0.0,experiments/runtime_acceptance_core_bilingual_r3_v4_20260826/raw_outputs/compound_001__zh__r2.json,0,0,0,0,0,2,local_first,compound_001:zh:r2,0,,f02add4870808625eb9dfcc9ae01e387f338a1abfdd05b0672e4af7a309eb298,compound_001,1,1,0
compound_multi_step,1,interactive_runtime_acceptance,,1.0,3,3,0,1.0,,,0.0,success,generated,seraedit_rule_v1,local_rule,1,0,zh,64.51730000026146,1,1.0,1.0,1,0,10c1c49655ca4fa65b3c62444a3c33fcf42e1ab4f494d7ca052ab971155faeec,1,4c44c8328b33d2a860fc5014da7ed8c4656f339098ee5711d2449c0909ce88a1,1,64.51730000026146,0.0,experiments/runtime_acceptance_core_bilingual_r3_v4_20260826/raw_outputs/compound_001__zh__r3.json,0,0,0,0,0,3,local_first,compound_001:zh:r3,0,,f02add4870808625eb9dfcc9ae01e387f338a1abfdd05b0672e4af7a309eb298,compound_001,1,1,0
conflicting_or_unsupported,1,interactive_runtime_acceptance,,1.0,1,1,1,1.0,,,0.0,refuse,refused,seraedit_rule_v1,local_rule,0,0,en,0.29400000039458973,,1.0,1.0,0,0,74234e98afe7498fb5daf1f36ac2d78acc339464f950703b8c019892f982b90b,0,refused,0,0.29400000039458973,0.0,experiments/runtime_acceptance_core_bilingual_r3_v4_20260826/raw_outputs/conflict_006__en__r1.json,1,0,0,0,0,1,local_first,conflict_006:en:r1,0,,d07935fefb9eb378b16d51bcd1510040077a17127c632f31657c65ebe9093765,conflict_006,1,0,0
conflicting_or_unsupported,1,interactive_runtime_acceptance,,1.0,1,1,1,1.0,,,0.0,refuse,refused,seraedit_rule_v1,local_rule,0,0,en,0.4094000005352427,,1.0,1.0,0,0,74234e98afe7498fb5daf1f36ac2d78acc339464f950703b8c019892f982b90b,0,refused,0,0.4094000005352427,0.0,experiments/runtime_acceptance_core_bilingual_r3_v4_20260826/raw_outputs/conflict_006__en__r2.json,1,0,0,0,0,2,local_first,conflict_006:en:r2,0,,d07935fefb9eb378b16d51bcd1510040077a17127c632f31657c65ebe9093765,conflict_006,1,0,0
conflicting_or_unsupported,1,interactive_runtime_acceptance,,1.0,1,1,1,1.0,,,0.0,refuse,refused,seraedit_rule_v1,local_rule,0,0,en,0.445699999545468,,1.0,1.0,0,0,74234e98afe7498fb5daf1f36ac2d78acc339464f950703b8c019892f982b90b,0,refused,0,0.445699999545468,0.0,experiments/runtime_acceptance_core_bilingual_r3_v4_20260826/raw_outputs/conflict_006__en__r3.json,1,0,0,0,0,3,local_first,conflict_006:en:r3,0,,d07935fefb9eb378b16d51bcd1510040077a17127c632f31657c65ebe9093765,conflict_006,1,0,0
conflicting_or_unsupported,1,interactive_runtime_acceptance,,1.0,1,1,1,1.0,,,0.0,refuse,refused,seraedit_rule_v1,local_rule,0,0,zh,0.4612000002452987,,1.0,1.0,0,0,74234e98afe7498fb5daf1f36ac2d78acc339464f950703b8c019892f982b90b,0,refused,0,0.4612000002452987,0.0,experiments/runtime_acceptance_core_bilingual_r3_v4_20260826/raw_outputs/conflict_006__zh__r1.json,1,0,0,0,0,1,local_first,conflict_006:zh:r1,0,,d07935fefb9eb378b16d51bcd1510040077a17127c632f31657c65ebe9093765,conflict_006,1,0,0
conflicting_or_unsupported,1,interactive_runtime_acceptance,,1.0,1,1,1,1.0,,,0.0,refuse,refused,seraedit_rule_v1,local_rule,0,0,zh,0.4417000000103144,,1.0,1.0,0,0,74234e98afe7498fb5daf1f36ac2d78acc339464f950703b8c019892f982b90b,0,refused,0,0.4417000000103144,0.0,experiments/runtime_acceptance_core_bilingual_r3_v4_20260826/raw_outputs/conflict_006__zh__r2.json,1,0,0,0,0,2,local_first,conflict_006:zh:r2,0,,d07935fefb9eb378b16d51bcd1510040077a17127c632f31657c65ebe9093765,conflict_006,1,0,0
conflicting_or_unsupported,1,interactive_runtime_acceptance,,1.0,1,1,1,1.0,,,0.0,refuse,refused,seraedit_rule_v1,local_rule,0,0,zh,0.31519999993179226,,1.0,1.0,0,0,74234e98afe7498fb5daf1f36ac2d78acc339464f950703b8c019892f982b90b,0,refused,0,0.31519999993179226,0.0,experiments/runtime_acceptance_core_bilingual_r3_v4_20260826/raw_outputs/conflict_006__zh__r3.json,1,0,0,0,0,3,local_first,conflict_006:zh:r3,0,,d07935fefb9eb378b16d51bcd1510040077a17127c632f31657c65ebe9093765,conflict_006,1,0,0
pitch_transposition,1,interactive_runtime_acceptance,,1.0,2,2,0,1.0,,,0.0,success,generated,seraedit_rule_v1,local_rule,1,0,en,49.035400000320806,1,1.0,1.0,1,0,de8bb46ea7976a6fc8780f1ac8b5a9a508b17e0889513a2300ded9cdc86faf8a,1,ecf2a3c83b6224f1a7c887f4ab6e3c93fb84760ff46e38e576f29c163f91d4d4,1,49.035400000320806,0.0,experiments/runtime_acceptance_core_bilingual_r3_v4_20260826/raw_outputs/pitch_007__en__r1.json,0,0,0,0,0,1,local_first,pitch_007:en:r1,0,,aa502f29490ff4552d2f0a9fdada35c31a76c14ee543e4beb26b0c9188bc4f51,pitch_007,1,1,0
pitch_transposition,1,interactive_runtime_acceptance,,1.0,2,2,0,1.0,,,0.0,success,generated,seraedit_rule_v1,local_rule,1,0,en,49.75730000023759,1,1.0,1.0,1,0,de8bb46ea7976a6fc8780f1ac8b5a9a508b17e0889513a2300ded9cdc86faf8a,1,ecf2a3c83b6224f1a7c887f4ab6e3c93fb84760ff46e38e576f29c163f91d4d4,1,49.75730000023759,0.0,experiments/runtime_acceptance_core_bilingual_r3_v4_20260826/raw_outputs/pitch_007__en__r2.json,0,0,0,0,0,2,local_first,pitch_007:en:r2,0,,aa502f29490ff4552d2f0a9fdada35c31a76c14ee543e4beb26b0c9188bc4f51,pitch_007,1,1,0
pitch_transposition,1,interactive_runtime_acceptance,,1.0,2,2,0,1.0,,,0.0,success,generated,seraedit_rule_v1,local_rule,1,0,en,48.73719999977766,1,1.0,1.0,1,0,de8bb46ea7976a6fc8780f1ac8b5a9a508b17e0889513a2300ded9cdc86faf8a,1,ecf2a3c83b6224f1a7c887f4ab6e3c93fb84760ff46e38e576f29c163f91d4d4,1,48.73719999977766,0.0,experiments/runtime_acceptance_core_bilingual_r3_v4_20260826/raw_outputs/pitch_007__en__r3.json,0,0,0,0,0,3,local_first,pitch_007:en:r3,0,,aa502f29490ff4552d2f0a9fdada35c31a76c14ee543e4beb26b0c9188bc4f51,pitch_007,1,1,0
pitch_transposition,1,interactive_runtime_acceptance,,1.0,2,2,0,1.0,,,0.0,success,generated,seraedit_rule_v1,local_rule,1,0,zh,50.44809999981226,1,1.0,1.0,1,0,1890535c5366f3aa5b2285cda53dfceaa11518571c3f90fa97cb8d2fe978f4be,1,ecf2a3c83b6224f1a7c887f4ab6e3c93fb84760ff46e38e576f29c163f91d4d4,1,50.44809999981226,0.0,experiments/runtime_acceptance_core_bilingual_r3_v4_20260826/raw_outputs/pitch_007__zh__r1.json,0,0,0,0,0,1,local_first,pitch_007:zh:r1,0,,aa502f29490ff4552d2f0a9fdada35c31a76c14ee543e4beb26b0c9188bc4f51,pitch_007,1,1,0
pitch_transposition,1,interactive_runtime_acceptance,,1.0,2,2,0,1.0,,,0.0,success,generated,seraedit_rule_v1,local_rule,1,0,zh,49.08210000030522,1,1.0,1.0,1,0,1890535c5366f3aa5b2285cda53dfceaa11518571c3f90fa97cb8d2fe978f4be,1,ecf2a3c83b6224f1a7c887f4ab6e3c93fb84760ff46e38e576f29c163f91d4d4,1,49.08210000030522,0.0,experiments/runtime_acceptance_core_bilingual_r3_v4_20260826/raw_outputs/pitch_007__zh__r2.json,0,0,0,0,0,2,local_first,pitch_007:zh:r2,0,,aa502f29490ff4552d2f0a9fdada35c31a76c14ee543e4beb26b0c9188bc4f51,pitch_007,1,1,0
pitch_transposition,1,interactive_runtime_acceptance,,1.0,2,2,0,1.0,,,0.0,success,generated,seraedit_rule_v1,local_rule,1,0,zh,67.48830000015005,1,1.0,1.0,1,0,1890535c5366f3aa5b2285cda53dfceaa11518571c3f90fa97cb8d2fe978f4be,1,ecf2a3c83b6224f1a7c887f4ab6e3c93fb84760ff46e38e576f29c163f91d4d4,1,67.48830000015005,0.0,experiments/runtime_acceptance_core_bilingual_r3_v4_20260826/raw_outputs/pitch_007__zh__r3.json,0,0,0,0,0,3,local_first,pitch_007:zh:r3,0,,aa502f29490ff4552d2f0a9fdada35c31a76c14ee543e4beb26b0c9188bc4f51,pitch_007,1,1,0
rhythm_duration,1,interactive_runtime_acceptance,,1.0,2,2,0,1.0,,,0.0,success,generated,seraedit_rule_v1,local_rule,1,0,en,49.75009999998292,1,1.0,1.0,1,0,5de6e9eb53b0307e0d90e6e9ba46baf6824c662ffbf4d492fc48dc2c9100fa10,1,283ef39a4b2a874e41828330435ff7c5f734fdaf5db77bd60a6593e6c59f853f,1,49.75009999998292,0.0,experiments/runtime_acceptance_core_bilingual_r3_v4_20260826/raw_outputs/rhythm_007__en__r1.json,0,0,0,0,0,1,local_first,rhythm_007:en:r1,0,,a1aa2652b14d8df18eb78e010371092f8ca1c25469573f2807ec0d2f93aed886,rhythm_007,1,1,0
rhythm_duration,1,interactive_runtime_acceptance,,1.0,2,2,0,1.0,,,0.0,success,generated,seraedit_rule_v1,local_rule,1,0,en,47.94640000000072,1,1.0,1.0,1,0,5de6e9eb53b0307e0d90e6e9ba46baf6824c662ffbf4d492fc48dc2c9100fa10,1,283ef39a4b2a874e41828330435ff7c5f734fdaf5db77bd60a6593e6c59f853f,1,47.94640000000072,0.0,experiments/runtime_acceptance_core_bilingual_r3_v4_20260826/raw_outputs/rhythm_007__en__r2.json,0,0,0,0,0,2,local_first,rhythm_007:en:r2,0,,a1aa2652b14d8df18eb78e010371092f8ca1c25469573f2807ec0d2f93aed886,rhythm_007,1,1,0
rhythm_duration,1,interactive_runtime_acceptance,,1.0,2,2,0,1.0,,,0.0,success,generated,seraedit_rule_v1,local_rule,1,0,en,70.43830000020534,1,1.0,1.0,1,0,5de6e9eb53b0307e0d90e6e9ba46baf6824c662ffbf4d492fc48dc2c9100fa10,1,283ef39a4b2a874e41828330435ff7c5f734fdaf5db77bd60a6593e6c59f853f,1,70.43830000020534,0.0,experiments/runtime_acceptance_core_bilingual_r3_v4_20260826/raw_outputs/rhythm_007__en__r3.json,0,0,0,0,0,3,local_first,rhythm_007:en:r3,0,,a1aa2652b14d8df18eb78e010371092f8ca1c25469573f2807ec0d2f93aed886,rhythm_007,1,1,0
rhythm_duration,1,interactive_runtime_acceptance,,1.0,2,2,0,1.0,,,0.0,success,generated,seraedit_rule_v1,local_rule,1,0,zh,77.89860000048066,1,1.0,1.0,1,0,e866628a9b2af56454d6e8efdc2b6b9038887b3a55711e378d6a5dab71210a81,1,283ef39a4b2a874e41828330435ff7c5f734fdaf5db77bd60a6593e6c59f853f,1,77.89860000048066,0.0,experiments/runtime_acceptance_core_bilingual_r3_v4_20260826/raw_outputs/rhythm_007__zh__r1.json,0,0,0,0,0,1,local_first,rhythm_007:zh:r1,0,,a1aa2652b14d8df18eb78e010371092f8ca1c25469573f2807ec0d2f93aed886,rhythm_007,1,1,0
rhythm_duration,1,interactive_runtime_acceptance,,1.0,2,2,0,1.0,,,0.0,success,generated,seraedit_rule_v1,local_rule,1,0,zh,64.88999999965017,1,1.0,1.0,1,0,e866628a9b2af56454d6e8efdc2b6b9038887b3a55711e378d6a5dab71210a81,1,283ef39a4b2a874e41828330435ff7c5f734fdaf5db77bd60a6593e6c59f853f,1,64.88999999965017,0.0,experiments/runtime_acceptance_core_bilingual_r3_v4_20260826/raw_outputs/rhythm_007__zh__r2.json,0,0,0,0,0,2,local_first,rhythm_007:zh:r2,0,,a1aa2652b14d8df18eb78e010371092f8ca1c25469573f2807ec0d2f93aed886,rhythm_007,1,1,0
rhythm_duration,1,interactive_runtime_acceptance,,1.0,2,2,0,1.0,,,0.0,success,generated,seraedit_rule_v1,local_rule,1,0,zh,64.36039999971399,1,1.0,1.0,1,0,e866628a9b2af56454d6e8efdc2b6b9038887b3a55711e378d6a5dab71210a81,1,283ef39a4b2a874e41828330435ff7c5f734fdaf5db77bd60a6593e6c59f853f,1,64.36039999971399,0.0,experiments/runtime_acceptance_core_bilingual_r3_v4_20260826/raw_outputs/rhythm_007__zh__r3.json,0,0,0,0,0,3,local_first,rhythm_007:zh:r3,0,,a1aa2652b14d8df18eb78e010371092f8ca1c25469573f2807ec0d2f93aed886,rhythm_007,1,1,0
key_harmony,1,interactive_runtime_acceptance,,1.0,2,2,0,1.0,,,0.0,success,generated,seraedit_rule_v1,local_rule,1,0,en,78.57380000041303,1,1.0,1.0,1,0,0d4379f974de2bd801bfc25ce03cc0d9425da33be6941aed5585cc058a8d5a33,1,18db96f6eed862c4b13bcbb33db06e4696c865582a478e9449ffe390e45b35e1,1,78.57380000041303,0.0,experiments/runtime_acceptance_core_bilingual_r3_v4_20260826/raw_outputs/key_007__en__r1.json,0,0,0,0,0,1,local_first,key_007:en:r1,0,,0a7d741614773fae0faec7a74bd9d098e2177c97a763376ea67e7eec922d13c8,key_007,1,1,0
key_harmony,1,interactive_runtime_acceptance,,1.0,2,2,0,1.0,,,0.0,success,generated,seraedit_rule_v1,local_rule,1,0,en,50.3950000002078,1,1.0,1.0,1,0,0d4379f974de2bd801bfc25ce03cc0d9425da33be6941aed5585cc058a8d5a33,1,18db96f6eed862c4b13bcbb33db06e4696c865582a478e9449ffe390e45b35e1,1,50.3950000002078,0.0,experiments/runtime_acceptance_core_bilingual_r3_v4_20260826/raw_outputs/key_007__en__r2.json,0,0,0,0,0,2,local_first,key_007:en:r2,0,,0a7d741614773fae0faec7a74bd9d098e2177c97a763376ea67e7eec922d13c8,key_007,1,1,0
key_harmony,1,interactive_runtime_acceptance,,1.0,2,2,0,1.0,,,0.0,success,generated,seraedit_rule_v1,local_rule,1,0,en,54.955700000391516,1,1.0,1.0,1,0,0d4379f974de2bd801bfc25ce03cc0d9425da33be6941aed5585cc058a8d5a33,1,18db96f6eed862c4b13bcbb33db06e4696c865582a478e9449ffe390e45b35e1,1,54.955700000391516,0.0,experiments/runtime_acceptance_core_bilingual_r3_v4_20260826/raw_outputs/key_007__en__r3.json,0,0,0,0,0,3,local_first,key_007:en:r3,0,,0a7d741614773fae0faec7a74bd9d098e2177c97a763376ea67e7eec922d13c8,key_007,1,1,0
key_harmony,1,interactive_runtime_acceptance,,1.0,2,2,0,1.0,,,0.0,success,generated,seraedit_rule_v1,local_rule,1,0,zh,52.9487000003428,1,1.0,1.0,1,0,b836651954408583f50e4674cab066cc15f8b9f36b9c2e8360a0be854704c25b,1,18db96f6eed862c4b13bcbb33db06e4696c865582a478e9449ffe390e45b35e1,1,52.9487000003428,0.0,experiments/runtime_acceptance_core_bilingual_r3_v4_20260826/raw_outputs/key_007__zh__r1.json,0,0,0,0,0,1,local_first,key_007:zh:r1,0,,0a7d741614773fae0faec7a74bd9d098e2177c97a763376ea67e7eec922d13c8,key_007,1,1,0
key_harmony,1,interactive_runtime_acceptance,,1.0,2,2,0,1.0,,,0.0,success,generated,seraedit_rule_v1,local_rule,1,0,zh,51.798800000142364,1,1.0,1.0,1,0,b836651954408583f50e4674cab066cc15f8b9f36b9c2e8360a0be854704c25b,1,18db96f6eed862c4b13bcbb33db06e4696c865582a478e9449ffe390e45b35e1,1,51.798800000142364,0.0,experiments/runtime_acceptance_core_bilingual_r3_v4_20260826/raw_outputs/key_007__zh__r2.json,0,0,0,0,0,2,local_first,key_007:zh:r2,0,,0a7d741614773fae0faec7a74bd9d098e2177c97a763376ea67e7eec922d13c8,key_007,1,1,0
key_harmony,1,interactive_runtime_acceptance,,1.0,2,2,0,1.0,,,0.0,success,generated,seraedit_rule_v1,local_rule,1,0,zh,71.04340000023512,1,1.0,1.0,1,0,b836651954408583f50e4674cab066cc15f8b9f36b9c2e8360a0be854704c25b,1,18db96f6eed862c4b13bcbb33db06e4696c865582a478e9449ffe390e45b35e1,1,71.04340000023512,0.0,experiments/runtime_acceptance_core_bilingual_r3_v4_20260826/raw_outputs/key_007__zh__r3.json,0,0,0,0,0,3,local_first,key_007:zh:r3,0,,0a7d741614773fae0faec7a74bd9d098e2177c97a763376ea67e7eec922d13c8,key_007,1,1,0
voice_texture,1,interactive_runtime_acceptance,,1.0,6,6,0,1.0,,,0.0,success,generated,seraedit_rule_v1,local_rule,1,0,en,52.93789999996079,1,1.0,1.0,1,0,dcfbad505f810fbdbdc8a2e2c10c36d1255135756b44fbc02662daea2bec9e2e,1,db4312d52b8d80dd24688bced2934e410667ad10d6bc8e9ce8e1c6f942843912,1,52.93789999996079,0.0,experiments/runtime_acceptance_core_bilingual_r3_v4_20260826/raw_outputs/voice_002__en__r1.json,0,0,0,0,0,1,local_first,voice_002:en:r1,0,,0a6262a4fec12d3d4327379a3e1410a30749b349d2f00afd7a7648ffbd0a93e7,voice_002,1,1,0
voice_texture,1,interactive_runtime_acceptance,,1.0,6,6,0,1.0,,,0.0,success,generated,seraedit_rule_v1,local_rule,1,0,en,53.43150000044261,1,1.0,1.0,1,0,dcfbad505f810fbdbdc8a2e2c10c36d1255135756b44fbc02662daea2bec9e2e,1,db4312d52b8d80dd24688bced2934e410667ad10d6bc8e9ce8e1c6f942843912,1,53.43150000044261,0.0,experiments/runtime_acceptance_core_bilingual_r3_v4_20260826/raw_outputs/voice_002__en__r2.json,0,0,0,0,0,2,local_first,voice_002:en:r2,0,,0a6262a4fec12d3d4327379a3e1410a30749b349d2f00afd7a7648ffbd0a93e7,voice_002,1,1,0
voice_texture,1,interactive_runtime_acceptance,,1.0,6,6,0,1.0,,,0.0,success,generated,seraedit_rule_v1,local_rule,1,0,en,50.96789999970497,1,1.0,1.0,1,0,dcfbad505f810fbdbdc8a2e2c10c36d1255135756b44fbc02662daea2bec9e2e,1,db4312d52b8d80dd24688bced2934e410667ad10d6bc8e9ce8e1c6f942843912,1,50.96789999970497,0.0,experiments/runtime_acceptance_core_bilingual_r3_v4_20260826/raw_outputs/voice_002__en__r3.json,0,0,0,0,0,3,local_first,voice_002:en:r3,0,,0a6262a4fec12d3d4327379a3e1410a30749b349d2f00afd7a7648ffbd0a93e7,voice_002,1,1,0
voice_texture,1,interactive_runtime_acceptance,,1.0,6,6,0,1.0,,,0.0,success,generated,seraedit_rule_v1,local_rule,1,0,zh,53.379599999971106,1,1.0,1.0,1,0,e4e39a23d85983e852553d47e6202439536a85dd075616918170b99a16e3f3e6,1,db4312d52b8d80dd24688bced2934e410667ad10d6bc8e9ce8e1c6f942843912,1,53.379599999971106,0.0,experiments/runtime_acceptance_core_bilingual_r3_v4_20260826/raw_outputs/voice_002__zh__r1.json,0,0,0,0,0,1,local_first,voice_002:zh:r1,0,,0a6262a4fec12d3d4327379a3e1410a30749b349d2f00afd7a7648ffbd0a93e7,voice_002,1,1,0
voice_texture,1,interactive_runtime_acceptance,,1.0,6,6,0,1.0,,,0.0,success,generated,seraedit_rule_v1,local_rule,1,0,zh,73.36969999960274,1,1.0,1.0,1,0,e4e39a23d85983e852553d47e6202439536a85dd075616918170b99a16e3f3e6,1,db4312d52b8d80dd24688bced2934e410667ad10d6bc8e9ce8e1c6f942843912,1,73.36969999960274,0.0,experiments/runtime_acceptance_core_bilingual_r3_v4_20260826/raw_outputs/voice_002__zh__r2.json,0,0,0,0,0,2,local_first,voice_002:zh:r2,0,,0a6262a4fec12d3d4327379a3e1410a30749b349d2f00afd7a7648ffbd0a93e7,voice_002,1,1,0
voice_texture,1,interactive_runtime_acceptance,,1.0,6,6,0,1.0,,,0.0,success,generated,seraedit_rule_v1,local_rule,1,0,zh,51.196100000197475,1,1.0,1.0,1,0,e4e39a23d85983e852553d47e6202439536a85dd075616918170b99a16e3f3e6,1,db4312d52b8d80dd24688bced2934e410667ad10d6bc8e9ce8e1c6f942843912,1,51.196100000197475,0.0,experiments/runtime_acceptance_core_bilingual_r3_v4_20260826/raw_outputs/voice_002__zh__r3.json,0,0,0,0,0,3,local_first,voice_002:zh:r3,0,,0a6262a4fec12d3d4327379a3e1410a30749b349d2f00afd7a7648ffbd0a93e7,voice_002,1,1,0
dynamics_articulation,1,interactive_runtime_acceptance,,1.0,3,3,0,1.0,,,0.0,success,generated,seraedit_rule_v1,local_rule,1,0,en,50.96319999938714,1,1.0,1.0,1,0,d7ff3181d35e76f85299a72661932b4c9410bb5fc90c2a03a0b66c8b67a25679,1,bc68763e14d5e48b78365c65f2cc57818c5c5287bc4c953f7c209a6197989220,1,50.96319999938714,0.0,experiments/runtime_acceptance_core_bilingual_r3_v4_20260826/raw_outputs/dynamics_007__en__r1.json,0,0,0,0,0,1,local_first,dynamics_007:en:r1,0,,42f9005ce84d8de1c2e58605c759ddb2599ca8f31e8aae4533be38b07d51497c,dynamics_007,1,1,0
dynamics_articulation,1,interactive_runtime_acceptance,,1.0,3,3,0,1.0,,,0.0,success,generated,seraedit_rule_v1,local_rule,1,0,en,53.25859999993554,1,1.0,1.0,1,0,d7ff3181d35e76f85299a72661932b4c9410bb5fc90c2a03a0b66c8b67a25679,1,bc68763e14d5e48b78365c65f2cc57818c5c5287bc4c953f7c209a6197989220,1,53.25859999993554,0.0,experiments/runtime_acceptance_core_bilingual_r3_v4_20260826/raw_outputs/dynamics_007__en__r2.json,0,0,0,0,0,2,local_first,dynamics_007:en:r2,0,,42f9005ce84d8de1c2e58605c759ddb2599ca8f31e8aae4533be38b07d51497c,dynamics_007,1,1,0
dynamics_articulation,1,interactive_runtime_acceptance,,1.0,3,3,0,1.0,,,0.0,success,generated,seraedit_rule_v1,local_rule,1,0,en,52.10559999977704,1,1.0,1.0,1,0,d7ff3181d35e76f85299a72661932b4c9410bb5fc90c2a03a0b66c8b67a25679,1,bc68763e14d5e48b78365c65f2cc57818c5c5287bc4c953f7c209a6197989220,1,52.10559999977704,0.0,experiments/runtime_acceptance_core_bilingual_r3_v4_20260826/raw_outputs/dynamics_007__en__r3.json,0,0,0,0,0,3,local_first,dynamics_007:en:r3,0,,42f9005ce84d8de1c2e58605c759ddb2599ca8f31e8aae4533be38b07d51497c,dynamics_007,1,1,0
dynamics_articulation,1,interactive_runtime_acceptance,,1.0,3,3,0,1.0,,,0.0,success,generated,seraedit_rule_v1,local_rule,1,0,zh,54.781599999842,1,1.0,1.0,1,0,4de7a164d3e79695e5fcf11934c2d5371b008149eccbc8fd81d0744a6669de0d,1,bc68763e14d5e48b78365c65f2cc57818c5c5287bc4c953f7c209a6197989220,1,54.781599999842,0.0,experiments/runtime_acceptance_core_bilingual_r3_v4_20260826/raw_outputs/dynamics_007__zh__r1.json,0,0,0,0,0,1,local_first,dynamics_007:zh:r1,0,,42f9005ce84d8de1c2e58605c759ddb2599ca8f31e8aae4533be38b07d51497c,dynamics_007,1,1,0
dynamics_articulation,1,interactive_runtime_acceptance,,1.0,3,3,0,1.0,,,0.0,success,generated,seraedit_rule_v1,local_rule,1,0,zh,71.18979999995645,1,1.0,1.0,1,0,4de7a164d3e79695e5fcf11934c2d5371b008149eccbc8fd81d0744a6669de0d,1,bc68763e14d5e48b78365c65f2cc57818c5c5287bc4c953f7c209a6197989220,1,71.18979999995645,0.0,experiments/runtime_acceptance_core_bilingual_r3_v4_20260826/raw_outputs/dynamics_007__zh__r2.json,0,0,0,0,0,2,local_first,dynamics_007:zh:r2,0,,42f9005ce84d8de1c2e58605c759ddb2599ca8f31e8aae4533be38b07d51497c,dynamics_007,1,1,0
dynamics_articulation,1,interactive_runtime_acceptance,,1.0,3,3,0,1.0,,,0.0,success,generated,seraedit_rule_v1,local_rule,1,0,zh,54.52160000004369,1,1.0,1.0,1,0,4de7a164d3e79695e5fcf11934c2d5371b008149eccbc8fd81d0744a6669de0d,1,bc68763e14d5e48b78365c65f2cc57818c5c5287bc4c953f7c209a6197989220,1,54.52160000004369,0.0,experiments/runtime_acceptance_core_bilingual_r3_v4_20260826/raw_outputs/dynamics_007__zh__r3.json,0,0,0,0,0,3,local_first,dynamics_007:zh:r3,0,,42f9005ce84d8de1c2e58605c759ddb2599ca8f31e8aae4533be38b07d51497c,dynamics_007,1,1,0
insertion_deletion,1,interactive_runtime_acceptance,,1.0,2,2,0,1.0,,,0.0,success,generated,seraedit_rule_v1,local_rule,1,0,en,51.59599999933562,1,1.0,1.0,1,0,903a2893a618cdf98d69ee2b9a46fa48ba86c4eb6b1596032e15e99f5d58ae9f,1,72280b783edf46d46d56e430525f3d997c1791e6fbea05deb66ae9293bb3ee92,1,51.59599999933562,0.0,experiments/runtime_acceptance_core_bilingual_r3_v4_20260826/raw_outputs/insertion_007__en__r1.json,0,0,0,0,0,1,local_first,insertion_007:en:r1,0,,893ee5b40ddd64f021a411e45ebbffae62120c615de36dc5ef94400b5528a3a7,insertion_007,1,1,0
insertion_deletion,1,interactive_runtime_acceptance,,1.0,2,2,0,1.0,,,0.0,success,generated,seraedit_rule_v1,local_rule,1,0,en,54.40770000041084,1,1.0,1.0,1,0,903a2893a618cdf98d69ee2b9a46fa48ba86c4eb6b1596032e15e99f5d58ae9f,1,72280b783edf46d46d56e430525f3d997c1791e6fbea05deb66ae9293bb3ee92,1,54.40770000041084,0.0,experiments/runtime_acceptance_core_bilingual_r3_v4_20260826/raw_outputs/insertion_007__en__r2.json,0,0,0,0,0,2,local_first,insertion_007:en:r2,0,,893ee5b40ddd64f021a411e45ebbffae62120c615de36dc5ef94400b5528a3a7,insertion_007,1,1,0
insertion_deletion,1,interactive_runtime_acceptance,,1.0,2,2,0,1.0,,,0.0,success,generated,seraedit_rule_v1,local_rule,1,0,en,53.045900000142865,1,1.0,1.0,1,0,903a2893a618cdf98d69ee2b9a46fa48ba86c4eb6b1596032e15e99f5d58ae9f,1,72280b783edf46d46d56e430525f3d997c1791e6fbea05deb66ae9293bb3ee92,1,53.045900000142865,0.0,experiments/runtime_acceptance_core_bilingual_r3_v4_20260826/raw_outputs/insertion_007__en__r3.json,0,0,0,0,0,3,local_first,insertion_007:en:r3,0,,893ee5b40ddd64f021a411e45ebbffae62120c615de36dc5ef94400b5528a3a7,insertion_007,1,1,0
insertion_deletion,1,interactive_runtime_acceptance,,1.0,2,2,0,1.0,,,0.0,success,generated,seraedit_rule_v1,local_rule,1,0,zh,70.77449999997043,1,1.0,1.0,1,0,f6548058f4425dbf621c50b7f3ab99b737c9aee299d0135c0eb3f290bb9b6b60,1,72280b783edf46d46d56e430525f3d997c1791e6fbea05deb66ae9293bb3ee92,1,70.77449999997043,0.0,experiments/runtime_acceptance_core_bilingual_r3_v4_20260826/raw_outputs/insertion_007__zh__r1.json,0,0,0,0,0,1,local_first,insertion_007:zh:r1,0,,893ee5b40ddd64f021a411e45ebbffae62120c615de36dc5ef94400b5528a3a7,insertion_007,1,1,0
insertion_deletion,1,interactive_runtime_acceptance,,1.0,2,2,0,1.0,,,0.0,success,generated,seraedit_rule_v1,local_rule,1,0,zh,53.70530000072904,1,1.0,1.0,1,0,f6548058f4425dbf621c50b7f3ab99b737c9aee299d0135c0eb3f290bb9b6b60,1,72280b783edf46d46d56e430525f3d997c1791e6fbea05deb66ae9293bb3ee92,1,53.70530000072904,0.0,experiments/runtime_acceptance_core_bilingual_r3_v4_20260826/raw_outputs/insertion_007__zh__r2.json,0,0,0,0,0,2,local_first,insertion_007:zh:r2,0,,893ee5b40ddd64f021a411e45ebbffae62120c615de36dc5ef94400b5528a3a7,insertion_007,1,1,0
insertion_deletion,1,interactive_runtime_acceptance,,1.0,2,2,0,1.0,,,0.0,success,generated,seraedit_rule_v1,local_rule,1,0,zh,52.22079999930429,1,1.0,1.0,1,0,f6548058f4425dbf621c50b7f3ab99b737c9aee299d0135c0eb3f290bb9b6b60,1,72280b783edf46d46d56e430525f3d997c1791e6fbea05deb66ae9293bb3ee92,1,52.22079999930429,0.0,experiments/runtime_acceptance_core_bilingual_r3_v4_20260826/raw_outputs/insertion_007__zh__r3.json,0,0,0,0,0,3,local_first,insertion_007:zh:r3,0,,893ee5b40ddd64f021a411e45ebbffae62120c615de36dc5ef94400b5528a3a7,insertion_007,1,1,0
ties_slurs_ornaments,1,interactive_runtime_acceptance,,1.0,4,4,0,1.0,,,0.0,success,generated,seraedit_rule_v1,local_rule,1,0,en,54.07279999963066,1,1.0,1.0,1,0,87ec33fd604e5075277814f00a534000af4512bd1fb7b17acc5d39467d94c771,1,5d78aea2cdd46022a2b4ed30791a4f71e5a377793dc091db46257487c8391492,1,54.07279999963066,0.0,experiments/runtime_acceptance_core_bilingual_r3_v4_20260826/raw_outputs/ties_002__en__r1.json,0,0,0,0,0,1,local_first,ties_002:en:r1,0,,b912ddc14d3aafc7135be0ee4b8a8c206b12e5d0582b4fbf1a024ece999d568c,ties_002,1,1,0
ties_slurs_ornaments,1,interactive_runtime_acceptance,,1.0,4,4,0,1.0,,,0.0,success,generated,seraedit_rule_v1,local_rule,1,0,en,54.5908000003692,1,1.0,1.0,1,0,87ec33fd604e5075277814f00a534000af4512bd1fb7b17acc5d39467d94c771,1,5d78aea2cdd46022a2b4ed30791a4f71e5a377793dc091db46257487c8391492,1,54.5908000003692,0.0,experiments/runtime_acceptance_core_bilingual_r3_v4_20260826/raw_outputs/ties_002__en__r2.json,0,0,0,0,0,2,local_first,ties_002:en:r2,0,,b912ddc14d3aafc7135be0ee4b8a8c206b12e5d0582b4fbf1a024ece999d568c,ties_002,1,1,0
ties_slurs_ornaments,1,interactive_runtime_acceptance,,1.0,4,4,0,1.0,,,0.0,success,generated,seraedit_rule_v1,local_rule,1,0,en,70.0328000002628,1,1.0,1.0,1,0,87ec33fd604e5075277814f00a534000af4512bd1fb7b17acc5d39467d94c771,1,5d78aea2cdd46022a2b4ed30791a4f71e5a377793dc091db46257487c8391492,1,70.0328000002628,0.0,experiments/runtime_acceptance_core_bilingual_r3_v4_20260826/raw_outputs/ties_002__en__r3.json,0,0,0,0,0,3,local_first,ties_002:en:r3,0,,b912ddc14d3aafc7135be0ee4b8a8c206b12e5d0582b4fbf1a024ece999d568c,ties_002,1,1,0
ties_slurs_ornaments,1,interactive_runtime_acceptance,,1.0,4,4,0,1.0,,,0.0,success,generated,seraedit_rule_v1,local_rule,1,0,zh,54.02409999987867,1,1.0,1.0,1,0,07966ee909198bc4dc3d53acae49657664219f5da31fb3f9b4bcd81f4b1d3789,1,5d78aea2cdd46022a2b4ed30791a4f71e5a377793dc091db46257487c8391492,1,54.02409999987867,0.0,experiments/runtime_acceptance_core_bilingual_r3_v4_20260826/raw_outputs/ties_002__zh__r1.json,0,0,0,0,0,1,local_first,ties_002:zh:r1,0,,b912ddc14d3aafc7135be0ee4b8a8c206b12e5d0582b4fbf1a024ece999d568c,ties_002,1,1,0
ties_slurs_ornaments,1,interactive_runtime_acceptance,,1.0,4,4,0,1.0,,,0.0,success,generated,seraedit_rule_v1,local_rule,1,0,zh,61.99730000025738,1,1.0,1.0,1,0,07966ee909198bc4dc3d53acae49657664219f5da31fb3f9b4bcd81f4b1d3789,1,5d78aea2cdd46022a2b4ed30791a4f71e5a377793dc091db46257487c8391492,1,61.99730000025738,0.0,experiments/runtime_acceptance_core_bilingual_r3_v4_20260826/raw_outputs/ties_002__zh__r2.json,0,0,0,0,0,2,local_first,ties_002:zh:r2,0,,b912ddc14d3aafc7135be0ee4b8a8c206b12e5d0582b4fbf1a024ece999d568c,ties_002,1,1,0
ties_slurs_ornaments,1,interactive_runtime_acceptance,,1.0,4,4,0,1.0,,,0.0,success,generated,seraedit_rule_v1,local_rule,1,0,zh,56.31999999968684,1,1.0,1.0,1,0,07966ee909198bc4dc3d53acae49657664219f5da31fb3f9b4bcd81f4b1d3789,1,5d78aea2cdd46022a2b4ed30791a4f71e5a377793dc091db46257487c8391492,1,56.31999999968684,0.0,experiments/runtime_acceptance_core_bilingual_r3_v4_20260826/raw_outputs/ties_002__zh__r3.json,0,0,0,0,0,3,local_first,ties_002:zh:r3,0,,b912ddc14d3aafc7135be0ee4b8a8c206b12e5d0582b4fbf1a024ece999d568c,ties_002,1,1,0
meter_measure_structure,1,interactive_runtime_acceptance,,1.0,3,3,0,1.0,,,0.0,success,generated,seraedit_rule_v1,local_rule,1,0,en,61.022699999739416,1,1.0,1.0,1,0,abe1f597b911ab79a1854f799500fcd652d08f793e2603e305eff1eb71e78fbb,1,734fc17eb2ef326ba8cd9ed750f56a1913ddb6f3ae35c1e3af14e79c64929f32,1,61.022699999739416,0.0,experiments/runtime_acceptance_core_bilingual_r3_v4_20260826/raw_outputs/meter_002__en__r1.json,0,0,0,0,0,1,local_first,meter_002:en:r1,0,,4f1cf097d48cb3860058b259bced4d935ebe12b1e9d34dd7b53cd1e6bdfd2f7b,meter_002,1,1,0
meter_measure_structure,1,interactive_runtime_acceptance,,1.0,3,3,0,1.0,,,0.0,success,generated,seraedit_rule_v1,local_rule,1,0,en,53.01419999977952,1,1.0,1.0,1,0,abe1f597b911ab79a1854f799500fcd652d08f793e2603e305eff1eb71e78fbb,1,734fc17eb2ef326ba8cd9ed750f56a1913ddb6f3ae35c1e3af14e79c64929f32,1,53.01419999977952,0.0,experiments/runtime_acceptance_core_bilingual_r3_v4_20260826/raw_outputs/meter_002__en__r2.json,0,0,0,0,0,2,local_first,meter_002:en:r2,0,,4f1cf097d48cb3860058b259bced4d935ebe12b1e9d34dd7b53cd1e6bdfd2f7b,meter_002,1,1,0
meter_measure_structure,1,interactive_runtime_acceptance,,1.0,3,3,0,1.0,,,0.0,success,generated,seraedit_rule_v1,local_rule,1,0,en,72.43910000033793,1,1.0,1.0,1,0,abe1f597b911ab79a1854f799500fcd652d08f793e2603e305eff1eb71e78fbb,1,734fc17eb2ef326ba8cd9ed750f56a1913ddb6f3ae35c1e3af14e79c64929f32,1,72.43910000033793,0.0,experiments/runtime_acceptance_core_bilingual_r3_v4_20260826/raw_outputs/meter_002__en__r3.json,0,0,0,0,0,3,local_first,meter_002:en:r3,0,,4f1cf097d48cb3860058b259bced4d935ebe12b1e9d34dd7b53cd1e6bdfd2f7b,meter_002,1,1,0
meter_measure_structure,1,interactive_runtime_acceptance,,1.0,3,3,0,1.0,,,0.0,success,generated,seraedit_rule_v1,local_rule,1,0,zh,52.12080000001151,1,1.0,1.0,1,0,09717d2578fc587d46c03f7800ed40b650b4296a0690c1451d6865ece0ab6c5f,1,734fc17eb2ef326ba8cd9ed750f56a1913ddb6f3ae35c1e3af14e79c64929f32,1,52.12080000001151,0.0,experiments/runtime_acceptance_core_bilingual_r3_v4_20260826/raw_outputs/meter_002__zh__r1.json,0,0,0,0,0,1,local_first,meter_002:zh:r1,0,,4f1cf097d48cb3860058b259bced4d935ebe12b1e9d34dd7b53cd1e6bdfd2f7b,meter_002,1,1,0
meter_measure_structure,1,interactive_runtime_acceptance,,1.0,3,3,0,1.0,,,0.0,success,generated,seraedit_rule_v1,local_rule,1,0,zh,50.537899999653746,1,1.0,1.0,1,0,09717d2578fc587d46c03f7800ed40b650b4296a0690c1451d6865ece0ab6c5f,1,734fc17eb2ef326ba8cd9ed750f56a1913ddb6f3ae35c1e3af14e79c64929f32,1,50.537899999653746,0.0,experiments/runtime_acceptance_core_bilingual_r3_v4_20260826/raw_outputs/meter_002__zh__r2.json,0,0,0,0,0,2,local_first,meter_002:zh:r2,0,,4f1cf097d48cb3860058b259bced4d935ebe12b1e9d34dd7b53cd1e6bdfd2f7b,meter_002,1,1,0
meter_measure_structure,1,interactive_runtime_acceptance,,1.0,3,3,0,1.0,,,0.0,success,generated,seraedit_rule_v1,local_rule,1,0,zh,53.36440000064613,1,1.0,1.0,1,0,09717d2578fc587d46c03f7800ed40b650b4296a0690c1451d6865ece0ab6c5f,1,734fc17eb2ef326ba8cd9ed750f56a1913ddb6f3ae35c1e3af14e79c64929f32,1,53.36440000064613,0.0,experiments/runtime_acceptance_core_bilingual_r3_v4_20260826/raw_outputs/meter_002__zh__r3.json,0,0,0,0,0,3,local_first,meter_002:zh:r3,0,,4f1cf097d48cb3860058b259bced4d935ebe12b1e9d34dd7b53cd1e6bdfd2f7b,meter_002,1,1,0
compound_multi_step,1,interactive_runtime_acceptance,,1.0,3,3,0,1.0,,,0.0,success,generated,seraedit_rule_v1,local_rule,1,0,en,85.6619000005594,1,1.0,1.0,1,0,a8bde0ab7f8631974e2e06dc2033f337424f194c1c67e1f93aefbea6f06b0e16,1,b696e414eb3171e6863824b599daa7cee3f51ee6423e71c924f0fd916bb1edcd,1,85.6619000005594,0.0,experiments/runtime_acceptance_core_bilingual_r3_v4_20260826/raw_outputs/compound_002__en__r1.json,0,0,0,0,0,1,local_first,compound_002:en:r1,0,,3f56db7893c960f71959be0e9f9b9591bdfb8bac699547b02acf0f8b1b359aef,compound_002,1,1,0
compound_multi_step,1,interactive_runtime_acceptance,,1.0,3,3,0,1.0,,,0.0,success,generated,seraedit_rule_v1,local_rule,1,0,en,106.22070000044914,1,1.0,1.0,1,0,a8bde0ab7f8631974e2e06dc2033f337424f194c1c67e1f93aefbea6f06b0e16,1,b696e414eb3171e6863824b599daa7cee3f51ee6423e71c924f0fd916bb1edcd,1,106.22070000044914,0.0,experiments/runtime_acceptance_core_bilingual_r3_v4_20260826/raw_outputs/compound_002__en__r2.json,0,0,0,0,0,2,local_first,compound_002:en:r2,0,,3f56db7893c960f71959be0e9f9b9591bdfb8bac699547b02acf0f8b1b359aef,compound_002,1,1,0
compound_multi_step,1,interactive_runtime_acceptance,,1.0,3,3,0,1.0,,,0.0,success,generated,seraedit_rule_v1,local_rule,1,0,en,75.69409999996424,1,1.0,1.0,1,0,a8bde0ab7f8631974e2e06dc2033f337424f194c1c67e1f93aefbea6f06b0e16,1,b696e414eb3171e6863824b599daa7cee3f51ee6423e71c924f0fd916bb1edcd,1,75.69409999996424,0.0,experiments/runtime_acceptance_core_bilingual_r3_v4_20260826/raw_outputs/compound_002__en__r3.json,0,0,0,0,0,3,local_first,compound_002:en:r3,0,,3f56db7893c960f71959be0e9f9b9591bdfb8bac699547b02acf0f8b1b359aef,compound_002,1,1,0
compound_multi_step,1,interactive_runtime_acceptance,,1.0,3,3,0,1.0,,,0.0,success,generated,seraedit_rule_v1,local_rule,1,0,zh,75.17900000038935,1,1.0,1.0,1,0,a73971d8dbad04061fbf567200b603255ef5ffb4d726b4d40be8beb23c2fb1ae,1,b696e414eb3171e6863824b599daa7cee3f51ee6423e71c924f0fd916bb1edcd,1,75.17900000038935,0.0,experiments/runtime_acceptance_core_bilingual_r3_v4_20260826/raw_outputs/compound_002__zh__r1.json,0,0,0,0,0,1,local_first,compound_002:zh:r1,0,,3f56db7893c960f71959be0e9f9b9591bdfb8bac699547b02acf0f8b1b359aef,compound_002,1,1,0
compound_multi_step,1,interactive_runtime_acceptance,,1.0,3,3,0,1.0,,,0.0,success,generated,seraedit_rule_v1,local_rule,1,0,zh,75.63279999976658,1,1.0,1.0,1,0,a73971d8dbad04061fbf567200b603255ef5ffb4d726b4d40be8beb23c2fb1ae,1,b696e414eb3171e6863824b599daa7cee3f51ee6423e71c924f0fd916bb1edcd,1,75.63279999976658,0.0,experiments/runtime_acceptance_core_bilingual_r3_v4_20260826/raw_outputs/compound_002__zh__r2.json,0,0,0,0,0,2,local_first,compound_002:zh:r2,0,,3f56db7893c960f71959be0e9f9b9591bdfb8bac699547b02acf0f8b1b359aef,compound_002,1,1,0
compound_multi_step,1,interactive_runtime_acceptance,,1.0,3,3,0,1.0,,,0.0,success,generated,seraedit_rule_v1,local_rule,1,0,zh,87.1342000000368,1,1.0,1.0,1,0,a73971d8dbad04061fbf567200b603255ef5ffb4d726b4d40be8beb23c2fb1ae,1,b696e414eb3171e6863824b599daa7cee3f51ee6423e71c924f0fd916bb1edcd,1,87.1342000000368,0.0,experiments/runtime_acceptance_core_bilingual_r3_v4_20260826/raw_outputs/compound_002__zh__r3.json,0,0,0,0,0,3,local_first,compound_002:zh:r3,0,,3f56db7893c960f71959be0e9f9b9591bdfb8bac699547b02acf0f8b1b359aef,compound_002,1,1,0
conflicting_or_unsupported,1,interactive_runtime_acceptance,,1.0,1,1,1,1.0,,,0.0,refuse,refused,seraedit_rule_v1,local_rule,0,0,en,0.452199999926961,,1.0,1.0,0,0,74234e98afe7498fb5daf1f36ac2d78acc339464f950703b8c019892f982b90b,0,refused,0,0.452199999926961,0.0,experiments/runtime_acceptance_core_bilingual_r3_v4_20260826/raw_outputs/conflict_007__en__r1.json,1,0,0,0,0,1,local_first,conflict_007:en:r1,0,,d07935fefb9eb378b16d51bcd1510040077a17127c632f31657c65ebe9093765,conflict_007,1,0,0
conflicting_or_unsupported,1,interactive_runtime_acceptance,,1.0,1,1,1,1.0,,,0.0,refuse,refused,seraedit_rule_v1,local_rule,0,0,en,0.6279999997786945,,1.0,1.0,0,0,74234e98afe7498fb5daf1f36ac2d78acc339464f950703b8c019892f982b90b,0,refused,0,0.6279999997786945,0.0,experiments/runtime_acceptance_core_bilingual_r3_v4_20260826/raw_outputs/conflict_007__en__r2.json,1,0,0,0,0,2,local_first,conflict_007:en:r2,0,,d07935fefb9eb378b16d51bcd1510040077a17127c632f31657c65ebe9093765,conflict_007,1,0,0
conflicting_or_unsupported,1,interactive_runtime_acceptance,,1.0,1,1,1,1.0,,,0.0,refuse,refused,seraedit_rule_v1,local_rule,0,0,en,0.5406000000220956,,1.0,1.0,0,0,74234e98afe7498fb5daf1f36ac2d78acc339464f950703b8c019892f982b90b,0,refused,0,0.5406000000220956,0.0,experiments/runtime_acceptance_core_bilingual_r3_v4_20260826/raw_outputs/conflict_007__en__r3.json,1,0,0,0,0,3,local_first,conflict_007:en:r3,0,,d07935fefb9eb378b16d51bcd1510040077a17127c632f31657c65ebe9093765,conflict_007,1,0,0
conflicting_or_unsupported,1,interactive_runtime_acceptance,,1.0,1,1,1,1.0,,,0.0,refuse,refused,seraedit_rule_v1,local_rule,0,0,zh,0.40840000019670697,,1.0,1.0,0,0,74234e98afe7498fb5daf1f36ac2d78acc339464f950703b8c019892f982b90b,0,refused,0,0.40840000019670697,0.0,experiments/runtime_acceptance_core_bilingual_r3_v4_20260826/raw_outputs/conflict_007__zh__r1.json,1,0,0,0,0,1,local_first,conflict_007:zh:r1,0,,d07935fefb9eb378b16d51bcd1510040077a17127c632f31657c65ebe9093765,conflict_007,1,0,0
conflicting_or_unsupported,1,interactive_runtime_acceptance,,1.0,1,1,1,1.0,,,0.0,refuse,refused,seraedit_rule_v1,local_rule,0,0,zh,0.6405999993148725,,1.0,1.0,0,0,74234e98afe7498fb5daf1f36ac2d78acc339464f950703b8c019892f982b90b,0,refused,0,0.6405999993148725,0.0,experiments/runtime_acceptance_core_bilingual_r3_v4_20260826/raw_outputs/conflict_007__zh__r2.json,1,0,0,0,0,2,local_first,conflict_007:zh:r2,0,,d07935fefb9eb378b16d51bcd1510040077a17127c632f31657c65ebe9093765,conflict_007,1,0,0
conflicting_or_unsupported,1,interactive_runtime_acceptance,,1.0,1,1,1,1.0,,,0.0,refuse,refused,seraedit_rule_v1,local_rule,0,0,zh,1.221100000293518,,1.0,1.0,0,0,74234e98afe7498fb5daf1f36ac2d78acc339464f950703b8c019892f982b90b,0,refused,0,1.221100000293518,0.0,experiments/runtime_acceptance_core_bilingual_r3_v4_20260826/raw_outputs/conflict_007__zh__r3.json,1,0,0,0,0,3,local_first,conflict_007:zh:r3,0,,d07935fefb9eb378b16d51bcd1510040077a17127c632f31657c65ebe9093765,conflict_007,1,0,0
pitch_transposition,1,interactive_runtime_acceptance,,1.0,2,2,0,0.8571428571428571,,,0.0,success,generated,seraedit_rule_v1,local_rule,1,0,en,83.43990000048507,1,1.0,0.8571428571428571,1,0,3caf970b591cb3f91ea4e478317c7046e64a70755a41bb71711e5cec85c3f9f2,1,fee990377e59830825101a2f25546e732f637796e2136a3b2e775f83e7ef2baf,1,83.43990000048507,0.0,experiments/runtime_acceptance_core_bilingual_r3_v4_20260826/raw_outputs/pitch_008__en__r1.json,0,0,0,0,0,1,local_first,pitch_008:en:r1,0,,ffd738665f9ccc40a277f3b4b05776fb81bbc6f61780bff8a47f6c6188ff16fb,pitch_008,1,1,0
pitch_transposition,1,interactive_runtime_acceptance,,1.0,2,2,0,0.8571428571428571,,,0.0,success,generated,seraedit_rule_v1,local_rule,1,0,en,67.95140000031097,1,1.0,0.8571428571428571,1,0,3caf970b591cb3f91ea4e478317c7046e64a70755a41bb71711e5cec85c3f9f2,1,fee990377e59830825101a2f25546e732f637796e2136a3b2e775f83e7ef2baf,1,67.95140000031097,0.0,experiments/runtime_acceptance_core_bilingual_r3_v4_20260826/raw_outputs/pitch_008__en__r2.json,0,0,0,0,0,2,local_first,pitch_008:en:r2,0,,ffd738665f9ccc40a277f3b4b05776fb81bbc6f61780bff8a47f6c6188ff16fb,pitch_008,1,1,0
pitch_transposition,1,interactive_runtime_acceptance,,1.0,2,2,0,0.8571428571428571,,,0.0,success,generated,seraedit_rule_v1,local_rule,1,0,en,70.28499999978521,1,1.0,0.8571428571428571,1,0,3caf970b591cb3f91ea4e478317c7046e64a70755a41bb71711e5cec85c3f9f2,1,fee990377e59830825101a2f25546e732f637796e2136a3b2e775f83e7ef2baf,1,70.28499999978521,0.0,experiments/runtime_acceptance_core_bilingual_r3_v4_20260826/raw_outputs/pitch_008__en__r3.json,0,0,0,0,0,3,local_first,pitch_008:en:r3,0,,ffd738665f9ccc40a277f3b4b05776fb81bbc6f61780bff8a47f6c6188ff16fb,pitch_008,1,1,0
pitch_transposition,1,interactive_runtime_acceptance,,1.0,2,2,0,0.8571428571428571,,,0.0,success,generated,seraedit_rule_v1,local_rule,1,0,zh,66.85620000007475,1,1.0,0.8571428571428571,1,0,e1da88ddea70c61e379536da7fe7e8f0cbf5720fbe542c7873d14635bea14c70,1,fee990377e59830825101a2f25546e732f637796e2136a3b2e775f83e7ef2baf,1,66.85620000007475,0.0,experiments/runtime_acceptance_core_bilingual_r3_v4_20260826/raw_outputs/pitch_008__zh__r1.json,0,0,0,0,0,1,local_first,pitch_008:zh:r1,0,,ffd738665f9ccc40a277f3b4b05776fb81bbc6f61780bff8a47f6c6188ff16fb,pitch_008,1,1,0
pitch_transposition,1,interactive_runtime_acceptance,,1.0,2,2,0,0.8571428571428571,,,0.0,success,generated,seraedit_rule_v1,local_rule,1,0,zh,70.39230000009411,1,1.0,0.8571428571428571,1,0,e1da88ddea70c61e379536da7fe7e8f0cbf5720fbe542c7873d14635bea14c70,1,fee990377e59830825101a2f25546e732f637796e2136a3b2e775f83e7ef2baf,1,70.39230000009411,0.0,experiments/runtime_acceptance_core_bilingual_r3_v4_20260826/raw_outputs/pitch_008__zh__r2.json,0,0,0,0,0,2,local_first,pitch_008:zh:r2,0,,ffd738665f9ccc40a277f3b4b05776fb81bbc6f61780bff8a47f6c6188ff16fb,pitch_008,1,1,0
pitch_transposition,1,interactive_runtime_acceptance,,1.0,2,2,0,0.8571428571428571,,,0.0,success,generated,seraedit_rule_v1,local_rule,1,0,zh,84.51009999953385,1,1.0,0.8571428571428571,1,0,e1da88ddea70c61e379536da7fe7e8f0cbf5720fbe542c7873d14635bea14c70,1,fee990377e59830825101a2f25546e732f637796e2136a3b2e775f83e7ef2baf,1,84.51009999953385,0.0,experiments/runtime_acceptance_core_bilingual_r3_v4_20260826/raw_outputs/pitch_008__zh__r3.json,0,0,0,0,0,3,local_first,pitch_008:zh:r3,0,,ffd738665f9ccc40a277f3b4b05776fb81bbc6f61780bff8a47f6c6188ff16fb,pitch_008,1,1,0
rhythm_duration,1,interactive_runtime_acceptance,,1.0,2,2,0,1.0,,,0.0,success,generated,seraedit_rule_v1,local_rule,1,0,en,70.32989999970596,1,1.0,1.0,1,0,2ba75fee9786256108ed59e904a668bb1d149bf6c2990ddbcdda73cd3ba647ac,1,c9dd237228845d4a9699a6c806648923215781a7c591b0e8309220c4f3f6f757,1,70.32989999970596,0.0,experiments/runtime_acceptance_core_bilingual_r3_v4_20260826/raw_outputs/rhythm_008__en__r1.json,0,0,0,0,0,1,local_first,rhythm_008:en:r1,0,,5db2c3d73639436b0463b5866e4237d552ea9a18d01ea669ae4c41b2cb506ece,rhythm_008,1,1,0
rhythm_duration,1,interactive_runtime_acceptance,,1.0,2,2,0,1.0,,,0.0,success,generated,seraedit_rule_v1,local_rule,1,0,en,69.75550000061048,1,1.0,1.0,1,0,2ba75fee9786256108ed59e904a668bb1d149bf6c2990ddbcdda73cd3ba647ac,1,c9dd237228845d4a9699a6c806648923215781a7c591b0e8309220c4f3f6f757,1,69.75550000061048,0.0,experiments/runtime_acceptance_core_bilingual_r3_v4_20260826/raw_outputs/rhythm_008__en__r2.json,0,0,0,0,0,2,local_first,rhythm_008:en:r2,0,,5db2c3d73639436b0463b5866e4237d552ea9a18d01ea669ae4c41b2cb506ece,rhythm_008,1,1,0
rhythm_duration,1,interactive_runtime_acceptance,,1.0,2,2,0,1.0,,,0.0,success,generated,seraedit_rule_v1,local_rule,1,0,en,69.90930000029039,1,1.0,1.0,1,0,2ba75fee9786256108ed59e904a668bb1d149bf6c2990ddbcdda73cd3ba647ac,1,c9dd237228845d4a9699a6c806648923215781a7c591b0e8309220c4f3f6f757,1,69.90930000029039,0.0,experiments/runtime_acceptance_core_bilingual_r3_v4_20260826/raw_outputs/rhythm_008__en__r3.json,0,0,0,0,0,3,local_first,rhythm_008:en:r3,0,,5db2c3d73639436b0463b5866e4237d552ea9a18d01ea669ae4c41b2cb506ece,rhythm_008,1,1,0
rhythm_duration,1,interactive_runtime_acceptance,,1.0,2,2,0,1.0,,,0.0,success,generated,seraedit_rule_v1,local_rule,1,0,zh,69.13820000045234,1,1.0,1.0,1,0,a36bc5e3f891098bfee51358e2f40ac0d04c92d20fbe9c5d52d64f256f89929d,1,c9dd237228845d4a9699a6c806648923215781a7c591b0e8309220c4f3f6f757,1,69.13820000045234,0.0,experiments/runtime_acceptance_core_bilingual_r3_v4_20260826/raw_outputs/rhythm_008__zh__r1.json,0,0,0,0,0,1,local_first,rhythm_008:zh:r1,0,,5db2c3d73639436b0463b5866e4237d552ea9a18d01ea669ae4c41b2cb506ece,rhythm_008,1,1,0
rhythm_duration,1,interactive_runtime_acceptance,,1.0,2,2,0,1.0,,,0.0,success,generated,seraedit_rule_v1,local_rule,1,0,zh,69.31189999977505,1,1.0,1.0,1,0,a36bc5e3f891098bfee51358e2f40ac0d04c92d20fbe9c5d52d64f256f89929d,1,c9dd237228845d4a9699a6c806648923215781a7c591b0e8309220c4f3f6f757,1,69.31189999977505,0.0,experiments/runtime_acceptance_core_bilingual_r3_v4_20260826/raw_outputs/rhythm_008__zh__r2.json,0,0,0,0,0,2,local_first,rhythm_008:zh:r2,0,,5db2c3d73639436b0463b5866e4237d552ea9a18d01ea669ae4c41b2cb506ece,rhythm_008,1,1,0
rhythm_duration,1,interactive_runtime_acceptance,,1.0,2,2,0,1.0,,,0.0,success,generated,seraedit_rule_v1,local_rule,1,0,zh,69.24419999995735,1,1.0,1.0,1,0,a36bc5e3f891098bfee51358e2f40ac0d04c92d20fbe9c5d52d64f256f89929d,1,c9dd237228845d4a9699a6c806648923215781a7c591b0e8309220c4f3f6f757,1,69.24419999995735,0.0,experiments/runtime_acceptance_core_bilingual_r3_v4_20260826/raw_outputs/rhythm_008__zh__r3.json,0,0,0,0,0,3,local_first,rhythm_008:zh:r3,0,,5db2c3d73639436b0463b5866e4237d552ea9a18d01ea669ae4c41b2cb506ece,rhythm_008,1,1,0
key_harmony,1,interactive_runtime_acceptance,,1.0,2,2,0,1.0,,,0.0,success,generated,seraedit_rule_v1,local_rule,1,0,en,71.06470000053378,1,1.0,1.0,1,0,1f058bbf45bc0520c5fb52f75a910da86c7ef40690e22ee3f7836d81ce7a13f3,1,0bb47cf7ddc59d0a82ac99195bbf242c206a16fc94c785f6aadf27213eeafaa5,1,71.06470000053378,0.0,experiments/runtime_acceptance_core_bilingual_r3_v4_20260826/raw_outputs/key_008__en__r1.json,0,0,0,0,0,1,local_first,key_008:en:r1,0,,126c37da9e623040222addd9299ba1df1f6269b0f69f854831198c4b4edc3317,key_008,1,1,0
key_harmony,1,interactive_runtime_acceptance,,1.0,2,2,0,1.0,,,0.0,success,generated,seraedit_rule_v1,local_rule,1,0,en,67.4390999993193,1,1.0,1.0,1,0,1f058bbf45bc0520c5fb52f75a910da86c7ef40690e22ee3f7836d81ce7a13f3,1,0bb47cf7ddc59d0a82ac99195bbf242c206a16fc94c785f6aadf27213eeafaa5,1,67.4390999993193,0.0,experiments/runtime_acceptance_core_bilingual_r3_v4_20260826/raw_outputs/key_008__en__r2.json,0,0,0,0,0,2,local_first,key_008:en:r2,0,,126c37da9e623040222addd9299ba1df1f6269b0f69f854831198c4b4edc3317,key_008,1,1,0
key_harmony,1,interactive_runtime_acceptance,,1.0,2,2,0,1.0,,,0.0,success,generated,seraedit_rule_v1,local_rule,1,0,en,82.90360000046348,1,1.0,1.0,1,0,1f058bbf45bc0520c5fb52f75a910da86c7ef40690e22ee3f7836d81ce7a13f3,1,0bb47cf7ddc59d0a82ac99195bbf242c206a16fc94c785f6aadf27213eeafaa5,1,82.90360000046348,0.0,experiments/runtime_acceptance_core_bilingual_r3_v4_20260826/raw_outputs/key_008__en__r3.json,0,0,0,0,0,3,local_first,key_008:en:r3,0,,126c37da9e623040222addd9299ba1df1f6269b0f69f854831198c4b4edc3317,key_008,1,1,0
key_harmony,1,interactive_runtime_acceptance,,1.0,2,2,0,1.0,,,0.0,success,generated,seraedit_rule_v1,local_rule,1,0,zh,65.81629999982397,1,1.0,1.0,1,0,96a14a296df2301ebccee4a2d6b0c5cbaeba19d7fec1c59b91e60f1af1e6bea9,1,0bb47cf7ddc59d0a82ac99195bbf242c206a16fc94c785f6aadf27213eeafaa5,1,65.81629999982397,0.0,experiments/runtime_acceptance_core_bilingual_r3_v4_20260826/raw_outputs/key_008__zh__r1.json,0,0,0,0,0,1,local_first,key_008:zh:r1,0,,126c37da9e623040222addd9299ba1df1f6269b0f69f854831198c4b4edc3317,key_008,1,1,0
key_harmony,1,interactive_runtime_acceptance,,1.0,2,2,0,1.0,,,0.0,success,generated,seraedit_rule_v1,local_rule,1,0,zh,65.93609999981709,1,1.0,1.0,1,0,96a14a296df2301ebccee4a2d6b0c5cbaeba19d7fec1c59b91e60f1af1e6bea9,1,0bb47cf7ddc59d0a82ac99195bbf242c206a16fc94c785f6aadf27213eeafaa5,1,65.93609999981709,0.0,experiments/runtime_acceptance_core_bilingual_r3_v4_20260826/raw_outputs/key_008__zh__r2.json,0,0,0,0,0,2,local_first,key_008:zh:r2,0,,126c37da9e623040222addd9299ba1df1f6269b0f69f854831198c4b4edc3317,key_008,1,1,0
key_harmony,1,interactive_runtime_acceptance,,1.0,2,2,0,1.0,,,0.0,success,generated,seraedit_rule_v1,local_rule,1,0,zh,66.72259999959351,1,1.0,1.0,1,0,96a14a296df2301ebccee4a2d6b0c5cbaeba19d7fec1c59b91e60f1af1e6bea9,1,0bb47cf7ddc59d0a82ac99195bbf242c206a16fc94c785f6aadf27213eeafaa5,1,66.72259999959351,0.0,experiments/runtime_acceptance_core_bilingual_r3_v4_20260826/raw_outputs/key_008__zh__r3.json,0,0,0,0,0,3,local_first,key_008:zh:r3,0,,126c37da9e623040222addd9299ba1df1f6269b0f69f854831198c4b4edc3317,key_008,1,1,0
voice_texture,1,interactive_runtime_acceptance,,1.0,8,8,0,1.0,,,0.0,success,generated,seraedit_rule_v1,local_rule,1,0,en,67.17010000011214,1,1.0,1.0,1,0,f05924d112b601895d72a92702c0ec3edfe66b43eb29b19fd31dfe02590caf7b,1,c018ebfdd11e07be623d239e2e410ab82b1991c20ac452013700d462d45004ac,1,67.17010000011214,0.0,experiments/runtime_acceptance_core_bilingual_r3_v4_20260826/raw_outputs/voice_003__en__r1.json,0,0,0,0,0,1,local_first,voice_003:en:r1,0,,a921208008743f46fd9b1b9f5f708fbbd17947ebd89a875e2ccac95de5bf9d92,voice_003,1,1,0
voice_texture,1,interactive_runtime_acceptance,,1.0,8,8,0,1.0,,,0.0,success,generated,seraedit_rule_v1,local_rule,1,0,en,86.3456999995833,1,1.0,1.0,1,0,f05924d112b601895d72a92702c0ec3edfe66b43eb29b19fd31dfe02590caf7b,1,c018ebfdd11e07be623d239e2e410ab82b1991c20ac452013700d462d45004ac,1,86.3456999995833,0.0,experiments/runtime_acceptance_core_bilingual_r3_v4_20260826/raw_outputs/voice_003__en__r2.json,0,0,0,0,0,2,local_first,voice_003:en:r2,0,,a921208008743f46fd9b1b9f5f708fbbd17947ebd89a875e2ccac95de5bf9d92,voice_003,1,1,0
voice_texture,1,interactive_runtime_acceptance,,1.0,8,8,0,1.0,,,0.0,success,generated,seraedit_rule_v1,local_rule,1,0,en,72.91040000018256,1,1.0,1.0,1,0,f05924d112b601895d72a92702c0ec3edfe66b43eb29b19fd31dfe02590caf7b,1,c018ebfdd11e07be623d239e2e410ab82b1991c20ac452013700d462d45004ac,1,72.91040000018256,0.0,experiments/runtime_acceptance_core_bilingual_r3_v4_20260826/raw_outputs/voice_003__en__r3.json,0,0,0,0,0,3,local_first,voice_003:en:r3,0,,a921208008743f46fd9b1b9f5f708fbbd17947ebd89a875e2ccac95de5bf9d92,voice_003,1,1,0
voice_texture,1,interactive_runtime_acceptance,,1.0,8,8,0,1.0,,,0.0,success,generated,seraedit_rule_v1,local_rule,1,0,zh,72.50079999994341,1,1.0,1.0,1,0,92a4f463d09fd6780c1b584e64745738e263f8e2ee962a305adea44aef1f892c,1,c018ebfdd11e07be623d239e2e410ab82b1991c20ac452013700d462d45004ac,1,72.50079999994341,0.0,experiments/runtime_acceptance_core_bilingual_r3_v4_20260826/raw_outputs/voice_003__zh__r1.json,0,0,0,0,0,1,local_first,voice_003:zh:r1,0,,a921208008743f46fd9b1b9f5f708fbbd17947ebd89a875e2ccac95de5bf9d92,voice_003,1,1,0
voice_texture,1,interactive_runtime_acceptance,,1.0,8,8,0,1.0,,,0.0,success,generated,seraedit_rule_v1,local_rule,1,0,zh,68.88570000046457,1,1.0,1.0,1,0,92a4f463d09fd6780c1b584e64745738e263f8e2ee962a305adea44aef1f892c,1,c018ebfdd11e07be623d239e2e410ab82b1991c20ac452013700d462d45004ac,1,68.88570000046457,0.0,experiments/runtime_acceptance_core_bilingual_r3_v4_20260826/raw_outputs/voice_003__zh__r2.json,0,0,0,0,0,2,local_first,voice_003:zh:r2,0,,a921208008743f46fd9b1b9f5f708fbbd17947ebd89a875e2ccac95de5bf9d92,voice_003,1,1,0
voice_texture,1,interactive_runtime_acceptance,,1.0,8,8,0,1.0,,,0.0,success,generated,seraedit_rule_v1,local_rule,1,0,zh,75.05529999980354,1,1.0,1.0,1,0,92a4f463d09fd6780c1b584e64745738e263f8e2ee962a305adea44aef1f892c,1,c018ebfdd11e07be623d239e2e410ab82b1991c20ac452013700d462d45004ac,1,75.05529999980354,0.0,experiments/runtime_acceptance_core_bilingual_r3_v4_20260826/raw_outputs/voice_003__zh__r3.json,0,0,0,0,0,3,local_first,voice_003:zh:r3,0,,a921208008743f46fd9b1b9f5f708fbbd17947ebd89a875e2ccac95de5bf9d92,voice_003,1,1,0
ties_slurs_ornaments,1,interactive_runtime_acceptance,,1.0,4,4,0,1.0,,,0.0,success,generated,seraedit_rule_v1,local_rule,1,0,en,70.17050000013114,1,1.0,1.0,1,0,b6942991eaa5fc9eee1289e5a729b799c00ef1dea271fa2fc075a475cdd8ea5e,1,77d5aec81251817abe9cc4687550477f105d328d23ba2e45f62233b3aa236e89,1,70.17050000013114,0.0,experiments/runtime_acceptance_core_bilingual_r3_v4_20260826/raw_outputs/ties_003__en__r1.json,0,0,0,0,0,1,local_first,ties_003:en:r1,0,,fc8d359db974aab3bd9f94b9e475e5f5cd39f17f1fea01c28c4f1c58ed1118cc,ties_003,1,1,0
ties_slurs_ornaments,1,interactive_runtime_acceptance,,1.0,4,4,0,1.0,,,0.0,success,generated,seraedit_rule_v1,local_rule,1,0,en,57.74610000025859,1,1.0,1.0,1,0,b6942991eaa5fc9eee1289e5a729b799c00ef1dea271fa2fc075a475cdd8ea5e,1,77d5aec81251817abe9cc4687550477f105d328d23ba2e45f62233b3aa236e89,1,57.74610000025859,0.0,experiments/runtime_acceptance_core_bilingual_r3_v4_20260826/raw_outputs/ties_003__en__r2.json,0,0,0,0,0,2,local_first,ties_003:en:r2,0,,fc8d359db974aab3bd9f94b9e475e5f5cd39f17f1fea01c28c4f1c58ed1118cc,ties_003,1,1,0
ties_slurs_ornaments,1,interactive_runtime_acceptance,,1.0,4,4,0,1.0,,,0.0,success,generated,seraedit_rule_v1,local_rule,1,0,en,53.86790000011388,1,1.0,1.0,1,0,b6942991eaa5fc9eee1289e5a729b799c00ef1dea271fa2fc075a475cdd8ea5e,1,77d5aec81251817abe9cc4687550477f105d328d23ba2e45f62233b3aa236e89,1,53.86790000011388,0.0,experiments/runtime_acceptance_core_bilingual_r3_v4_20260826/raw_outputs/ties_003__en__r3.json,0,0,0,0,0,3,local_first,ties_003:en:r3,0,,fc8d359db974aab3bd9f94b9e475e5f5cd39f17f1fea01c28c4f1c58ed1118cc,ties_003,1,1,0
ties_slurs_ornaments,1,interactive_runtime_acceptance,,1.0,4,4,0,1.0,,,0.0,success,generated,seraedit_rule_v1,local_rule,1,0,zh,58.80230000002484,1,1.0,1.0,1,0,cffa16a407467cfdc142176937acdddc264def8d4211efc5a3fe06c8fbfa643c,1,77d5aec81251817abe9cc4687550477f105d328d23ba2e45f62233b3aa236e89,1,58.80230000002484,0.0,experiments/runtime_acceptance_core_bilingual_r3_v4_20260826/raw_outputs/ties_003__zh__r1.json,0,0,0,0,0,1,local_first,ties_003:zh:r1,0,,fc8d359db974aab3bd9f94b9e475e5f5cd39f17f1fea01c28c4f1c58ed1118cc,ties_003,1,1,0
ties_slurs_ornaments,1,interactive_runtime_acceptance,,1.0,4,4,0,1.0,,,0.0,success,generated,seraedit_rule_v1,local_rule,1,0,zh,55.65979999937554,1,1.0,1.0,1,0,cffa16a407467cfdc142176937acdddc264def8d4211efc5a3fe06c8fbfa643c,1,77d5aec81251817abe9cc4687550477f105d328d23ba2e45f62233b3aa236e89,1,55.65979999937554,0.0,experiments/runtime_acceptance_core_bilingual_r3_v4_20260826/raw_outputs/ties_003__zh__r2.json,0,0,0,0,0,2,local_first,ties_003:zh:r2,0,,fc8d359db974aab3bd9f94b9e475e5f5cd39f17f1fea01c28c4f1c58ed1118cc,ties_003,1,1,0
ties_slurs_ornaments,1,interactive_runtime_acceptance,,1.0,4,4,0,1.0,,,0.0,success,generated,seraedit_rule_v1,local_rule,1,0,zh,55.61590000070282,1,1.0,1.0,1,0,cffa16a407467cfdc142176937acdddc264def8d4211efc5a3fe06c8fbfa643c,1,77d5aec81251817abe9cc4687550477f105d328d23ba2e45f62233b3aa236e89,1,55.61590000070282,0.0,experiments/runtime_acceptance_core_bilingual_r3_v4_20260826/raw_outputs/ties_003__zh__r3.json,0,0,0,0,0,3,local_first,ties_003:zh:r3,0,,fc8d359db974aab3bd9f94b9e475e5f5cd39f17f1fea01c28c4f1c58ed1118cc,ties_003,1,1,0
meter_measure_structure,1,interactive_runtime_acceptance,,1.0,3,3,0,1.0,,,0.0,success,generated,seraedit_rule_v1,local_rule,1,0,en,52.790599999752885,1,1.0,1.0,1,0,a55e9b5afe766932705c9e0457f0bd9b344cafe330fd19bc26ee02874ef8158a,1,e0fce626a311070fd763eb020daabecb52ea187e98241ec62577815d171214e3,1,52.790599999752885,0.0,experiments/runtime_acceptance_core_bilingual_r3_v4_20260826/raw_outputs/meter_003__en__r1.json,0,0,0,0,0,1,local_first,meter_003:en:r1,0,,4f1cf097d48cb3860058b259bced4d935ebe12b1e9d34dd7b53cd1e6bdfd2f7b,meter_003,1,1,0
meter_measure_structure,1,interactive_runtime_acceptance,,1.0,3,3,0,1.0,,,0.0,success,generated,seraedit_rule_v1,local_rule,1,0,en,52.651899999546,1,1.0,1.0,1,0,a55e9b5afe766932705c9e0457f0bd9b344cafe330fd19bc26ee02874ef8158a,1,e0fce626a311070fd763eb020daabecb52ea187e98241ec62577815d171214e3,1,52.651899999546,0.0,experiments/runtime_acceptance_core_bilingual_r3_v4_20260826/raw_outputs/meter_003__en__r2.json,0,0,0,0,0,2,local_first,meter_003:en:r2,0,,4f1cf097d48cb3860058b259bced4d935ebe12b1e9d34dd7b53cd1e6bdfd2f7b,meter_003,1,1,0
meter_measure_structure,1,interactive_runtime_acceptance,,1.0,3,3,0,1.0,,,0.0,success,generated,seraedit_rule_v1,local_rule,1,0,en,52.171199999975215,1,1.0,1.0,1,0,a55e9b5afe766932705c9e0457f0bd9b344cafe330fd19bc26ee02874ef8158a,1,e0fce626a311070fd763eb020daabecb52ea187e98241ec62577815d171214e3,1,52.171199999975215,0.0,experiments/runtime_acceptance_core_bilingual_r3_v4_20260826/raw_outputs/meter_003__en__r3.json,0,0,0,0,0,3,local_first,meter_003:en:r3,0,,4f1cf097d48cb3860058b259bced4d935ebe12b1e9d34dd7b53cd1e6bdfd2f7b,meter_003,1,1,0
meter_measure_structure,1,interactive_runtime_acceptance,,1.0,3,3,0,1.0,,,0.0,success,generated,seraedit_rule_v1,local_rule,1,0,zh,53.53130000003148,1,1.0,1.0,1,0,73038ab6444e1af3d2105bb145ccf63a2115747bfefbf52edc8cb728b8bbd6c8,1,e0fce626a311070fd763eb020daabecb52ea187e98241ec62577815d171214e3,1,53.53130000003148,0.0,experiments/runtime_acceptance_core_bilingual_r3_v4_20260826/raw_outputs/meter_003__zh__r1.json,0,0,0,0,0,1,local_first,meter_003:zh:r1,0,,4f1cf097d48cb3860058b259bced4d935ebe12b1e9d34dd7b53cd1e6bdfd2f7b,meter_003,1,1,0
meter_measure_structure,1,interactive_runtime_acceptance,,1.0,3,3,0,1.0,,,0.0,success,generated,seraedit_rule_v1,local_rule,1,0,zh,50.59940000046481,1,1.0,1.0,1,0,73038ab6444e1af3d2105bb145ccf63a2115747bfefbf52edc8cb728b8bbd6c8,1,e0fce626a311070fd763eb020daabecb52ea187e98241ec62577815d171214e3,1,50.59940000046481,0.0,experiments/runtime_acceptance_core_bilingual_r3_v4_20260826/raw_outputs/meter_003__zh__r2.json,0,0,0,0,0,2,local_first,meter_003:zh:r2,0,,4f1cf097d48cb3860058b259bced4d935ebe12b1e9d34dd7b53cd1e6bdfd2f7b,meter_003,1,1,0
meter_measure_structure,1,interactive_runtime_acceptance,,1.0,3,3,0,1.0,,,0.0,success,generated,seraedit_rule_v1,local_rule,1,0,zh,69.71080000039365,1,1.0,1.0,1,0,73038ab6444e1af3d2105bb145ccf63a2115747bfefbf52edc8cb728b8bbd6c8,1,e0fce626a311070fd763eb020daabecb52ea187e98241ec62577815d171214e3,1,69.71080000039365,0.0,experiments/runtime_acceptance_core_bilingual_r3_v4_20260826/raw_outputs/meter_003__zh__r3.json,0,0,0,0,0,3,local_first,meter_003:zh:r3,0,,4f1cf097d48cb3860058b259bced4d935ebe12b1e9d34dd7b53cd1e6bdfd2f7b,meter_003,1,1,0
compound_multi_step,1,interactive_runtime_acceptance,,1.0,3,3,0,1.0,,,0.0,success,generated,seraedit_rule_v1,local_rule,1,0,en,55.65979999937554,1,1.0,1.0,1,0,ec19189ecaf8fca0b292d89810e0b3b307c1babc105069c6ecf2b0a8f7ffb496,1,d7255d530f3ca1394c4b08c5803a3af3c9b998d7eba6e7937e1d3029fbca2ba9,1,55.65979999937554,0.0,experiments/runtime_acceptance_core_bilingual_r3_v4_20260826/raw_outputs/compound_003__en__r1.json,0,0,0,0,0,1,local_first,compound_003:en:r1,0,,4b98cd793fe4ebb779d228a7654636e6ab8d1f41128438d027c4707817622e26,compound_003,1,1,0
compound_multi_step,1,interactive_runtime_acceptance,,1.0,3,3,0,1.0,,,0.0,success,generated,seraedit_rule_v1,local_rule,1,0,en,55.0096000006306,1,1.0,1.0,1,0,ec19189ecaf8fca0b292d89810e0b3b307c1babc105069c6ecf2b0a8f7ffb496,1,d7255d530f3ca1394c4b08c5803a3af3c9b998d7eba6e7937e1d3029fbca2ba9,1,55.0096000006306,0.0,experiments/runtime_acceptance_core_bilingual_r3_v4_20260826/raw_outputs/compound_003__en__r2.json,0,0,0,0,0,2,local_first,compound_003:en:r2,0,,4b98cd793fe4ebb779d228a7654636e6ab8d1f41128438d027c4707817622e26,compound_003,1,1,0
compound_multi_step,1,interactive_runtime_acceptance,,1.0,3,3,0,1.0,,,0.0,success,generated,seraedit_rule_v1,local_rule,1,0,en,55.45540000002802,1,1.0,1.0,1,0,ec19189ecaf8fca0b292d89810e0b3b307c1babc105069c6ecf2b0a8f7ffb496,1,d7255d530f3ca1394c4b08c5803a3af3c9b998d7eba6e7937e1d3029fbca2ba9,1,55.45540000002802,0.0,experiments/runtime_acceptance_core_bilingual_r3_v4_20260826/raw_outputs/compound_003__en__r3.json,0,0,0,0,0,3,local_first,compound_003:en:r3,0,,4b98cd793fe4ebb779d228a7654636e6ab8d1f41128438d027c4707817622e26,compound_003,1,1,0
compound_multi_step,1,interactive_runtime_acceptance,,1.0,3,3,0,1.0,,,0.0,success,generated,seraedit_rule_v1,local_rule,1,0,zh,55.57389999921725,1,1.0,1.0,1,0,8c64c8c5bb339bea3254537a5f74f31b9768f9c8c7bdc585fc0ebdb77b4611a7,1,d7255d530f3ca1394c4b08c5803a3af3c9b998d7eba6e7937e1d3029fbca2ba9,1,55.57389999921725,0.0,experiments/runtime_acceptance_core_bilingual_r3_v4_20260826/raw_outputs/compound_003__zh__r1.json,0,0,0,0,0,1,local_first,compound_003:zh:r1,0,,4b98cd793fe4ebb779d228a7654636e6ab8d1f41128438d027c4707817622e26,compound_003,1,1,0
compound_multi_step,1,interactive_runtime_acceptance,,1.0,3,3,0,1.0,,,0.0,success,generated,seraedit_rule_v1,local_rule,1,0,zh,56.11690000023373,1,1.0,1.0,1,0,8c64c8c5bb339bea3254537a5f74f31b9768f9c8c7bdc585fc0ebdb77b4611a7,1,d7255d530f3ca1394c4b08c5803a3af3c9b998d7eba6e7937e1d3029fbca2ba9,1,56.11690000023373,0.0,experiments/runtime_acceptance_core_bilingual_r3_v4_20260826/raw_outputs/compound_003__zh__r2.json,0,0,0,0,0,2,local_first,compound_003:zh:r2,0,,4b98cd793fe4ebb779d228a7654636e6ab8d1f41128438d027c4707817622e26,compound_003,1,1,0
compound_multi_step,1,interactive_runtime_acceptance,,1.0,3,3,0,1.0,,,0.0,success,generated,seraedit_rule_v1,local_rule,1,0,zh,54.73030000030121,1,1.0,1.0,1,0,8c64c8c5bb339bea3254537a5f74f31b9768f9c8c7bdc585fc0ebdb77b4611a7,1,d7255d530f3ca1394c4b08c5803a3af3c9b998d7eba6e7937e1d3029fbca2ba9,1,54.73030000030121,0.0,experiments/runtime_acceptance_core_bilingual_r3_v4_20260826/raw_outputs/compound_003__zh__r3.json,0,0,0,0,0,3,local_first,compound_003:zh:r3,0,,4b98cd793fe4ebb779d228a7654636e6ab8d1f41128438d027c4707817622e26,compound_003,1,1,0
voice_texture,1,interactive_runtime_acceptance,,1.0,6,6,0,1.0,,,0.0,success,generated,seraedit_rule_v1,local_rule,1,0,en,51.63099999936094,1,1.0,1.0,1,0,0c5035ed93efb2ac1c5587c26516c30fe027ee5512efa6d318290840aa46303e,1,0c6617a45c50b8c3947cfaec0e6fc9130f8b8e7ea850bbc77a0bc3c70087fc96,1,51.63099999936094,0.0,experiments/runtime_acceptance_core_bilingual_r3_v4_20260826/raw_outputs/voice_004__en__r1.json,0,0,0,0,0,1,local_first,voice_004:en:r1,0,,6b7ec73b52a6a0c55a7ed2ee744607cd9157b5740c815f86009d1367c3e92904,voice_004,1,1,0
voice_texture,1,interactive_runtime_acceptance,,1.0,6,6,0,1.0,,,0.0,success,generated,seraedit_rule_v1,local_rule,1,0,en,54.116399999657006,1,1.0,1.0,1,0,0c5035ed93efb2ac1c5587c26516c30fe027ee5512efa6d318290840aa46303e,1,0c6617a45c50b8c3947cfaec0e6fc9130f8b8e7ea850bbc77a0bc3c70087fc96,1,54.116399999657006,0.0,experiments/runtime_acceptance_core_bilingual_r3_v4_20260826/raw_outputs/voice_004__en__r2.json,0,0,0,0,0,2,local_first,voice_004:en:r2,0,,6b7ec73b52a6a0c55a7ed2ee744607cd9157b5740c815f86009d1367c3e92904,voice_004,1,1,0
voice_texture,1,interactive_runtime_acceptance,,1.0,6,6,0,1.0,,,0.0,success,generated,seraedit_rule_v1,local_rule,1,0,en,53.8803999997981,1,1.0,1.0,1,0,0c5035ed93efb2ac1c5587c26516c30fe027ee5512efa6d318290840aa46303e,1,0c6617a45c50b8c3947cfaec0e6fc9130f8b8e7ea850bbc77a0bc3c70087fc96,1,53.8803999997981,0.0,experiments/runtime_acceptance_core_bilingual_r3_v4_20260826/raw_outputs/voice_004__en__r3.json,0,0,0,0,0,3,local_first,voice_004:en:r3,0,,6b7ec73b52a6a0c55a7ed2ee744607cd9157b5740c815f86009d1367c3e92904,voice_004,1,1,0
voice_texture,1,interactive_runtime_acceptance,,1.0,6,6,0,1.0,,,0.0,success,generated,seraedit_rule_v1,local_rule,1,0,zh,59.97990000014397,1,1.0,1.0,1,0,81dc4cc4371ef4041dfe253a50080d08119a6dfdfdf7cd5e60f15b6f920a83d8,1,0c6617a45c50b8c3947cfaec0e6fc9130f8b8e7ea850bbc77a0bc3c70087fc96,1,59.97990000014397,0.0,experiments/runtime_acceptance_core_bilingual_r3_v4_20260826/raw_outputs/voice_004__zh__r1.json,0,0,0,0,0,1,local_first,voice_004:zh:r1,0,,6b7ec73b52a6a0c55a7ed2ee744607cd9157b5740c815f86009d1367c3e92904,voice_004,1,1,0
voice_texture,1,interactive_runtime_acceptance,,1.0,6,6,0,1.0,,,0.0,success,generated,seraedit_rule_v1,local_rule,1,0,zh,72.93679999929736,1,1.0,1.0,1,0,81dc4cc4371ef4041dfe253a50080d08119a6dfdfdf7cd5e60f15b6f920a83d8,1,0c6617a45c50b8c3947cfaec0e6fc9130f8b8e7ea850bbc77a0bc3c70087fc96,1,72.93679999929736,0.0,experiments/runtime_acceptance_core_bilingual_r3_v4_20260826/raw_outputs/voice_004__zh__r2.json,0,0,0,0,0,2,local_first,voice_004:zh:r2,0,,6b7ec73b52a6a0c55a7ed2ee744607cd9157b5740c815f86009d1367c3e92904,voice_004,1,1,0
voice_texture,1,interactive_runtime_acceptance,,1.0,6,6,0,1.0,,,0.0,success,generated,seraedit_rule_v1,local_rule,1,0,zh,51.51969999951689,1,1.0,1.0,1,0,81dc4cc4371ef4041dfe253a50080d08119a6dfdfdf7cd5e60f15b6f920a83d8,1,0c6617a45c50b8c3947cfaec0e6fc9130f8b8e7ea850bbc77a0bc3c70087fc96,1,51.51969999951689,0.0,experiments/runtime_acceptance_core_bilingual_r3_v4_20260826/raw_outputs/voice_004__zh__r3.json,0,0,0,0,0,3,local_first,voice_004:zh:r3,0,,6b7ec73b52a6a0c55a7ed2ee744607cd9157b5740c815f86009d1367c3e92904,voice_004,1,1,0
ties_slurs_ornaments,1,interactive_runtime_acceptance,,1.0,4,4,0,1.0,,,0.0,success,generated,seraedit_rule_v1,local_rule,1,0,en,58.16340000001219,1,1.0,1.0,1,0,2c2dfba9b9e58c22dffe78858d9f76dccc867996146cb36df11fda125d5d9627,1,77d5aec81251817abe9cc4687550477f105d328d23ba2e45f62233b3aa236e89,1,58.16340000001219,0.0,experiments/runtime_acceptance_core_bilingual_r3_v4_20260826/raw_outputs/ties_004__en__r1.json,0,0,0,0,0,1,local_first,ties_004:en:r1,0,,fc8d359db974aab3bd9f94b9e475e5f5cd39f17f1fea01c28c4f1c58ed1118cc,ties_004,1,1,0
ties_slurs_ornaments,1,interactive_runtime_acceptance,,1.0,4,4,0,1.0,,,0.0,success,generated,seraedit_rule_v1,local_rule,1,0,en,58.298699999795645,1,1.0,1.0,1,0,2c2dfba9b9e58c22dffe78858d9f76dccc867996146cb36df11fda125d5d9627,1,77d5aec81251817abe9cc4687550477f105d328d23ba2e45f62233b3aa236e89,1,58.298699999795645,0.0,experiments/runtime_acceptance_core_bilingual_r3_v4_20260826/raw_outputs/ties_004__en__r2.json,0,0,0,0,0,2,local_first,ties_004:en:r2,0,,fc8d359db974aab3bd9f94b9e475e5f5cd39f17f1fea01c28c4f1c58ed1118cc,ties_004,1,1,0
ties_slurs_ornaments,1,interactive_runtime_acceptance,,1.0,4,4,0,1.0,,,0.0,success,generated,seraedit_rule_v1,local_rule,1,0,en,56.11550000048737,1,1.0,1.0,1,0,2c2dfba9b9e58c22dffe78858d9f76dccc867996146cb36df11fda125d5d9627,1,77d5aec81251817abe9cc4687550477f105d328d23ba2e45f62233b3aa236e89,1,56.11550000048737,0.0,experiments/runtime_acceptance_core_bilingual_r3_v4_20260826/raw_outputs/ties_004__en__r3.json,0,0,0,0,0,3,local_first,ties_004:en:r3,0,,fc8d359db974aab3bd9f94b9e475e5f5cd39f17f1fea01c28c4f1c58ed1118cc,ties_004,1,1,0
ties_slurs_ornaments,1,interactive_runtime_acceptance,,1.0,4,4,0,1.0,,,0.0,success,generated,seraedit_rule_v1,local_rule,1,0,zh,75.29880000038247,1,1.0,1.0,1,0,b183465aa4fb7be221e988e5e27059b1dfce8cba6e24f3e0a2a6dc80bba3cabe,1,77d5aec81251817abe9cc4687550477f105d328d23ba2e45f62233b3aa236e89,1,75.29880000038247,0.0,experiments/runtime_acceptance_core_bilingual_r3_v4_20260826/raw_outputs/ties_004__zh__r1.json,0,0,0,0,0,1,local_first,ties_004:zh:r1,0,,fc8d359db974aab3bd9f94b9e475e5f5cd39f17f1fea01c28c4f1c58ed1118cc,ties_004,1,1,0
ties_slurs_ornaments,1,interactive_runtime_acceptance,,1.0,4,4,0,1.0,,,0.0,success,generated,seraedit_rule_v1,local_rule,1,0,zh,55.66999999973632,1,1.0,1.0,1,0,b183465aa4fb7be221e988e5e27059b1dfce8cba6e24f3e0a2a6dc80bba3cabe,1,77d5aec81251817abe9cc4687550477f105d328d23ba2e45f62233b3aa236e89,1,55.66999999973632,0.0,experiments/runtime_acceptance_core_bilingual_r3_v4_20260826/raw_outputs/ties_004__zh__r2.json,0,0,0,0,0,2,local_first,ties_004:zh:r2,0,,fc8d359db974aab3bd9f94b9e475e5f5cd39f17f1fea01c28c4f1c58ed1118cc,ties_004,1,1,0
ties_slurs_ornaments,1,interactive_runtime_acceptance,,1.0,4,4,0,1.0,,,0.0,success,generated,seraedit_rule_v1,local_rule,1,0,zh,57.20720000044821,1,1.0,1.0,1,0,b183465aa4fb7be221e988e5e27059b1dfce8cba6e24f3e0a2a6dc80bba3cabe,1,77d5aec81251817abe9cc4687550477f105d328d23ba2e45f62233b3aa236e89,1,57.20720000044821,0.0,experiments/runtime_acceptance_core_bilingual_r3_v4_20260826/raw_outputs/ties_004__zh__r3.json,0,0,0,0,0,3,local_first,ties_004:zh:r3,0,,fc8d359db974aab3bd9f94b9e475e5f5cd39f17f1fea01c28c4f1c58ed1118cc,ties_004,1,1,0
voice_texture,1,interactive_runtime_acceptance,,1.0,6,6,0,1.0,,,0.0,success,generated,seraedit_rule_v1,local_rule,1,0,en,53.42759999984992,1,1.0,1.0,1,0,78250178e42d522ac4c61afc5eb67f8b769d35718808b7c6c40c99395fcf7ff2,1,0c6617a45c50b8c3947cfaec0e6fc9130f8b8e7ea850bbc77a0bc3c70087fc96,1,53.42759999984992,0.0,experiments/runtime_acceptance_core_bilingual_r3_v4_20260826/raw_outputs/voice_005__en__r1.json,0,0,0,0,0,1,local_first,voice_005:en:r1,0,,6b7ec73b52a6a0c55a7ed2ee744607cd9157b5740c815f86009d1367c3e92904,voice_005,1,1,0
voice_texture,1,interactive_runtime_acceptance,,1.0,6,6,0,1.0,,,0.0,success,generated,seraedit_rule_v1,local_rule,1,0,en,52.427999999963504,1,1.0,1.0,1,0,78250178e42d522ac4c61afc5eb67f8b769d35718808b7c6c40c99395fcf7ff2,1,0c6617a45c50b8c3947cfaec0e6fc9130f8b8e7ea850bbc77a0bc3c70087fc96,1,52.427999999963504,0.0,experiments/runtime_acceptance_core_bilingual_r3_v4_20260826/raw_outputs/voice_005__en__r2.json,0,0,0,0,0,2,local_first,voice_005:en:r2,0,,6b7ec73b52a6a0c55a7ed2ee744607cd9157b5740c815f86009d1367c3e92904,voice_005,1,1,0
voice_texture,1,interactive_runtime_acceptance,,1.0,6,6,0,1.0,,,0.0,success,generated,seraedit_rule_v1,local_rule,1,0,en,54.51939999966271,1,1.0,1.0,1,0,78250178e42d522ac4c61afc5eb67f8b769d35718808b7c6c40c99395fcf7ff2,1,0c6617a45c50b8c3947cfaec0e6fc9130f8b8e7ea850bbc77a0bc3c70087fc96,1,54.51939999966271,0.0,experiments/runtime_acceptance_core_bilingual_r3_v4_20260826/raw_outputs/voice_005__en__r3.json,0,0,0,0,0,3,local_first,voice_005:en:r3,0,,6b7ec73b52a6a0c55a7ed2ee744607cd9157b5740c815f86009d1367c3e92904,voice_005,1,1,0
voice_texture,1,interactive_runtime_acceptance,,1.0,6,6,0,1.0,,,0.0,success,generated,seraedit_rule_v1,local_rule,1,0,zh,52.23389999991923,1,1.0,1.0,1,0,943845d390b312fa57971ebc1e99dfe933801ea785527889018f416d14935e6e,1,0c6617a45c50b8c3947cfaec0e6fc9130f8b8e7ea850bbc77a0bc3c70087fc96,1,52.23389999991923,0.0,experiments/runtime_acceptance_core_bilingual_r3_v4_20260826/raw_outputs/voice_005__zh__r1.json,0,0,0,0,0,1,local_first,voice_005:zh:r1,0,,6b7ec73b52a6a0c55a7ed2ee744607cd9157b5740c815f86009d1367c3e92904,voice_005,1,1,0
voice_texture,1,interactive_runtime_acceptance,,1.0,6,6,0,1.0,,,0.0,success,generated,seraedit_rule_v1,local_rule,1,0,zh,54.12569999953121,1,1.0,1.0,1,0,943845d390b312fa57971ebc1e99dfe933801ea785527889018f416d14935e6e,1,0c6617a45c50b8c3947cfaec0e6fc9130f8b8e7ea850bbc77a0bc3c70087fc96,1,54.12569999953121,0.0,experiments/runtime_acceptance_core_bilingual_r3_v4_20260826/raw_outputs/voice_005__zh__r2.json,0,0,0,0,0,2,local_first,voice_005:zh:r2,0,,6b7ec73b52a6a0c55a7ed2ee744607cd9157b5740c815f86009d1367c3e92904,voice_005,1,1,0
voice_texture,1,interactive_runtime_acceptance,,1.0,6,6,0,1.0,,,0.0,success,generated,seraedit_rule_v1,local_rule,1,0,zh,57.26139999933366,1,1.0,1.0,1,0,943845d390b312fa57971ebc1e99dfe933801ea785527889018f416d14935e6e,1,0c6617a45c50b8c3947cfaec0e6fc9130f8b8e7ea850bbc77a0bc3c70087fc96,1,57.26139999933366,0.0,experiments/runtime_acceptance_core_bilingual_r3_v4_20260826/raw_outputs/voice_005__zh__r3.json,0,0,0,0,0,3,local_first,voice_005:zh:r3,0,,6b7ec73b52a6a0c55a7ed2ee744607cd9157b5740c815f86009d1367c3e92904,voice_005,1,1,0
pitch_transposition,1,interactive_runtime_acceptance,,1.0,2,2,0,1.0,,,0.0,success,generated,seraedit_rule_v1,local_rule,1,0,en,46.21390000011161,1,1.0,1.0,1,0,d082b79e17c2c743c9ae6b42253c25070c1a19802c0d01e3c215ae3e106fe576,1,bbe8f7728170bfe44a160bd9857dc06a4f37e596addbda200df5a2af49e073f2,1,46.21390000011161,0.0,experiments/runtime_acceptance_core_bilingual_r3_v4_20260826/raw_outputs/pitch_009__en__r1.json,0,0,0,0,0,1,local_first,pitch_009:en:r1,0,,717de55950d85f90efdc25506a368ab4c0607079132216fc620e34192d53de65,pitch_009,1,1,0
pitch_transposition,1,interactive_runtime_acceptance,,1.0,2,2,0,1.0,,,0.0,success,generated,seraedit_rule_v1,local_rule,1,0,en,50.46299999958137,1,1.0,1.0,1,0,d082b79e17c2c743c9ae6b42253c25070c1a19802c0d01e3c215ae3e106fe576,1,bbe8f7728170bfe44a160bd9857dc06a4f37e596addbda200df5a2af49e073f2,1,50.46299999958137,0.0,experiments/runtime_acceptance_core_bilingual_r3_v4_20260826/raw_outputs/pitch_009__en__r2.json,0,0,0,0,0,2,local_first,pitch_009:en:r2,0,,717de55950d85f90efdc25506a368ab4c0607079132216fc620e34192d53de65,pitch_009,1,1,0
pitch_transposition,1,interactive_runtime_acceptance,,1.0,2,2,0,1.0,,,0.0,success,generated,seraedit_rule_v1,local_rule,1,0,en,48.318400000425754,1,1.0,1.0,1,0,d082b79e17c2c743c9ae6b42253c25070c1a19802c0d01e3c215ae3e106fe576,1,bbe8f7728170bfe44a160bd9857dc06a4f37e596addbda200df5a2af49e073f2,1,48.318400000425754,0.0,experiments/runtime_acceptance_core_bilingual_r3_v4_20260826/raw_outputs/pitch_009__en__r3.json,0,0,0,0,0,3,local_first,pitch_009:en:r3,0,,717de55950d85f90efdc25506a368ab4c0607079132216fc620e34192d53de65,pitch_009,1,1,0
pitch_transposition,1,interactive_runtime_acceptance,,1.0,2,2,0,1.0,,,0.0,success,generated,seraedit_rule_v1,local_rule,1,0,zh,66.79720000011002,1,1.0,1.0,1,0,7ff7d9af2a9af414397c76fd7abed522ce7dd86244f06ed41189e48e6dc8379f,1,bbe8f7728170bfe44a160bd9857dc06a4f37e596addbda200df5a2af49e073f2,1,66.79720000011002,0.0,experiments/runtime_acceptance_core_bilingual_r3_v4_20260826/raw_outputs/pitch_009__zh__r1.json,0,0,0,0,0,1,local_first,pitch_009:zh:r1,0,,717de55950d85f90efdc25506a368ab4c0607079132216fc620e34192d53de65,pitch_009,1,1,0
pitch_transposition,1,interactive_runtime_acceptance,,1.0,2,2,0,1.0,,,0.0,success,generated,seraedit_rule_v1,local_rule,1,0,zh,47.58739999942918,1,1.0,1.0,1,0,7ff7d9af2a9af414397c76fd7abed522ce7dd86244f06ed41189e48e6dc8379f,1,bbe8f7728170bfe44a160bd9857dc06a4f37e596addbda200df5a2af49e073f2,1,47.58739999942918,0.0,experiments/runtime_acceptance_core_bilingual_r3_v4_20260826/raw_outputs/pitch_009__zh__r2.json,0,0,0,0,0,2,local_first,pitch_009:zh:r2,0,,717de55950d85f90efdc25506a368ab4c0607079132216fc620e34192d53de65,pitch_009,1,1,0
pitch_transposition,1,interactive_runtime_acceptance,,1.0,2,2,0,1.0,,,0.0,success,generated,seraedit_rule_v1,local_rule,1,0,zh,49.583399999391986,1,1.0,1.0,1,0,7ff7d9af2a9af414397c76fd7abed522ce7dd86244f06ed41189e48e6dc8379f,1,bbe8f7728170bfe44a160bd9857dc06a4f37e596addbda200df5a2af49e073f2,1,49.583399999391986,0.0,experiments/runtime_acceptance_core_bilingual_r3_v4_20260826/raw_outputs/pitch_009__zh__r3.json,0,0,0,0,0,3,local_first,pitch_009:zh:r3,0,,717de55950d85f90efdc25506a368ab4c0607079132216fc620e34192d53de65,pitch_009,1,1,0
rhythm_duration,1,interactive_runtime_acceptance,,1.0,2,2,0,1.0,,,0.0,success,generated,seraedit_rule_v1,local_rule,1,0,en,46.32980000042153,1,1.0,1.0,1,0,fc6dda6ef332cdb02aed9da51fca5599265dd83ee2b49efdf9b50211506c2cd1,1,f585f6619e2a7d74980d345251c03c059428ea3336c2a4bf914f85d7891b5d13,1,46.32980000042153,0.0,experiments/runtime_acceptance_core_bilingual_r3_v4_20260826/raw_outputs/rhythm_009__en__r1.json,0,0,0,0,0,1,local_first,rhythm_009:en:r1,0,,8f9068b7fcf0b2feb32892b5d9f24cb6a2f90cdcacf04d40961787a04589afb8,rhythm_009,1,1,0
rhythm_duration,1,interactive_runtime_acceptance,,1.0,2,2,0,1.0,,,0.0,success,generated,seraedit_rule_v1,local_rule,1,0,en,48.7647999998444,1,1.0,1.0,1,0,fc6dda6ef332cdb02aed9da51fca5599265dd83ee2b49efdf9b50211506c2cd1,1,f585f6619e2a7d74980d345251c03c059428ea3336c2a4bf914f85d7891b5d13,1,48.7647999998444,0.0,experiments/runtime_acceptance_core_bilingual_r3_v4_20260826/raw_outputs/rhythm_009__en__r2.json,0,0,0,0,0,2,local_first,rhythm_009:en:r2,0,,8f9068b7fcf0b2feb32892b5d9f24cb6a2f90cdcacf04d40961787a04589afb8,rhythm_009,1,1,0
rhythm_duration,1,interactive_runtime_acceptance,,1.0,2,2,0,1.0,,,0.0,success,generated,seraedit_rule_v1,local_rule,1,0,en,47.88989999997284,1,1.0,1.0,1,0,fc6dda6ef332cdb02aed9da51fca5599265dd83ee2b49efdf9b50211506c2cd1,1,f585f6619e2a7d74980d345251c03c059428ea3336c2a4bf914f85d7891b5d13,1,47.88989999997284,0.0,experiments/runtime_acceptance_core_bilingual_r3_v4_20260826/raw_outputs/rhythm_009__en__r3.json,0,0,0,0,0,3,local_first,rhythm_009:en:r3,0,,8f9068b7fcf0b2feb32892b5d9f24cb6a2f90cdcacf04d40961787a04589afb8,rhythm_009,1,1,0
rhythm_duration,1,interactive_runtime_acceptance,,1.0,2,2,0,1.0,,,0.0,success,generated,seraedit_rule_v1,local_rule,1,0,zh,49.88390000016807,1,1.0,1.0,1,0,e1cbd2c2a6be049b09211b4eae73974a6f6bfac8cf22cd5068fb5849edda0c1e,1,f585f6619e2a7d74980d345251c03c059428ea3336c2a4bf914f85d7891b5d13,1,49.88390000016807,0.0,experiments/runtime_acceptance_core_bilingual_r3_v4_20260826/raw_outputs/rhythm_009__zh__r1.json,0,0,0,0,0,1,local_first,rhythm_009:zh:r1,0,,8f9068b7fcf0b2feb32892b5d9f24cb6a2f90cdcacf04d40961787a04589afb8,rhythm_009,1,1,0
rhythm_duration,1,interactive_runtime_acceptance,,1.0,2,2,0,1.0,,,0.0,success,generated,seraedit_rule_v1,local_rule,1,0,zh,64.59430000086286,1,1.0,1.0,1,0,e1cbd2c2a6be049b09211b4eae73974a6f6bfac8cf22cd5068fb5849edda0c1e,1,f585f6619e2a7d74980d345251c03c059428ea3336c2a4bf914f85d7891b5d13,1,64.59430000086286,0.0,experiments/runtime_acceptance_core_bilingual_r3_v4_20260826/raw_outputs/rhythm_009__zh__r2.json,0,0,0,0,0,2,local_first,rhythm_009:zh:r2,0,,8f9068b7fcf0b2feb32892b5d9f24cb6a2f90cdcacf04d40961787a04589afb8,rhythm_009,1,1,0
rhythm_duration,1,interactive_runtime_acceptance,,1.0,2,2,0,1.0,,,0.0,success,generated,seraedit_rule_v1,local_rule,1,0,zh,47.8767999993579,1,1.0,1.0,1,0,e1cbd2c2a6be049b09211b4eae73974a6f6bfac8cf22cd5068fb5849edda0c1e,1,f585f6619e2a7d74980d345251c03c059428ea3336c2a4bf914f85d7891b5d13,1,47.8767999993579,0.0,experiments/runtime_acceptance_core_bilingual_r3_v4_20260826/raw_outputs/rhythm_009__zh__r3.json,0,0,0,0,0,3,local_first,rhythm_009:zh:r3,0,,8f9068b7fcf0b2feb32892b5d9f24cb6a2f90cdcacf04d40961787a04589afb8,rhythm_009,1,1,0
key_harmony,1,interactive_runtime_acceptance,,1.0,2,2,0,1.0,,,0.0,success,generated,seraedit_rule_v1,local_rule,1,0,en,50.39450000003853,1,1.0,1.0,1,0,9295a8905e334acf634d6e0793294e50ff9fbc7261154911405e707ef5951321,1,31f171854fed728859b27b852c7e740052195112f551c9d0fd4996ac65de2511,1,50.39450000003853,0.0,experiments/runtime_acceptance_core_bilingual_r3_v4_20260826/raw_outputs/key_009__en__r1.json,0,0,0,0,0,1,local_first,key_009:en:r1,0,,25471c10e31a8c96d1778e35d61f2366f7a8470f1a00dec24aceaf932b626f04,key_009,1,1,0
key_harmony,1,interactive_runtime_acceptance,,1.0,2,2,0,1.0,,,0.0,success,generated,seraedit_rule_v1,local_rule,1,0,en,49.48690000037459,1,1.0,1.0,1,0,9295a8905e334acf634d6e0793294e50ff9fbc7261154911405e707ef5951321,1,31f171854fed728859b27b852c7e740052195112f551c9d0fd4996ac65de2511,1,49.48690000037459,0.0,experiments/runtime_acceptance_core_bilingual_r3_v4_20260826/raw_outputs/key_009__en__r2.json,0,0,0,0,0,2,local_first,key_009:en:r2,0,,25471c10e31a8c96d1778e35d61f2366f7a8470f1a00dec24aceaf932b626f04,key_009,1,1,0
key_harmony,1,interactive_runtime_acceptance,,1.0,2,2,0,1.0,,,0.0,success,generated,seraedit_rule_v1,local_rule,1,0,en,49.871200000779936,1,1.0,1.0,1,0,9295a8905e334acf634d6e0793294e50ff9fbc7261154911405e707ef5951321,1,31f171854fed728859b27b852c7e740052195112f551c9d0fd4996ac65de2511,1,49.871200000779936,0.0,experiments/runtime_acceptance_core_bilingual_r3_v4_20260826/raw_outputs/key_009__en__r3.json,0,0,0,0,0,3,local_first,key_009:en:r3,0,,25471c10e31a8c96d1778e35d61f2366f7a8470f1a00dec24aceaf932b626f04,key_009,1,1,0
key_harmony,1,interactive_runtime_acceptance,,1.0,2,2,0,1.0,,,0.0,success,generated,seraedit_rule_v1,local_rule,1,0,zh,45.84640000030049,1,1.0,1.0,1,0,6673c40e32acd5cf4eaa80f7a952880eac1130a7af6598098e3607bca5fe5e74,1,31f171854fed728859b27b852c7e740052195112f551c9d0fd4996ac65de2511,1,45.84640000030049,0.0,experiments/runtime_acceptance_core_bilingual_r3_v4_20260826/raw_outputs/key_009__zh__r1.json,0,0,0,0,0,1,local_first,key_009:zh:r1,0,,25471c10e31a8c96d1778e35d61f2366f7a8470f1a00dec24aceaf932b626f04,key_009,1,1,0
key_harmony,1,interactive_runtime_acceptance,,1.0,2,2,0,1.0,,,0.0,success,generated,seraedit_rule_v1,local_rule,1,0,zh,48.712800000430434,1,1.0,1.0,1,0,6673c40e32acd5cf4eaa80f7a952880eac1130a7af6598098e3607bca5fe5e74,1,31f171854fed728859b27b852c7e740052195112f551c9d0fd4996ac65de2511,1,48.712800000430434,0.0,experiments/runtime_acceptance_core_bilingual_r3_v4_20260826/raw_outputs/key_009__zh__r2.json,0,0,0,0,0,2,local_first,key_009:zh:r2,0,,25471c10e31a8c96d1778e35d61f2366f7a8470f1a00dec24aceaf932b626f04,key_009,1,1,0
key_harmony,1,interactive_runtime_acceptance,,1.0,2,2,0,1.0,,,0.0,success,generated,seraedit_rule_v1,local_rule,1,0,zh,63.47840000034921,1,1.0,1.0,1,0,6673c40e32acd5cf4eaa80f7a952880eac1130a7af6598098e3607bca5fe5e74,1,31f171854fed728859b27b852c7e740052195112f551c9d0fd4996ac65de2511,1,63.47840000034921,0.0,experiments/runtime_acceptance_core_bilingual_r3_v4_20260826/raw_outputs/key_009__zh__r3.json,0,0,0,0,0,3,local_first,key_009:zh:r3,0,,25471c10e31a8c96d1778e35d61f2366f7a8470f1a00dec24aceaf932b626f04,key_009,1,1,0
voice_texture,1,interactive_runtime_acceptance,,1.0,6,6,0,1.0,,,0.0,success,generated,seraedit_rule_v1,local_rule,1,0,en,47.98179999943386,1,1.0,1.0,1,0,cb39b90d66be54e2d9d649de4f81604a0201be834c1ee6fca0f8403e26700092,1,cbfc1447e9362f4cbd832d50b78ebacd04a19dceabc49ee26781fb7d1f03c11a,1,47.98179999943386,0.0,experiments/runtime_acceptance_core_bilingual_r3_v4_20260826/raw_outputs/voice_006__en__r1.json,0,0,0,0,0,1,local_first,voice_006:en:r1,0,,8bc62d2e173fd8cfacaf1f2cfa4cfe6011575a515096c9cb67108d25806cd2c7,voice_006,1,1,0
voice_texture,1,interactive_runtime_acceptance,,1.0,6,6,0,1.0,,,0.0,success,generated,seraedit_rule_v1,local_rule,1,0,en,48.26940000020841,1,1.0,1.0,1,0,cb39b90d66be54e2d9d649de4f81604a0201be834c1ee6fca0f8403e26700092,1,cbfc1447e9362f4cbd832d50b78ebacd04a19dceabc49ee26781fb7d1f03c11a,1,48.26940000020841,0.0,experiments/runtime_acceptance_core_bilingual_r3_v4_20260826/raw_outputs/voice_006__en__r2.json,0,0,0,0,0,2,local_first,voice_006:en:r2,0,,8bc62d2e173fd8cfacaf1f2cfa4cfe6011575a515096c9cb67108d25806cd2c7,voice_006,1,1,0
voice_texture,1,interactive_runtime_acceptance,,1.0,6,6,0,1.0,,,0.0,success,generated,seraedit_rule_v1,local_rule,1,0,en,48.400300000139396,1,1.0,1.0,1,0,cb39b90d66be54e2d9d649de4f81604a0201be834c1ee6fca0f8403e26700092,1,cbfc1447e9362f4cbd832d50b78ebacd04a19dceabc49ee26781fb7d1f03c11a,1,48.400300000139396,0.0,experiments/runtime_acceptance_core_bilingual_r3_v4_20260826/raw_outputs/voice_006__en__r3.json,0,0,0,0,0,3,local_first,voice_006:en:r3,0,,8bc62d2e173fd8cfacaf1f2cfa4cfe6011575a515096c9cb67108d25806cd2c7,voice_006,1,1,0
voice_texture,1,interactive_runtime_acceptance,,1.0,6,6,0,1.0,,,0.0,success,generated,seraedit_rule_v1,local_rule,1,0,zh,50.71929999940039,1,1.0,1.0,1,0,1956bb5028a16062b350ff3e8e9a563e2f7a949c95f8b6ec654f6643643562ef,1,cbfc1447e9362f4cbd832d50b78ebacd04a19dceabc49ee26781fb7d1f03c11a,1,50.71929999940039,0.0,experiments/runtime_acceptance_core_bilingual_r3_v4_20260826/raw_outputs/voice_006__zh__r1.json,0,0,0,0,0,1,local_first,voice_006:zh:r1,0,,8bc62d2e173fd8cfacaf1f2cfa4cfe6011575a515096c9cb67108d25806cd2c7,voice_006,1,1,0
voice_texture,1,interactive_runtime_acceptance,,1.0,6,6,0,1.0,,,0.0,success,generated,seraedit_rule_v1,local_rule,1,0,zh,52.60850000013306,1,1.0,1.0,1,0,1956bb5028a16062b350ff3e8e9a563e2f7a949c95f8b6ec654f6643643562ef,1,cbfc1447e9362f4cbd832d50b78ebacd04a19dceabc49ee26781fb7d1f03c11a,1,52.60850000013306,0.0,experiments/runtime_acceptance_core_bilingual_r3_v4_20260826/raw_outputs/voice_006__zh__r2.json,0,0,0,0,0,2,local_first,voice_006:zh:r2,0,,8bc62d2e173fd8cfacaf1f2cfa4cfe6011575a515096c9cb67108d25806cd2c7,voice_006,1,1,0
voice_texture,1,interactive_runtime_acceptance,,1.0,6,6,0,1.0,,,0.0,success,generated,seraedit_rule_v1,local_rule,1,0,zh,49.201499999981024,1,1.0,1.0,1,0,1956bb5028a16062b350ff3e8e9a563e2f7a949c95f8b6ec654f6643643562ef,1,cbfc1447e9362f4cbd832d50b78ebacd04a19dceabc49ee26781fb7d1f03c11a,1,49.201499999981024,0.0,experiments/runtime_acceptance_core_bilingual_r3_v4_20260826/raw_outputs/voice_006__zh__r3.json,0,0,0,0,0,3,local_first,voice_006:zh:r3,0,,8bc62d2e173fd8cfacaf1f2cfa4cfe6011575a515096c9cb67108d25806cd2c7,voice_006,1,1,0
dynamics_articulation,1,interactive_runtime_acceptance,,1.0,3,3,0,1.0,,,0.0,success,generated,seraedit_rule_v1,local_rule,1,0,en,49.262000000453554,1,1.0,1.0,1,0,0edc1fdf2fa915fdfdd81663b38ef81bc120b6f6035e40e57e36498cd221577b,1,18978caad6ca4a017adfe4844b228e79c41926b792316bc9db7ea24c2b3f5fa2,1,49.262000000453554,0.0,experiments/runtime_acceptance_core_bilingual_r3_v4_20260826/raw_outputs/dynamics_008__en__r1.json,0,0,0,0,0,1,local_first,dynamics_008:en:r1,0,,8001a714da55b6e6c180f83c57e0692c9af9ced1c08d4387df861675345583d3,dynamics_008,1,1,0
dynamics_articulation,1,interactive_runtime_acceptance,,1.0,3,3,0,1.0,,,0.0,success,generated,seraedit_rule_v1,local_rule,1,0,en,61.694099999840546,1,1.0,1.0,1,0,0edc1fdf2fa915fdfdd81663b38ef81bc120b6f6035e40e57e36498cd221577b,1,18978caad6ca4a017adfe4844b228e79c41926b792316bc9db7ea24c2b3f5fa2,1,61.694099999840546,0.0,experiments/runtime_acceptance_core_bilingual_r3_v4_20260826/raw_outputs/dynamics_008__en__r2.json,0,0,0,0,0,2,local_first,dynamics_008:en:r2,0,,8001a714da55b6e6c180f83c57e0692c9af9ced1c08d4387df861675345583d3,dynamics_008,1,1,0
dynamics_articulation,1,interactive_runtime_acceptance,,1.0,3,3,0,1.0,,,0.0,success,generated,seraedit_rule_v1,local_rule,1,0,en,46.933399999943504,1,1.0,1.0,1,0,0edc1fdf2fa915fdfdd81663b38ef81bc120b6f6035e40e57e36498cd221577b,1,18978caad6ca4a017adfe4844b228e79c41926b792316bc9db7ea24c2b3f5fa2,1,46.933399999943504,0.0,experiments/runtime_acceptance_core_bilingual_r3_v4_20260826/raw_outputs/dynamics_008__en__r3.json,0,0,0,0,0,3,local_first,dynamics_008:en:r3,0,,8001a714da55b6e6c180f83c57e0692c9af9ced1c08d4387df861675345583d3,dynamics_008,1,1,0
dynamics_articulation,1,interactive_runtime_acceptance,,1.0,3,3,0,1.0,,,0.0,success,generated,seraedit_rule_v1,local_rule,1,0,zh,53.32799999996496,1,1.0,1.0,1,0,c8b1849c4f08dd827997eaafb239002410e6f3573da3fc5795726285cc638f8b,1,18978caad6ca4a017adfe4844b228e79c41926b792316bc9db7ea24c2b3f5fa2,1,53.32799999996496,0.0,experiments/runtime_acceptance_core_bilingual_r3_v4_20260826/raw_outputs/dynamics_008__zh__r1.json,0,0,0,0,0,1,local_first,dynamics_008:zh:r1,0,,8001a714da55b6e6c180f83c57e0692c9af9ced1c08d4387df861675345583d3,dynamics_008,1,1,0
dynamics_articulation,1,interactive_runtime_acceptance,,1.0,3,3,0,1.0,,,0.0,success,generated,seraedit_rule_v1,local_rule,1,0,zh,48.91289999977744,1,1.0,1.0,1,0,c8b1849c4f08dd827997eaafb239002410e6f3573da3fc5795726285cc638f8b,1,18978caad6ca4a017adfe4844b228e79c41926b792316bc9db7ea24c2b3f5fa2,1,48.91289999977744,0.0,experiments/runtime_acceptance_core_bilingual_r3_v4_20260826/raw_outputs/dynamics_008__zh__r2.json,0,0,0,0,0,2,local_first,dynamics_008:zh:r2,0,,8001a714da55b6e6c180f83c57e0692c9af9ced1c08d4387df861675345583d3,dynamics_008,1,1,0
dynamics_articulation,1,interactive_runtime_acceptance,,1.0,3,3,0,1.0,,,0.0,success,generated,seraedit_rule_v1,local_rule,1,0,zh,50.46810000021651,1,1.0,1.0,1,0,c8b1849c4f08dd827997eaafb239002410e6f3573da3fc5795726285cc638f8b,1,18978caad6ca4a017adfe4844b228e79c41926b792316bc9db7ea24c2b3f5fa2,1,50.46810000021651,0.0,experiments/runtime_acceptance_core_bilingual_r3_v4_20260826/raw_outputs/dynamics_008__zh__r3.json,0,0,0,0,0,3,local_first,dynamics_008:zh:r3,0,,8001a714da55b6e6c180f83c57e0692c9af9ced1c08d4387df861675345583d3,dynamics_008,1,1,0
insertion_deletion,1,interactive_runtime_acceptance,,1.0,2,2,0,1.0,,,0.0,success,generated,seraedit_rule_v1,local_rule,1,0,en,48.93119999996998,1,1.0,1.0,1,0,d0fcea12e6cc76ff3ba92c52668cc8410afa33c849e664349328cfe1d4a0f385,1,25f3e24fd56fd2743e60cc16308315d86369ecd76c91c2968f878027500cd307,1,48.93119999996998,0.0,experiments/runtime_acceptance_core_bilingual_r3_v4_20260826/raw_outputs/insertion_008__en__r1.json,0,0,0,0,0,1,local_first,insertion_008:en:r1,0,,0cdcd3d3c9e5c25b1cf1b329c15be28bae5380c2f4cdb9737572584a9ec11ac3,insertion_008,1,1,0
insertion_deletion,1,interactive_runtime_acceptance,,1.0,2,2,0,1.0,,,0.0,success,generated,seraedit_rule_v1,local_rule,1,0,en,71.3514999997642,1,1.0,1.0,1,0,d0fcea12e6cc76ff3ba92c52668cc8410afa33c849e664349328cfe1d4a0f385,1,25f3e24fd56fd2743e60cc16308315d86369ecd76c91c2968f878027500cd307,1,71.3514999997642,0.0,experiments/runtime_acceptance_core_bilingual_r3_v4_20260826/raw_outputs/insertion_008__en__r2.json,0,0,0,0,0,2,local_first,insertion_008:en:r2,0,,0cdcd3d3c9e5c25b1cf1b329c15be28bae5380c2f4cdb9737572584a9ec11ac3,insertion_008,1,1,0
insertion_deletion,1,interactive_runtime_acceptance,,1.0,2,2,0,1.0,,,0.0,success,generated,seraedit_rule_v1,local_rule,1,0,en,48.90149999937421,1,1.0,1.0,1,0,d0fcea12e6cc76ff3ba92c52668cc8410afa33c849e664349328cfe1d4a0f385,1,25f3e24fd56fd2743e60cc16308315d86369ecd76c91c2968f878027500cd307,1,48.90149999937421,0.0,experiments/runtime_acceptance_core_bilingual_r3_v4_20260826/raw_outputs/insertion_008__en__r3.json,0,0,0,0,0,3,local_first,insertion_008:en:r3,0,,0cdcd3d3c9e5c25b1cf1b329c15be28bae5380c2f4cdb9737572584a9ec11ac3,insertion_008,1,1,0
insertion_deletion,1,interactive_runtime_acceptance,,1.0,2,2,0,1.0,,,0.0,success,generated,seraedit_rule_v1,local_rule,1,0,zh,49.7841000005792,1,1.0,1.0,1,0,89841a3fcffc48e27b5e65efc12d4c4f476e8e59b629b858b234bad520f92913,1,25f3e24fd56fd2743e60cc16308315d86369ecd76c91c2968f878027500cd307,1,49.7841000005792,0.0,experiments/runtime_acceptance_core_bilingual_r3_v4_20260826/raw_outputs/insertion_008__zh__r1.json,0,0,0,0,0,1,local_first,insertion_008:zh:r1,0,,0cdcd3d3c9e5c25b1cf1b329c15be28bae5380c2f4cdb9737572584a9ec11ac3,insertion_008,1,1,0
insertion_deletion,1,interactive_runtime_acceptance,,1.0,2,2,0,1.0,,,0.0,success,generated,seraedit_rule_v1,local_rule,1,0,zh,50.37050000009913,1,1.0,1.0,1,0,89841a3fcffc48e27b5e65efc12d4c4f476e8e59b629b858b234bad520f92913,1,25f3e24fd56fd2743e60cc16308315d86369ecd76c91c2968f878027500cd307,1,50.37050000009913,0.0,experiments/runtime_acceptance_core_bilingual_r3_v4_20260826/raw_outputs/insertion_008__zh__r2.json,0,0,0,0,0,2,local_first,insertion_008:zh:r2,0,,0cdcd3d3c9e5c25b1cf1b329c15be28bae5380c2f4cdb9737572584a9ec11ac3,insertion_008,1,1,0
insertion_deletion,1,interactive_runtime_acceptance,,1.0,2,2,0,1.0,,,0.0,success,generated,seraedit_rule_v1,local_rule,1,0,zh,49.797399999988556,1,1.0,1.0,1,0,89841a3fcffc48e27b5e65efc12d4c4f476e8e59b629b858b234bad520f92913,1,25f3e24fd56fd2743e60cc16308315d86369ecd76c91c2968f878027500cd307,1,49.797399999988556,0.0,experiments/runtime_acceptance_core_bilingual_r3_v4_20260826/raw_outputs/insertion_008__zh__r3.json,0,0,0,0,0,3,local_first,insertion_008:zh:r3,0,,0cdcd3d3c9e5c25b1cf1b329c15be28bae5380c2f4cdb9737572584a9ec11ac3,insertion_008,1,1,0
ties_slurs_ornaments,1,interactive_runtime_acceptance,,1.0,4,4,0,1.0,,,0.0,success,generated,seraedit_rule_v1,local_rule,1,0,en,75.01279999996768,1,1.0,1.0,1,0,223e5db4239b06a252e77185dbd0319abce2e72e686fc69ce214a29389ceaced,1,7f51d93b842cbe4fa5e770406aefff12aaf17f4568f1ce18794bf2b51247ba47,1,75.01279999996768,0.0,experiments/runtime_acceptance_core_bilingual_r3_v4_20260826/raw_outputs/ties_005__en__r1.json,0,0,0,0,0,1,local_first,ties_005:en:r1,0,,d60db83b3dfdbc502767e13b705e33291d0a5320f9525fec7b150b056030fd2a,ties_005,1,1,0
ties_slurs_ornaments,1,interactive_runtime_acceptance,,1.0,4,4,0,1.0,,,0.0,success,generated,seraedit_rule_v1,local_rule,1,0,en,75.51920000059908,1,1.0,1.0,1,0,223e5db4239b06a252e77185dbd0319abce2e72e686fc69ce214a29389ceaced,1,7f51d93b842cbe4fa5e770406aefff12aaf17f4568f1ce18794bf2b51247ba47,1,75.51920000059908,0.0,experiments/runtime_acceptance_core_bilingual_r3_v4_20260826/raw_outputs/ties_005__en__r2.json,0,0,0,0,0,2,local_first,ties_005:en:r2,0,,d60db83b3dfdbc502767e13b705e33291d0a5320f9525fec7b150b056030fd2a,ties_005,1,1,0
ties_slurs_ornaments,1,interactive_runtime_acceptance,,1.0,4,4,0,1.0,,,0.0,success,generated,seraedit_rule_v1,local_rule,1,0,en,75.00590000017837,1,1.0,1.0,1,0,223e5db4239b06a252e77185dbd0319abce2e72e686fc69ce214a29389ceaced,1,7f51d93b842cbe4fa5e770406aefff12aaf17f4568f1ce18794bf2b51247ba47,1,75.00590000017837,0.0,experiments/runtime_acceptance_core_bilingual_r3_v4_20260826/raw_outputs/ties_005__en__r3.json,0,0,0,0,0,3,local_first,ties_005:en:r3,0,,d60db83b3dfdbc502767e13b705e33291d0a5320f9525fec7b150b056030fd2a,ties_005,1,1,0
ties_slurs_ornaments,1,interactive_runtime_acceptance,,1.0,4,4,0,1.0,,,0.0,success,generated,seraedit_rule_v1,local_rule,1,0,zh,75.53459999962797,1,1.0,1.0,1,0,88bcd81d64b0681cca1cbdd6b6e6cf658eb324f8175b18fb5dada642fc8d9577,1,7f51d93b842cbe4fa5e770406aefff12aaf17f4568f1ce18794bf2b51247ba47,1,75.53459999962797,0.0,experiments/runtime_acceptance_core_bilingual_r3_v4_20260826/raw_outputs/ties_005__zh__r1.json,0,0,0,0,0,1,local_first,ties_005:zh:r1,0,,d60db83b3dfdbc502767e13b705e33291d0a5320f9525fec7b150b056030fd2a,ties_005,1,1,0
ties_slurs_ornaments,1,interactive_runtime_acceptance,,1.0,4,4,0,1.0,,,0.0,success,generated,seraedit_rule_v1,local_rule,1,0,zh,77.27210000030027,1,1.0,1.0,1,0,88bcd81d64b0681cca1cbdd6b6e6cf658eb324f8175b18fb5dada642fc8d9577,1,7f51d93b842cbe4fa5e770406aefff12aaf17f4568f1ce18794bf2b51247ba47,1,77.27210000030027,0.0,experiments/runtime_acceptance_core_bilingual_r3_v4_20260826/raw_outputs/ties_005__zh__r2.json,0,0,0,0,0,2,local_first,ties_005:zh:r2,0,,d60db83b3dfdbc502767e13b705e33291d0a5320f9525fec7b150b056030fd2a,ties_005,1,1,0
ties_slurs_ornaments,1,interactive_runtime_acceptance,,1.0,4,4,0,1.0,,,0.0,success,generated,seraedit_rule_v1,local_rule,1,0,zh,93.30000000045402,1,1.0,1.0,1,0,88bcd81d64b0681cca1cbdd6b6e6cf658eb324f8175b18fb5dada642fc8d9577,1,7f51d93b842cbe4fa5e770406aefff12aaf17f4568f1ce18794bf2b51247ba47,1,93.30000000045402,0.0,experiments/runtime_acceptance_core_bilingual_r3_v4_20260826/raw_outputs/ties_005__zh__r3.json,0,0,0,0,0,3,local_first,ties_005:zh:r3,0,,d60db83b3dfdbc502767e13b705e33291d0a5320f9525fec7b150b056030fd2a,ties_005,1,1,0
meter_measure_structure,1,interactive_runtime_acceptance,,1.0,3,3,0,1.0,,,0.0,success,generated,seraedit_rule_v1,local_rule,1,0,en,74.48399999975663,1,1.0,1.0,1,0,1edd81f77636b1379cbe01255462b0684a74fc8b417232de4729c745e776e4b3,1,27cf3225ac1e7a5ca23d57633e5418a51feed1d6ca3a524bb5ed2552081b91e8,1,74.48399999975663,0.0,experiments/runtime_acceptance_core_bilingual_r3_v4_20260826/raw_outputs/meter_004__en__r1.json,0,0,0,0,0,1,local_first,meter_004:en:r1,0,,b2f4c858f5e7c9b5ce33e5e4115451865ff317b3d8e6fe009a7a2ed56b5a6d47,meter_004,1,1,0
meter_measure_structure,1,interactive_runtime_acceptance,,1.0,3,3,0,1.0,,,0.0,success,generated,seraedit_rule_v1,local_rule,1,0,en,74.51300000047922,1,1.0,1.0,1,0,1edd81f77636b1379cbe01255462b0684a74fc8b417232de4729c745e776e4b3,1,27cf3225ac1e7a5ca23d57633e5418a51feed1d6ca3a524bb5ed2552081b91e8,1,74.51300000047922,0.0,experiments/runtime_acceptance_core_bilingual_r3_v4_20260826/raw_outputs/meter_004__en__r2.json,0,0,0,0,0,2,local_first,meter_004:en:r2,0,,b2f4c858f5e7c9b5ce33e5e4115451865ff317b3d8e6fe009a7a2ed56b5a6d47,meter_004,1,1,0
meter_measure_structure,1,interactive_runtime_acceptance,,1.0,3,3,0,1.0,,,0.0,success,generated,seraedit_rule_v1,local_rule,1,0,en,71.56880000002275,1,1.0,1.0,1,0,1edd81f77636b1379cbe01255462b0684a74fc8b417232de4729c745e776e4b3,1,27cf3225ac1e7a5ca23d57633e5418a51feed1d6ca3a524bb5ed2552081b91e8,1,71.56880000002275,0.0,experiments/runtime_acceptance_core_bilingual_r3_v4_20260826/raw_outputs/meter_004__en__r3.json,0,0,0,0,0,3,local_first,meter_004:en:r3,0,,b2f4c858f5e7c9b5ce33e5e4115451865ff317b3d8e6fe009a7a2ed56b5a6d47,meter_004,1,1,0
meter_measure_structure,1,interactive_runtime_acceptance,,1.0,3,3,0,1.0,,,0.0,success,generated,seraedit_rule_v1,local_rule,1,0,zh,86.67180000065855,1,1.0,1.0,1,0,2ad3983eca0fe8fee1357385e5cb994d3d4f970621e328c3668349fb4e0f3092,1,27cf3225ac1e7a5ca23d57633e5418a51feed1d6ca3a524bb5ed2552081b91e8,1,86.67180000065855,0.0,experiments/runtime_acceptance_core_bilingual_r3_v4_20260826/raw_outputs/meter_004__zh__r1.json,0,0,0,0,0,1,local_first,meter_004:zh:r1,0,,b2f4c858f5e7c9b5ce33e5e4115451865ff317b3d8e6fe009a7a2ed56b5a6d47,meter_004,1,1,0
meter_measure_structure,1,interactive_runtime_acceptance,,1.0,3,3,0,1.0,,,0.0,success,generated,seraedit_rule_v1,local_rule,1,0,zh,73.67750000048545,1,1.0,1.0,1,0,2ad3983eca0fe8fee1357385e5cb994d3d4f970621e328c3668349fb4e0f3092,1,27cf3225ac1e7a5ca23d57633e5418a51feed1d6ca3a524bb5ed2552081b91e8,1,73.67750000048545,0.0,experiments/runtime_acceptance_core_bilingual_r3_v4_20260826/raw_outputs/meter_004__zh__r2.json,0,0,0,0,0,2,local_first,meter_004:zh:r2,0,,b2f4c858f5e7c9b5ce33e5e4115451865ff317b3d8e6fe009a7a2ed56b5a6d47,meter_004,1,1,0
meter_measure_structure,1,interactive_runtime_acceptance,,1.0,3,3,0,1.0,,,0.0,success,generated,seraedit_rule_v1,local_rule,1,0,zh,72.86839999960648,1,1.0,1.0,1,0,2ad3983eca0fe8fee1357385e5cb994d3d4f970621e328c3668349fb4e0f3092,1,27cf3225ac1e7a5ca23d57633e5418a51feed1d6ca3a524bb5ed2552081b91e8,1,72.86839999960648,0.0,experiments/runtime_acceptance_core_bilingual_r3_v4_20260826/raw_outputs/meter_004__zh__r3.json,0,0,0,0,0,3,local_first,meter_004:zh:r3,0,,b2f4c858f5e7c9b5ce33e5e4115451865ff317b3d8e6fe009a7a2ed56b5a6d47,meter_004,1,1,0
compound_multi_step,1,interactive_runtime_acceptance,,1.0,3,3,0,1.0,,,0.0,success,generated,seraedit_rule_v1,local_rule,1,0,en,76.34059999963938,1,1.0,1.0,1,0,c521e7b23f967c93a07542488a4553d56a318cb12c64d18fcacd862c82998106,1,557fa1283fd236cc1f32309cc7a78ca9ca42a8355bdd65a307242a8581d88244,1,76.34059999963938,0.0,experiments/runtime_acceptance_core_bilingual_r3_v4_20260826/raw_outputs/compound_004__en__r1.json,0,0,0,0,0,1,local_first,compound_004:en:r1,0,,409c500360a596662c17f3a2c22a01904eea9b6bb9cf72fd22030f5bdb47a5c0,compound_004,1,1,0
compound_multi_step,1,interactive_runtime_acceptance,,1.0,3,3,0,1.0,,,0.0,success,generated,seraedit_rule_v1,local_rule,1,0,en,93.24520000063785,1,1.0,1.0,1,0,c521e7b23f967c93a07542488a4553d56a318cb12c64d18fcacd862c82998106,1,557fa1283fd236cc1f32309cc7a78ca9ca42a8355bdd65a307242a8581d88244,1,93.24520000063785,0.0,experiments/runtime_acceptance_core_bilingual_r3_v4_20260826/raw_outputs/compound_004__en__r2.json,0,0,0,0,0,2,local_first,compound_004:en:r2,0,,409c500360a596662c17f3a2c22a01904eea9b6bb9cf72fd22030f5bdb47a5c0,compound_004,1,1,0
compound_multi_step,1,interactive_runtime_acceptance,,1.0,3,3,0,1.0,,,0.0,success,generated,seraedit_rule_v1,local_rule,1,0,en,79.58830000006856,1,1.0,1.0,1,0,c521e7b23f967c93a07542488a4553d56a318cb12c64d18fcacd862c82998106,1,557fa1283fd236cc1f32309cc7a78ca9ca42a8355bdd65a307242a8581d88244,1,79.58830000006856,0.0,experiments/runtime_acceptance_core_bilingual_r3_v4_20260826/raw_outputs/compound_004__en__r3.json,0,0,0,0,0,3,local_first,compound_004:en:r3,0,,409c500360a596662c17f3a2c22a01904eea9b6bb9cf72fd22030f5bdb47a5c0,compound_004,1,1,0
compound_multi_step,1,interactive_runtime_acceptance,,1.0,3,3,0,1.0,,,0.0,success,generated,seraedit_rule_v1,local_rule,1,0,zh,77.50820000001113,1,1.0,1.0,1,0,a7f0229859612f6f6a86568829a45fab8c3a12625cc83475efa4e8424f394582,1,557fa1283fd236cc1f32309cc7a78ca9ca42a8355bdd65a307242a8581d88244,1,77.50820000001113,0.0,experiments/runtime_acceptance_core_bilingual_r3_v4_20260826/raw_outputs/compound_004__zh__r1.json,0,0,0,0,0,1,local_first,compound_004:zh:r1,0,,409c500360a596662c17f3a2c22a01904eea9b6bb9cf72fd22030f5bdb47a5c0,compound_004,1,1,0
compound_multi_step,1,interactive_runtime_acceptance,,1.0,3,3,0,1.0,,,0.0,success,generated,seraedit_rule_v1,local_rule,1,0,zh,78.67349999924045,1,1.0,1.0,1,0,a7f0229859612f6f6a86568829a45fab8c3a12625cc83475efa4e8424f394582,1,557fa1283fd236cc1f32309cc7a78ca9ca42a8355bdd65a307242a8581d88244,1,78.67349999924045,0.0,experiments/runtime_acceptance_core_bilingual_r3_v4_20260826/raw_outputs/compound_004__zh__r2.json,0,0,0,0,0,2,local_first,compound_004:zh:r2,0,,409c500360a596662c17f3a2c22a01904eea9b6bb9cf72fd22030f5bdb47a5c0,compound_004,1,1,0
compound_multi_step,1,interactive_runtime_acceptance,,1.0,3,3,0,1.0,,,0.0,success,generated,seraedit_rule_v1,local_rule,1,0,zh,76.97920000009617,1,1.0,1.0,1,0,a7f0229859612f6f6a86568829a45fab8c3a12625cc83475efa4e8424f394582,1,557fa1283fd236cc1f32309cc7a78ca9ca42a8355bdd65a307242a8581d88244,1,76.97920000009617,0.0,experiments/runtime_acceptance_core_bilingual_r3_v4_20260826/raw_outputs/compound_004__zh__r3.json,0,0,0,0,0,3,local_first,compound_004:zh:r3,0,,409c500360a596662c17f3a2c22a01904eea9b6bb9cf72fd22030f5bdb47a5c0,compound_004,1,1,0
conflicting_or_unsupported,1,interactive_runtime_acceptance,,1.0,1,1,1,1.0,,,0.0,refuse,refused,seraedit_rule_v1,local_rule,0,0,en,0.48460000016348204,,1.0,1.0,0,0,74234e98afe7498fb5daf1f36ac2d78acc339464f950703b8c019892f982b90b,0,refused,0,0.48460000016348204,0.0,experiments/runtime_acceptance_core_bilingual_r3_v4_20260826/raw_outputs/conflict_008__en__r1.json,1,0,0,0,0,1,local_first,conflict_008:en:r1,0,,d07935fefb9eb378b16d51bcd1510040077a17127c632f31657c65ebe9093765,conflict_008,1,0,0
conflicting_or_unsupported,1,interactive_runtime_acceptance,,1.0,1,1,1,1.0,,,0.0,refuse,refused,seraedit_rule_v1,local_rule,0,0,en,0.6415999996534083,,1.0,1.0,0,0,74234e98afe7498fb5daf1f36ac2d78acc339464f950703b8c019892f982b90b,0,refused,0,0.6415999996534083,0.0,experiments/runtime_acceptance_core_bilingual_r3_v4_20260826/raw_outputs/conflict_008__en__r2.json,1,0,0,0,0,2,local_first,conflict_008:en:r2,0,,d07935fefb9eb378b16d51bcd1510040077a17127c632f31657c65ebe9093765,conflict_008,1,0,0
conflicting_or_unsupported,1,interactive_runtime_acceptance,,1.0,1,1,1,1.0,,,0.0,refuse,refused,seraedit_rule_v1,local_rule,0,0,en,0.40219999937107787,,1.0,1.0,0,0,74234e98afe7498fb5daf1f36ac2d78acc339464f950703b8c019892f982b90b,0,refused,0,0.40219999937107787,0.0,experiments/runtime_acceptance_core_bilingual_r3_v4_20260826/raw_outputs/conflict_008__en__r3.json,1,0,0,0,0,3,local_first,conflict_008:en:r3,0,,d07935fefb9eb378b16d51bcd1510040077a17127c632f31657c65ebe9093765,conflict_008,1,0,0
conflicting_or_unsupported,1,interactive_runtime_acceptance,,1.0,1,1,1,1.0,,,0.0,refuse,refused,seraedit_rule_v1,local_rule,0,0,zh,0.44320000051811803,,1.0,1.0,0,0,74234e98afe7498fb5daf1f36ac2d78acc339464f950703b8c019892f982b90b,0,refused,0,0.44320000051811803,0.0,experiments/runtime_acceptance_core_bilingual_r3_v4_20260826/raw_outputs/conflict_008__zh__r1.json,1,0,0,0,0,1,local_first,conflict_008:zh:r1,0,,d07935fefb9eb378b16d51bcd1510040077a17127c632f31657c65ebe9093765,conflict_008,1,0,0
conflicting_or_unsupported,1,interactive_runtime_acceptance,,1.0,1,1,1,1.0,,,0.0,refuse,refused,seraedit_rule_v1,local_rule,0,0,zh,0.6538999996337225,,1.0,1.0,0,0,74234e98afe7498fb5daf1f36ac2d78acc339464f950703b8c019892f982b90b,0,refused,0,0.6538999996337225,0.0,experiments/runtime_acceptance_core_bilingual_r3_v4_20260826/raw_outputs/conflict_008__zh__r2.json,1,0,0,0,0,2,local_first,conflict_008:zh:r2,0,,d07935fefb9eb378b16d51bcd1510040077a17127c632f31657c65ebe9093765,conflict_008,1,0,0
conflicting_or_unsupported,1,interactive_runtime_acceptance,,1.0,1,1,1,1.0,,,0.0,refuse,refused,seraedit_rule_v1,local_rule,0,0,zh,0.4392000000734697,,1.0,1.0,0,0,74234e98afe7498fb5daf1f36ac2d78acc339464f950703b8c019892f982b90b,0,refused,0,0.4392000000734697,0.0,experiments/runtime_acceptance_core_bilingual_r3_v4_20260826/raw_outputs/conflict_008__zh__r3.json,1,0,0,0,0,3,local_first,conflict_008:zh:r3,0,,d07935fefb9eb378b16d51bcd1510040077a17127c632f31657c65ebe9093765,conflict_008,1,0,0
pitch_transposition,1,interactive_runtime_acceptance,,1.0,2,2,0,0.8571428571428571,,,0.0,success,generated,seraedit_rule_v1,local_rule,1,0,en,71.111799999926,1,1.0,0.8571428571428571,1,0,5bdfba7c74edfbc9a428211e2ff3ee4dfa36437e819162dd113b6aae59a15168,1,cafb5ce9037dad33cd97f83ed6c03897c579bdd78d791c7f52a4555c7069d10c,1,71.111799999926,0.0,experiments/runtime_acceptance_core_bilingual_r3_v4_20260826/raw_outputs/pitch_010__en__r1.json,0,0,0,0,0,1,local_first,pitch_010:en:r1,0,,68287e47ef6b3a4a5a87da9b9e6598cd02ad4a8455f6006321ae80ad8cf851e8,pitch_010,1,1,0
pitch_transposition,1,interactive_runtime_acceptance,,1.0,2,2,0,0.8571428571428571,,,0.0,success,generated,seraedit_rule_v1,local_rule,1,0,en,75.38889999977982,1,1.0,0.8571428571428571,1,0,5bdfba7c74edfbc9a428211e2ff3ee4dfa36437e819162dd113b6aae59a15168,1,cafb5ce9037dad33cd97f83ed6c03897c579bdd78d791c7f52a4555c7069d10c,1,75.38889999977982,0.0,experiments/runtime_acceptance_core_bilingual_r3_v4_20260826/raw_outputs/pitch_010__en__r2.json,0,0,0,0,0,2,local_first,pitch_010:en:r2,0,,68287e47ef6b3a4a5a87da9b9e6598cd02ad4a8455f6006321ae80ad8cf851e8,pitch_010,1,1,0
pitch_transposition,1,interactive_runtime_acceptance,,1.0,2,2,0,0.8571428571428571,,,0.0,success,generated,seraedit_rule_v1,local_rule,1,0,en,71.37950000014825,1,1.0,0.8571428571428571,1,0,5bdfba7c74edfbc9a428211e2ff3ee4dfa36437e819162dd113b6aae59a15168,1,cafb5ce9037dad33cd97f83ed6c03897c579bdd78d791c7f52a4555c7069d10c,1,71.37950000014825,0.0,experiments/runtime_acceptance_core_bilingual_r3_v4_20260826/raw_outputs/pitch_010__en__r3.json,0,0,0,0,0,3,local_first,pitch_010:en:r3,0,,68287e47ef6b3a4a5a87da9b9e6598cd02ad4a8455f6006321ae80ad8cf851e8,pitch_010,1,1,0
pitch_transposition,1,interactive_runtime_acceptance,,1.0,2,2,0,0.8571428571428571,,,0.0,success,generated,seraedit_rule_v1,local_rule,1,0,zh,76.19530000010855,1,1.0,0.8571428571428571,1,0,8a4793d989490fd37522881412b634305ff00b4ccd6c290a153f51db429f4068,1,cafb5ce9037dad33cd97f83ed6c03897c579bdd78d791c7f52a4555c7069d10c,1,76.19530000010855,0.0,experiments/runtime_acceptance_core_bilingual_r3_v4_20260826/raw_outputs/pitch_010__zh__r1.json,0,0,0,0,0,1,local_first,pitch_010:zh:r1,0,,68287e47ef6b3a4a5a87da9b9e6598cd02ad4a8455f6006321ae80ad8cf851e8,pitch_010,1,1,0
pitch_transposition,1,interactive_runtime_acceptance,,1.0,2,2,0,0.8571428571428571,,,0.0,success,generated,seraedit_rule_v1,local_rule,1,0,zh,91.90880000005563,1,1.0,0.8571428571428571,1,0,8a4793d989490fd37522881412b634305ff00b4ccd6c290a153f51db429f4068,1,cafb5ce9037dad33cd97f83ed6c03897c579bdd78d791c7f52a4555c7069d10c,1,91.90880000005563,0.0,experiments/runtime_acceptance_core_bilingual_r3_v4_20260826/raw_outputs/pitch_010__zh__r2.json,0,0,0,0,0,2,local_first,pitch_010:zh:r2,0,,68287e47ef6b3a4a5a87da9b9e6598cd02ad4a8455f6006321ae80ad8cf851e8,pitch_010,1,1,0
pitch_transposition,1,interactive_runtime_acceptance,,1.0,2,2,0,0.8571428571428571,,,0.0,success,generated,seraedit_rule_v1,local_rule,1,0,zh,77.59859999987384,1,1.0,0.8571428571428571,1,0,8a4793d989490fd37522881412b634305ff00b4ccd6c290a153f51db429f4068,1,cafb5ce9037dad33cd97f83ed6c03897c579bdd78d791c7f52a4555c7069d10c,1,77.59859999987384,0.0,experiments/runtime_acceptance_core_bilingual_r3_v4_20260826/raw_outputs/pitch_010__zh__r3.json,0,0,0,0,0,3,local_first,pitch_010:zh:r3,0,,68287e47ef6b3a4a5a87da9b9e6598cd02ad4a8455f6006321ae80ad8cf851e8,pitch_010,1,1,0
rhythm_duration,1,interactive_runtime_acceptance,,1.0,2,2,0,1.0,,,0.0,success,generated,seraedit_rule_v1,local_rule,1,0,en,83.75119999982417,1,1.0,1.0,1,0,3e2123ddcb90f9d6a6e01aa7580f2973dd45e5bdb3ff822992b17c2f2561fc38,1,28673bb44535c33d5e008b3dfd78124bbbd91fc7291c1b996b397db452822cae,1,83.75119999982417,0.0,experiments/runtime_acceptance_core_bilingual_r3_v4_20260826/raw_outputs/rhythm_010__en__r1.json,0,0,0,0,0,1,local_first,rhythm_010:en:r1,0,,fe45880d3b017fae02f2f155c141e5bd858ccd7427bb8c24a5edcc9d86d7b55d,rhythm_010,1,1,0
rhythm_duration,1,interactive_runtime_acceptance,,1.0,2,2,0,1.0,,,0.0,success,generated,seraedit_rule_v1,local_rule,1,0,en,75.07350000014412,1,1.0,1.0,1,0,3e2123ddcb90f9d6a6e01aa7580f2973dd45e5bdb3ff822992b17c2f2561fc38,1,28673bb44535c33d5e008b3dfd78124bbbd91fc7291c1b996b397db452822cae,1,75.07350000014412,0.0,experiments/runtime_acceptance_core_bilingual_r3_v4_20260826/raw_outputs/rhythm_010__en__r2.json,0,0,0,0,0,2,local_first,rhythm_010:en:r2,0,,fe45880d3b017fae02f2f155c141e5bd858ccd7427bb8c24a5edcc9d86d7b55d,rhythm_010,1,1,0
rhythm_duration,1,interactive_runtime_acceptance,,1.0,2,2,0,1.0,,,0.0,success,generated,seraedit_rule_v1,local_rule,1,0,en,92.15870000025461,1,1.0,1.0,1,0,3e2123ddcb90f9d6a6e01aa7580f2973dd45e5bdb3ff822992b17c2f2561fc38,1,28673bb44535c33d5e008b3dfd78124bbbd91fc7291c1b996b397db452822cae,1,92.15870000025461,0.0,experiments/runtime_acceptance_core_bilingual_r3_v4_20260826/raw_outputs/rhythm_010__en__r3.json,0,0,0,0,0,3,local_first,rhythm_010:en:r3,0,,fe45880d3b017fae02f2f155c141e5bd858ccd7427bb8c24a5edcc9d86d7b55d,rhythm_010,1,1,0
rhythm_duration,1,interactive_runtime_acceptance,,1.0,2,2,0,1.0,,,0.0,success,generated,seraedit_rule_v1,local_rule,1,0,zh,78.43730000058713,1,1.0,1.0,1,0,9b555d15f5fa7f59ea82edd420c33a98ee8a481f159de8adfc749adae34c3da2,1,28673bb44535c33d5e008b3dfd78124bbbd91fc7291c1b996b397db452822cae,1,78.43730000058713,0.0,experiments/runtime_acceptance_core_bilingual_r3_v4_20260826/raw_outputs/rhythm_010__zh__r1.json,0,0,0,0,0,1,local_first,rhythm_010:zh:r1,0,,fe45880d3b017fae02f2f155c141e5bd858ccd7427bb8c24a5edcc9d86d7b55d,rhythm_010,1,1,0
rhythm_duration,1,interactive_runtime_acceptance,,1.0,2,2,0,1.0,,,0.0,success,generated,seraedit_rule_v1,local_rule,1,0,zh,75.3538999997545,1,1.0,1.0,1,0,9b555d15f5fa7f59ea82edd420c33a98ee8a481f159de8adfc749adae34c3da2,1,28673bb44535c33d5e008b3dfd78124bbbd91fc7291c1b996b397db452822cae,1,75.3538999997545,0.0,experiments/runtime_acceptance_core_bilingual_r3_v4_20260826/raw_outputs/rhythm_010__zh__r2.json,0,0,0,0,0,2,local_first,rhythm_010:zh:r2,0,,fe45880d3b017fae02f2f155c141e5bd858ccd7427bb8c24a5edcc9d86d7b55d,rhythm_010,1,1,0
rhythm_duration,1,interactive_runtime_acceptance,,1.0,2,2,0,1.0,,,0.0,success,generated,seraedit_rule_v1,local_rule,1,0,zh,74.92050000018935,1,1.0,1.0,1,0,9b555d15f5fa7f59ea82edd420c33a98ee8a481f159de8adfc749adae34c3da2,1,28673bb44535c33d5e008b3dfd78124bbbd91fc7291c1b996b397db452822cae,1,74.92050000018935,0.0,experiments/runtime_acceptance_core_bilingual_r3_v4_20260826/raw_outputs/rhythm_010__zh__r3.json,0,0,0,0,0,3,local_first,rhythm_010:zh:r3,0,,fe45880d3b017fae02f2f155c141e5bd858ccd7427bb8c24a5edcc9d86d7b55d,rhythm_010,1,1,0
key_harmony,1,interactive_runtime_acceptance,,1.0,2,2,0,1.0,,,0.0,success,generated,seraedit_rule_v1,local_rule,1,0,en,51.825499999722524,1,1.0,1.0,1,0,ec28e52c596856359840c48d5cffc26fcdc4e7420d8747e5da7f5ba5598893c0,1,dc7a07372eebe8927dee8805327194a933ea4b10aac58799ae3bdd7391c456ce,1,51.825499999722524,0.0,experiments/runtime_acceptance_core_bilingual_r3_v4_20260826/raw_outputs/key_010__en__r1.json,0,0,0,0,0,1,local_first,key_010:en:r1,0,,c84b9fb046ec10cf76e0c677aaf0052ac4cb1ac7f3418684c3e9f4689a9fd79c,key_010,1,1,0
key_harmony,1,interactive_runtime_acceptance,,1.0,2,2,0,1.0,,,0.0,success,generated,seraedit_rule_v1,local_rule,1,0,en,67.670100000214,1,1.0,1.0,1,0,ec28e52c596856359840c48d5cffc26fcdc4e7420d8747e5da7f5ba5598893c0,1,dc7a07372eebe8927dee8805327194a933ea4b10aac58799ae3bdd7391c456ce,1,67.670100000214,0.0,experiments/runtime_acceptance_core_bilingual_r3_v4_20260826/raw_outputs/key_010__en__r2.json,0,0,0,0,0,2,local_first,key_010:en:r2,0,,c84b9fb046ec10cf76e0c677aaf0052ac4cb1ac7f3418684c3e9f4689a9fd79c,key_010,1,1,0
key_harmony,1,interactive_runtime_acceptance,,1.0,2,2,0,1.0,,,0.0,success,generated,seraedit_rule_v1,local_rule,1,0,en,51.50450000019191,1,1.0,1.0,1,0,ec28e52c596856359840c48d5cffc26fcdc4e7420d8747e5da7f5ba5598893c0,1,dc7a07372eebe8927dee8805327194a933ea4b10aac58799ae3bdd7391c456ce,1,51.50450000019191,0.0,experiments/runtime_acceptance_core_bilingual_r3_v4_20260826/raw_outputs/key_010__en__r3.json,0,0,0,0,0,3,local_first,key_010:en:r3,0,,c84b9fb046ec10cf76e0c677aaf0052ac4cb1ac7f3418684c3e9f4689a9fd79c,key_010,1,1,0
key_harmony,1,interactive_runtime_acceptance,,1.0,2,2,0,1.0,,,0.0,success,generated,seraedit_rule_v1,local_rule,1,0,zh,49.973299999692244,1,1.0,1.0,1,0,8157afd756850593ac23e80402608ac34248b8e6fdfe4cb6e1787ceb72bb243d,1,dc7a07372eebe8927dee8805327194a933ea4b10aac58799ae3bdd7391c456ce,1,49.973299999692244,0.0,experiments/runtime_acceptance_core_bilingual_r3_v4_20260826/raw_outputs/key_010__zh__r1.json,0,0,0,0,0,1,local_first,key_010:zh:r1,0,,c84b9fb046ec10cf76e0c677aaf0052ac4cb1ac7f3418684c3e9f4689a9fd79c,key_010,1,1,0
key_harmony,1,interactive_runtime_acceptance,,1.0,2,2,0,1.0,,,0.0,success,generated,seraedit_rule_v1,local_rule,1,0,zh,48.776399999951536,1,1.0,1.0,1,0,8157afd756850593ac23e80402608ac34248b8e6fdfe4cb6e1787ceb72bb243d,1,dc7a07372eebe8927dee8805327194a933ea4b10aac58799ae3bdd7391c456ce,1,48.776399999951536,0.0,experiments/runtime_acceptance_core_bilingual_r3_v4_20260826/raw_outputs/key_010__zh__r2.json,0,0,0,0,0,2,local_first,key_010:zh:r2,0,,c84b9fb046ec10cf76e0c677aaf0052ac4cb1ac7f3418684c3e9f4689a9fd79c,key_010,1,1,0
key_harmony,1,interactive_runtime_acceptance,,1.0,2,2,0,1.0,,,0.0,success,generated,seraedit_rule_v1,local_rule,1,0,zh,49.76200000055542,1,1.0,1.0,1,0,8157afd756850593ac23e80402608ac34248b8e6fdfe4cb6e1787ceb72bb243d,1,dc7a07372eebe8927dee8805327194a933ea4b10aac58799ae3bdd7391c456ce,1,49.76200000055542,0.0,experiments/runtime_acceptance_core_bilingual_r3_v4_20260826/raw_outputs/key_010__zh__r3.json,0,0,0,0,0,3,local_first,key_010:zh:r3,0,,c84b9fb046ec10cf76e0c677aaf0052ac4cb1ac7f3418684c3e9f4689a9fd79c,key_010,1,1,0
voice_texture,1,interactive_runtime_acceptance,,1.0,6,6,0,1.0,,,0.0,success,generated,seraedit_rule_v1,local_rule,1,0,en,50.49270000017714,1,1.0,1.0,1,0,4814d843861a479d28a48201a8f9b308128540e18670b2f27f6729a9dc71619a,1,591ce047f7e2bd4062c1da6e2590c8d520b01fae41fbf091c6c003ff18630faf,1,50.49270000017714,0.0,experiments/runtime_acceptance_core_bilingual_r3_v4_20260826/raw_outputs/voice_007__en__r1.json,0,0,0,0,0,1,local_first,voice_007:en:r1,0,,c128d905e98089b774c8f76da470c9dc68629fc1cc47ff6a2e661287be493e9c,voice_007,1,1,0
voice_texture,1,interactive_runtime_acceptance,,1.0,6,6,0,1.0,,,0.0,success,generated,seraedit_rule_v1,local_rule,1,0,en,51.81579999953101,1,1.0,1.0,1,0,4814d843861a479d28a48201a8f9b308128540e18670b2f27f6729a9dc71619a,1,591ce047f7e2bd4062c1da6e2590c8d520b01fae41fbf091c6c003ff18630faf,1,51.81579999953101,0.0,experiments/runtime_acceptance_core_bilingual_r3_v4_20260826/raw_outputs/voice_007__en__r2.json,0,0,0,0,0,2,local_first,voice_007:en:r2,0,,c128d905e98089b774c8f76da470c9dc68629fc1cc47ff6a2e661287be493e9c,voice_007,1,1,0
voice_texture,1,interactive_runtime_acceptance,,1.0,6,6,0,1.0,,,0.0,success,generated,seraedit_rule_v1,local_rule,1,0,en,51.824300000589574,1,1.0,1.0,1,0,4814d843861a479d28a48201a8f9b308128540e18670b2f27f6729a9dc71619a,1,591ce047f7e2bd4062c1da6e2590c8d520b01fae41fbf091c6c003ff18630faf,1,51.824300000589574,0.0,experiments/runtime_acceptance_core_bilingual_r3_v4_20260826/raw_outputs/voice_007__en__r3.json,0,0,0,0,0,3,local_first,voice_007:en:r3,0,,c128d905e98089b774c8f76da470c9dc68629fc1cc47ff6a2e661287be493e9c,voice_007,1,1,0
voice_texture,1,interactive_runtime_acceptance,,1.0,6,6,0,1.0,,,0.0,success,generated,seraedit_rule_v1,local_rule,1,0,zh,51.00399999992078,1,1.0,1.0,1,0,e9f0a549974987f2e59fdfe06cb063120a5db7a465ea1961a76a23b3809ad012,1,591ce047f7e2bd4062c1da6e2590c8d520b01fae41fbf091c6c003ff18630faf,1,51.00399999992078,0.0,experiments/runtime_acceptance_core_bilingual_r3_v4_20260826/raw_outputs/voice_007__zh__r1.json,0,0,0,0,0,1,local_first,voice_007:zh:r1,0,,c128d905e98089b774c8f76da470c9dc68629fc1cc47ff6a2e661287be493e9c,voice_007,1,1,0
voice_texture,1,interactive_runtime_acceptance,,1.0,6,6,0,1.0,,,0.0,success,generated,seraedit_rule_v1,local_rule,1,0,zh,50.3590999996959,1,1.0,1.0,1,0,e9f0a549974987f2e59fdfe06cb063120a5db7a465ea1961a76a23b3809ad012,1,591ce047f7e2bd4062c1da6e2590c8d520b01fae41fbf091c6c003ff18630faf,1,50.3590999996959,0.0,experiments/runtime_acceptance_core_bilingual_r3_v4_20260826/raw_outputs/voice_007__zh__r2.json,0,0,0,0,0,2,local_first,voice_007:zh:r2,0,,c128d905e98089b774c8f76da470c9dc68629fc1cc47ff6a2e661287be493e9c,voice_007,1,1,0
voice_texture,1,interactive_runtime_acceptance,,1.0,6,6,0,1.0,,,0.0,success,generated,seraedit_rule_v1,local_rule,1,0,zh,49.98299999988376,1,1.0,1.0,1,0,e9f0a549974987f2e59fdfe06cb063120a5db7a465ea1961a76a23b3809ad012,1,591ce047f7e2bd4062c1da6e2590c8d520b01fae41fbf091c6c003ff18630faf,1,49.98299999988376,0.0,experiments/runtime_acceptance_core_bilingual_r3_v4_20260826/raw_outputs/voice_007__zh__r3.json,0,0,0,0,0,3,local_first,voice_007:zh:r3,0,,c128d905e98089b774c8f76da470c9dc68629fc1cc47ff6a2e661287be493e9c,voice_007,1,1,0
dynamics_articulation,1,interactive_runtime_acceptance,,1.0,3,3,0,1.0,,,0.0,success,generated,seraedit_rule_v1,local_rule,1,0,en,47.166899999865564,1,1.0,1.0,1,0,617506c4a583737c4b17b7f3ea7dffd3ce070bfa72614d73f9bbb21ef5a23cfe,1,778e5fffe3351eab114abcc78ea460c8c4f67eda181133a9fe80256b06cfcdd5,1,47.166899999865564,0.0,experiments/runtime_acceptance_core_bilingual_r3_v4_20260826/raw_outputs/dynamics_009__en__r1.json,0,0,0,0,0,1,local_first,dynamics_009:en:r1,0,,743ee44305f8d8964b56c1d4506bbe9b78aaa71aeac26be5866f9149e176d93f,dynamics_009,1,1,0
dynamics_articulation,1,interactive_runtime_acceptance,,1.0,3,3,0,1.0,,,0.0,success,generated,seraedit_rule_v1,local_rule,1,0,en,47.10400000021764,1,1.0,1.0,1,0,617506c4a583737c4b17b7f3ea7dffd3ce070bfa72614d73f9bbb21ef5a23cfe,1,778e5fffe3351eab114abcc78ea460c8c4f67eda181133a9fe80256b06cfcdd5,1,47.10400000021764,0.0,experiments/runtime_acceptance_core_bilingual_r3_v4_20260826/raw_outputs/dynamics_009__en__r2.json,0,0,0,0,0,2,local_first,dynamics_009:en:r2,0,,743ee44305f8d8964b56c1d4506bbe9b78aaa71aeac26be5866f9149e176d93f,dynamics_009,1,1,0
dynamics_articulation,1,interactive_runtime_acceptance,,1.0,3,3,0,1.0,,,0.0,success,generated,seraedit_rule_v1,local_rule,1,0,en,47.42129999976896,1,1.0,1.0,1,0,617506c4a583737c4b17b7f3ea7dffd3ce070bfa72614d73f9bbb21ef5a23cfe,1,778e5fffe3351eab114abcc78ea460c8c4f67eda181133a9fe80256b06cfcdd5,1,47.42129999976896,0.0,experiments/runtime_acceptance_core_bilingual_r3_v4_20260826/raw_outputs/dynamics_009__en__r3.json,0,0,0,0,0,3,local_first,dynamics_009:en:r3,0,,743ee44305f8d8964b56c1d4506bbe9b78aaa71aeac26be5866f9149e176d93f,dynamics_009,1,1,0
dynamics_articulation,1,interactive_runtime_acceptance,,1.0,3,3,0,1.0,,,0.0,success,generated,seraedit_rule_v1,local_rule,1,0,zh,48.31540000031964,1,1.0,1.0,1,0,fabb760daea75156778269d77f7b8891ba73d594c94491fe6c5091172c9f0d56,1,778e5fffe3351eab114abcc78ea460c8c4f67eda181133a9fe80256b06cfcdd5,1,48.31540000031964,0.0,experiments/runtime_acceptance_core_bilingual_r3_v4_20260826/raw_outputs/dynamics_009__zh__r1.json,0,0,0,0,0,1,local_first,dynamics_009:zh:r1,0,,743ee44305f8d8964b56c1d4506bbe9b78aaa71aeac26be5866f9149e176d93f,dynamics_009,1,1,0
dynamics_articulation,1,interactive_runtime_acceptance,,1.0,3,3,0,1.0,,,0.0,success,generated,seraedit_rule_v1,local_rule,1,0,zh,50.15170000024227,1,1.0,1.0,1,0,fabb760daea75156778269d77f7b8891ba73d594c94491fe6c5091172c9f0d56,1,778e5fffe3351eab114abcc78ea460c8c4f67eda181133a9fe80256b06cfcdd5,1,50.15170000024227,0.0,experiments/runtime_acceptance_core_bilingual_r3_v4_20260826/raw_outputs/dynamics_009__zh__r2.json,0,0,0,0,0,2,local_first,dynamics_009:zh:r2,0,,743ee44305f8d8964b56c1d4506bbe9b78aaa71aeac26be5866f9149e176d93f,dynamics_009,1,1,0
dynamics_articulation,1,interactive_runtime_acceptance,,1.0,3,3,0,1.0,,,0.0,success,generated,seraedit_rule_v1,local_rule,1,0,zh,49.10900000049878,1,1.0,1.0,1,0,fabb760daea75156778269d77f7b8891ba73d594c94491fe6c5091172c9f0d56,1,778e5fffe3351eab114abcc78ea460c8c4f67eda181133a9fe80256b06cfcdd5,1,49.10900000049878,0.0,experiments/runtime_acceptance_core_bilingual_r3_v4_20260826/raw_outputs/dynamics_009__zh__r3.json,0,0,0,0,0,3,local_first,dynamics_009:zh:r3,0,,743ee44305f8d8964b56c1d4506bbe9b78aaa71aeac26be5866f9149e176d93f,dynamics_009,1,1,0
insertion_deletion,1,interactive_runtime_acceptance,,1.0,2,2,0,1.0,,,0.0,success,generated,seraedit_rule_v1,local_rule,1,0,en,51.101699999890116,1,1.0,1.0,1,0,793392a8335fe96cc96a25a16ac59e864ed300e02f7dc1ec945ca3e62b287c31,1,e4293b6dedbcba1302e516cfe073cba72e086bce86a86445d3b7521f81f92a66,1,51.101699999890116,0.0,experiments/runtime_acceptance_core_bilingual_r3_v4_20260826/raw_outputs/insertion_009__en__r1.json,0,0,0,0,0,1,local_first,insertion_009:en:r1,0,,9a5c3b85dbd632c0d04178e53392b83ee2524c4a993d0470ff2e43dc24983ef2,insertion_009,1,1,0
insertion_deletion,1,interactive_runtime_acceptance,,1.0,2,2,0,1.0,,,0.0,success,generated,seraedit_rule_v1,local_rule,1,0,en,50.907299999380484,1,1.0,1.0,1,0,793392a8335fe96cc96a25a16ac59e864ed300e02f7dc1ec945ca3e62b287c31,1,e4293b6dedbcba1302e516cfe073cba72e086bce86a86445d3b7521f81f92a66,1,50.907299999380484,0.0,experiments/runtime_acceptance_core_bilingual_r3_v4_20260826/raw_outputs/insertion_009__en__r2.json,0,0,0,0,0,2,local_first,insertion_009:en:r2,0,,9a5c3b85dbd632c0d04178e53392b83ee2524c4a993d0470ff2e43dc24983ef2,insertion_009,1,1,0
insertion_deletion,1,interactive_runtime_acceptance,,1.0,2,2,0,1.0,,,0.0,success,generated,seraedit_rule_v1,local_rule,1,0,en,50.618799999938346,1,1.0,1.0,1,0,793392a8335fe96cc96a25a16ac59e864ed300e02f7dc1ec945ca3e62b287c31,1,e4293b6dedbcba1302e516cfe073cba72e086bce86a86445d3b7521f81f92a66,1,50.618799999938346,0.0,experiments/runtime_acceptance_core_bilingual_r3_v4_20260826/raw_outputs/insertion_009__en__r3.json,0,0,0,0,0,3,local_first,insertion_009:en:r3,0,,9a5c3b85dbd632c0d04178e53392b83ee2524c4a993d0470ff2e43dc24983ef2,insertion_009,1,1,0
insertion_deletion,1,interactive_runtime_acceptance,,1.0,2,2,0,1.0,,,0.0,success,generated,seraedit_rule_v1,local_rule,1,0,zh,53.62020000029588,1,1.0,1.0,1,0,85fd9976a0d103437672f8c6c2e1466895c84f8e701a161b83d03a34a94bd674,1,e4293b6dedbcba1302e516cfe073cba72e086bce86a86445d3b7521f81f92a66,1,53.62020000029588,0.0,experiments/runtime_acceptance_core_bilingual_r3_v4_20260826/raw_outputs/insertion_009__zh__r1.json,0,0,0,0,0,1,local_first,insertion_009:zh:r1,0,,9a5c3b85dbd632c0d04178e53392b83ee2524c4a993d0470ff2e43dc24983ef2,insertion_009,1,1,0
insertion_deletion,1,interactive_runtime_acceptance,,1.0,2,2,0,1.0,,,0.0,success,generated,seraedit_rule_v1,local_rule,1,0,zh,49.32699999972101,1,1.0,1.0,1,0,85fd9976a0d103437672f8c6c2e1466895c84f8e701a161b83d03a34a94bd674,1,e4293b6dedbcba1302e516cfe073cba72e086bce86a86445d3b7521f81f92a66,1,49.32699999972101,0.0,experiments/runtime_acceptance_core_bilingual_r3_v4_20260826/raw_outputs/insertion_009__zh__r2.json,0,0,0,0,0,2,local_first,insertion_009:zh:r2,0,,9a5c3b85dbd632c0d04178e53392b83ee2524c4a993d0470ff2e43dc24983ef2,insertion_009,1,1,0
insertion_deletion,1,interactive_runtime_acceptance,,1.0,2,2,0,1.0,,,0.0,success,generated,seraedit_rule_v1,local_rule,1,0,zh,52.31469999944238,1,1.0,1.0,1,0,85fd9976a0d103437672f8c6c2e1466895c84f8e701a161b83d03a34a94bd674,1,e4293b6dedbcba1302e516cfe073cba72e086bce86a86445d3b7521f81f92a66,1,52.31469999944238,0.0,experiments/runtime_acceptance_core_bilingual_r3_v4_20260826/raw_outputs/insertion_009__zh__r3.json,0,0,0,0,0,3,local_first,insertion_009:zh:r3,0,,9a5c3b85dbd632c0d04178e53392b83ee2524c4a993d0470ff2e43dc24983ef2,insertion_009,1,1,0
ties_slurs_ornaments,1,interactive_runtime_acceptance,,1.0,4,4,0,1.0,,,0.0,success,generated,seraedit_rule_v1,local_rule,1,0,en,52.2953999998208,1,1.0,1.0,1,0,4031538db3fc1db5c907cc42c562b45e24e322982cf9ba7a5b8e96bbaf3ecbf4,1,df0ecbdfebd482c952316ca9fbe36e27ae0f023fee137b6f50a7650130adfca1,1,52.2953999998208,0.0,experiments/runtime_acceptance_core_bilingual_r3_v4_20260826/raw_outputs/ties_006__en__r1.json,0,0,0,0,0,1,local_first,ties_006:en:r1,0,,9f75a5efdc4aa518b272e23c0b04e806b4a4ff69b0de498662ef85e578b2c1b1,ties_006,1,1,0
ties_slurs_ornaments,1,interactive_runtime_acceptance,,1.0,4,4,0,1.0,,,0.0,success,generated,seraedit_rule_v1,local_rule,1,0,en,51.20039999928849,1,1.0,1.0,1,0,4031538db3fc1db5c907cc42c562b45e24e322982cf9ba7a5b8e96bbaf3ecbf4,1,df0ecbdfebd482c952316ca9fbe36e27ae0f023fee137b6f50a7650130adfca1,1,51.20039999928849,0.0,experiments/runtime_acceptance_core_bilingual_r3_v4_20260826/raw_outputs/ties_006__en__r2.json,0,0,0,0,0,2,local_first,ties_006:en:r2,0,,9f75a5efdc4aa518b272e23c0b04e806b4a4ff69b0de498662ef85e578b2c1b1,ties_006,1,1,0
ties_slurs_ornaments,1,interactive_runtime_acceptance,,1.0,4,4,0,1.0,,,0.0,success,generated,seraedit_rule_v1,local_rule,1,0,en,54.09010000039416,1,1.0,1.0,1,0,4031538db3fc1db5c907cc42c562b45e24e322982cf9ba7a5b8e96bbaf3ecbf4,1,df0ecbdfebd482c952316ca9fbe36e27ae0f023fee137b6f50a7650130adfca1,1,54.09010000039416,0.0,experiments/runtime_acceptance_core_bilingual_r3_v4_20260826/raw_outputs/ties_006__en__r3.json,0,0,0,0,0,3,local_first,ties_006:en:r3,0,,9f75a5efdc4aa518b272e23c0b04e806b4a4ff69b0de498662ef85e578b2c1b1,ties_006,1,1,0
ties_slurs_ornaments,1,interactive_runtime_acceptance,,1.0,4,4,0,1.0,,,0.0,success,generated,seraedit_rule_v1,local_rule,1,0,zh,63.15270000050077,1,1.0,1.0,1,0,bf488d67b249df9070a7de9f036bb4df2a33711bd9f3985823256bd1557202b8,1,df0ecbdfebd482c952316ca9fbe36e27ae0f023fee137b6f50a7650130adfca1,1,63.15270000050077,0.0,experiments/runtime_acceptance_core_bilingual_r3_v4_20260826/raw_outputs/ties_006__zh__r1.json,0,0,0,0,0,1,local_first,ties_006:zh:r1,0,,9f75a5efdc4aa518b272e23c0b04e806b4a4ff69b0de498662ef85e578b2c1b1,ties_006,1,1,0
ties_slurs_ornaments,1,interactive_runtime_acceptance,,1.0,4,4,0,1.0,,,0.0,success,generated,seraedit_rule_v1,local_rule,1,0,zh,83.29049999974814,1,1.0,1.0,1,0,bf488d67b249df9070a7de9f036bb4df2a33711bd9f3985823256bd1557202b8,1,df0ecbdfebd482c952316ca9fbe36e27ae0f023fee137b6f50a7650130adfca1,1,83.29049999974814,0.0,experiments/runtime_acceptance_core_bilingual_r3_v4_20260826/raw_outputs/ties_006__zh__r2.json,0,0,0,0,0,2,local_first,ties_006:zh:r2,0,,9f75a5efdc4aa518b272e23c0b04e806b4a4ff69b0de498662ef85e578b2c1b1,ties_006,1,1,0
ties_slurs_ornaments,1,interactive_runtime_acceptance,,1.0,4,4,0,1.0,,,0.0,success,generated,seraedit_rule_v1,local_rule,1,0,zh,71.84200000028795,1,1.0,1.0,1,0,bf488d67b249df9070a7de9f036bb4df2a33711bd9f3985823256bd1557202b8,1,df0ecbdfebd482c952316ca9fbe36e27ae0f023fee137b6f50a7650130adfca1,1,71.84200000028795,0.0,experiments/runtime_acceptance_core_bilingual_r3_v4_20260826/raw_outputs/ties_006__zh__r3.json,0,0,0,0,0,3,local_first,ties_006:zh:r3,0,,9f75a5efdc4aa518b272e23c0b04e806b4a4ff69b0de498662ef85e578b2c1b1,ties_006,1,1,0
meter_measure_structure,1,interactive_runtime_acceptance,,1.0,3,3,0,1.0,,,0.0,success,generated,seraedit_rule_v1,local_rule,1,0,en,57.063299999754236,1,1.0,1.0,1,0,9906afcf81b5edd3d8b7cf778b0354a5fe5d9df80048a251f51464110a4525de,1,0af281478217f308d45599704352af3c6c865c9c6dbc882861f186d724f2d359,1,57.063299999754236,0.0,experiments/runtime_acceptance_core_bilingual_r3_v4_20260826/raw_outputs/meter_005__en__r1.json,0,0,0,0,0,1,local_first,meter_005:en:r1,0,,4f1cf097d48cb3860058b259bced4d935ebe12b1e9d34dd7b53cd1e6bdfd2f7b,meter_005,1,1,0
meter_measure_structure,1,interactive_runtime_acceptance,,1.0,3,3,0,1.0,,,0.0,success,generated,seraedit_rule_v1,local_rule,1,0,en,60.864500000207045,1,1.0,1.0,1,0,9906afcf81b5edd3d8b7cf778b0354a5fe5d9df80048a251f51464110a4525de,1,0af281478217f308d45599704352af3c6c865c9c6dbc882861f186d724f2d359,1,60.864500000207045,0.0,experiments/runtime_acceptance_core_bilingual_r3_v4_20260826/raw_outputs/meter_005__en__r2.json,0,0,0,0,0,2,local_first,meter_005:en:r2,0,,4f1cf097d48cb3860058b259bced4d935ebe12b1e9d34dd7b53cd1e6bdfd2f7b,meter_005,1,1,0
meter_measure_structure,1,interactive_runtime_acceptance,,1.0,3,3,0,1.0,,,0.0,success,generated,seraedit_rule_v1,local_rule,1,0,en,54.36009999993985,1,1.0,1.0,1,0,9906afcf81b5edd3d8b7cf778b0354a5fe5d9df80048a251f51464110a4525de,1,0af281478217f308d45599704352af3c6c865c9c6dbc882861f186d724f2d359,1,54.36009999993985,0.0,experiments/runtime_acceptance_core_bilingual_r3_v4_20260826/raw_outputs/meter_005__en__r3.json,0,0,0,0,0,3,local_first,meter_005:en:r3,0,,4f1cf097d48cb3860058b259bced4d935ebe12b1e9d34dd7b53cd1e6bdfd2f7b,meter_005,1,1,0
meter_measure_structure,1,interactive_runtime_acceptance,,1.0,3,3,0,1.0,,,0.0,success,generated,seraedit_rule_v1,local_rule,1,0,zh,55.2546999997503,1,1.0,1.0,1,0,5e7152017408f71451055e09f2d3de592a4b77b59c1c63a14f8de3f3bf1c0977,1,0af281478217f308d45599704352af3c6c865c9c6dbc882861f186d724f2d359,1,55.2546999997503,0.0,experiments/runtime_acceptance_core_bilingual_r3_v4_20260826/raw_outputs/meter_005__zh__r1.json,0,0,0,0,0,1,local_first,meter_005:zh:r1,0,,4f1cf097d48cb3860058b259bced4d935ebe12b1e9d34dd7b53cd1e6bdfd2f7b,meter_005,1,1,0
meter_measure_structure,1,interactive_runtime_acceptance,,1.0,3,3,0,1.0,,,0.0,success,generated,seraedit_rule_v1,local_rule,1,0,zh,55.638400000134425,1,1.0,1.0,1,0,5e7152017408f71451055e09f2d3de592a4b77b59c1c63a14f8de3f3bf1c0977,1,0af281478217f308d45599704352af3c6c865c9c6dbc882861f186d724f2d359,1,55.638400000134425,0.0,experiments/runtime_acceptance_core_bilingual_r3_v4_20260826/raw_outputs/meter_005__zh__r2.json,0,0,0,0,0,2,local_first,meter_005:zh:r2,0,,4f1cf097d48cb3860058b259bced4d935ebe12b1e9d34dd7b53cd1e6bdfd2f7b,meter_005,1,1,0
meter_measure_structure,1,interactive_runtime_acceptance,,1.0,3,3,0,1.0,,,0.0,success,generated,seraedit_rule_v1,local_rule,1,0,zh,54.555900000195834,1,1.0,1.0,1,0,5e7152017408f71451055e09f2d3de592a4b77b59c1c63a14f8de3f3bf1c0977,1,0af281478217f308d45599704352af3c6c865c9c6dbc882861f186d724f2d359,1,54.555900000195834,0.0,experiments/runtime_acceptance_core_bilingual_r3_v4_20260826/raw_outputs/meter_005__zh__r3.json,0,0,0,0,0,3,local_first,meter_005:zh:r3,0,,4f1cf097d48cb3860058b259bced4d935ebe12b1e9d34dd7b53cd1e6bdfd2f7b,meter_005,1,1,0
compound_multi_step,1,interactive_runtime_acceptance,,1.0,3,3,0,1.0,,,0.0,success,generated,seraedit_rule_v1,local_rule,1,0,en,86.05880000050092,1,1.0,1.0,1,0,227d5b08919be806d737f5636726ec23bfc3972bbf5a27da7c3f2ed79098871b,1,d42bace8b6bb82bbc6906f9c82179463886b907c2de0661551709bdcfded72da,1,86.05880000050092,0.0,experiments/runtime_acceptance_core_bilingual_r3_v4_20260826/raw_outputs/compound_005__en__r1.json,0,0,0,0,0,1,local_first,compound_005:en:r1,0,,1647553bd79baa2dc890f4d1f87e3b542cefa229c723f21fa72b8ab49e4b2286,compound_005,1,1,0
compound_multi_step,1,interactive_runtime_acceptance,,1.0,3,3,0,1.0,,,0.0,success,generated,seraedit_rule_v1,local_rule,1,0,en,57.82770000041637,1,1.0,1.0,1,0,227d5b08919be806d737f5636726ec23bfc3972bbf5a27da7c3f2ed79098871b,1,d42bace8b6bb82bbc6906f9c82179463886b907c2de0661551709bdcfded72da,1,57.82770000041637,0.0,experiments/runtime_acceptance_core_bilingual_r3_v4_20260826/raw_outputs/compound_005__en__r2.json,0,0,0,0,0,2,local_first,compound_005:en:r2,0,,1647553bd79baa2dc890f4d1f87e3b542cefa229c723f21fa72b8ab49e4b2286,compound_005,1,1,0
compound_multi_step,1,interactive_runtime_acceptance,,1.0,3,3,0,1.0,,,0.0,success,generated,seraedit_rule_v1,local_rule,1,0,en,67.02190000032715,1,1.0,1.0,1,0,227d5b08919be806d737f5636726ec23bfc3972bbf5a27da7c3f2ed79098871b,1,d42bace8b6bb82bbc6906f9c82179463886b907c2de0661551709bdcfded72da,1,67.02190000032715,0.0,experiments/runtime_acceptance_core_bilingual_r3_v4_20260826/raw_outputs/compound_005__en__r3.json,0,0,0,0,0,3,local_first,compound_005:en:r3,0,,1647553bd79baa2dc890f4d1f87e3b542cefa229c723f21fa72b8ab49e4b2286,compound_005,1,1,0
compound_multi_step,1,interactive_runtime_acceptance,,1.0,3,3,0,1.0,,,0.0,success,generated,seraedit_rule_v1,local_rule,1,0,zh,57.113099999696715,1,1.0,1.0,1,0,373fcb713162ad9bfbef781daa2d96ef032738510a0ee31336d7bea0148bd959,1,d42bace8b6bb82bbc6906f9c82179463886b907c2de0661551709bdcfded72da,1,57.113099999696715,0.0,experiments/runtime_acceptance_core_bilingual_r3_v4_20260826/raw_outputs/compound_005__zh__r1.json,0,0,0,0,0,1,local_first,compound_005:zh:r1,0,,1647553bd79baa2dc890f4d1f87e3b542cefa229c723f21fa72b8ab49e4b2286,compound_005,1,1,0
compound_multi_step,1,interactive_runtime_acceptance,,1.0,3,3,0,1.0,,,0.0,success,generated,seraedit_rule_v1,local_rule,1,0,zh,68.76809999994293,1,1.0,1.0,1,0,373fcb713162ad9bfbef781daa2d96ef032738510a0ee31336d7bea0148bd959,1,d42bace8b6bb82bbc6906f9c82179463886b907c2de0661551709bdcfded72da,1,68.76809999994293,0.0,experiments/runtime_acceptance_core_bilingual_r3_v4_20260826/raw_outputs/compound_005__zh__r2.json,0,0,0,0,0,2,local_first,compound_005:zh:r2,0,,1647553bd79baa2dc890f4d1f87e3b542cefa229c723f21fa72b8ab49e4b2286,compound_005,1,1,0
compound_multi_step,1,interactive_runtime_acceptance,,1.0,3,3,0,1.0,,,0.0,success,generated,seraedit_rule_v1,local_rule,1,0,zh,67.15189999977156,1,1.0,1.0,1,0,373fcb713162ad9bfbef781daa2d96ef032738510a0ee31336d7bea0148bd959,1,d42bace8b6bb82bbc6906f9c82179463886b907c2de0661551709bdcfded72da,1,67.15189999977156,0.0,experiments/runtime_acceptance_core_bilingual_r3_v4_20260826/raw_outputs/compound_005__zh__r3.json,0,0,0,0,0,3,local_first,compound_005:zh:r3,0,,1647553bd79baa2dc890f4d1f87e3b542cefa229c723f21fa72b8ab49e4b2286,compound_005,1,1,0
conflicting_or_unsupported,1,interactive_runtime_acceptance,,1.0,1,1,1,1.0,,,0.0,refuse,refused,seraedit_rule_v1,local_rule,0,0,en,0.33999999959632987,,1.0,1.0,0,0,74234e98afe7498fb5daf1f36ac2d78acc339464f950703b8c019892f982b90b,0,refused,0,0.33999999959632987,0.0,experiments/runtime_acceptance_core_bilingual_r3_v4_20260826/raw_outputs/conflict_009__en__r1.json,1,0,0,0,0,1,local_first,conflict_009:en:r1,0,,d07935fefb9eb378b16d51bcd1510040077a17127c632f31657c65ebe9093765,conflict_009,1,0,0
conflicting_or_unsupported,1,interactive_runtime_acceptance,,1.0,1,1,1,1.0,,,0.0,refuse,refused,seraedit_rule_v1,local_rule,0,0,en,0.49530000069353264,,1.0,1.0,0,0,74234e98afe7498fb5daf1f36ac2d78acc339464f950703b8c019892f982b90b,0,refused,0,0.49530000069353264,0.0,experiments/runtime_acceptance_core_bilingual_r3_v4_20260826/raw_outputs/conflict_009__en__r2.json,1,0,0,0,0,2,local_first,conflict_009:en:r2,0,,d07935fefb9eb378b16d51bcd1510040077a17127c632f31657c65ebe9093765,conflict_009,1,0,0
conflicting_or_unsupported,1,interactive_runtime_acceptance,,1.0,1,1,1,1.0,,,0.0,refuse,refused,seraedit_rule_v1,local_rule,0,0,en,0.4535999996733153,,1.0,1.0,0,0,74234e98afe7498fb5daf1f36ac2d78acc339464f950703b8c019892f982b90b,0,refused,0,0.4535999996733153,0.0,experiments/runtime_acceptance_core_bilingual_r3_v4_20260826/raw_outputs/conflict_009__en__r3.json,1,0,0,0,0,3,local_first,conflict_009:en:r3,0,,d07935fefb9eb378b16d51bcd1510040077a17127c632f31657c65ebe9093765,conflict_009,1,0,0
conflicting_or_unsupported,1,interactive_runtime_acceptance,,1.0,1,1,1,1.0,,,0.0,refuse,refused,seraedit_rule_v1,local_rule,0,0,zh,0.3434999998717103,,1.0,1.0,0,0,74234e98afe7498fb5daf1f36ac2d78acc339464f950703b8c019892f982b90b,0,refused,0,0.3434999998717103,0.0,experiments/runtime_acceptance_core_bilingual_r3_v4_20260826/raw_outputs/conflict_009__zh__r1.json,1,0,0,0,0,1,local_first,conflict_009:zh:r1,0,,d07935fefb9eb378b16d51bcd1510040077a17127c632f31657c65ebe9093765,conflict_009,1,0,0
conflicting_or_unsupported,1,interactive_runtime_acceptance,,1.0,1,1,1,1.0,,,0.0,refuse,refused,seraedit_rule_v1,local_rule,0,0,zh,0.35180000031687086,,1.0,1.0,0,0,74234e98afe7498fb5daf1f36ac2d78acc339464f950703b8c019892f982b90b,0,refused,0,0.35180000031687086,0.0,experiments/runtime_acceptance_core_bilingual_r3_v4_20260826/raw_outputs/conflict_009__zh__r2.json,1,0,0,0,0,2,local_first,conflict_009:zh:r2,0,,d07935fefb9eb378b16d51bcd1510040077a17127c632f31657c65ebe9093765,conflict_009,1,0,0
conflicting_or_unsupported,1,interactive_runtime_acceptance,,1.0,1,1,1,1.0,,,0.0,refuse,refused,seraedit_rule_v1,local_rule,0,0,zh,0.5179999998290441,,1.0,1.0,0,0,74234e98afe7498fb5daf1f36ac2d78acc339464f950703b8c019892f982b90b,0,refused,0,0.5179999998290441,0.0,experiments/runtime_acceptance_core_bilingual_r3_v4_20260826/raw_outputs/conflict_009__zh__r3.json,1,0,0,0,0,3,local_first,conflict_009:zh:r3,0,,d07935fefb9eb378b16d51bcd1510040077a17127c632f31657c65ebe9093765,conflict_009,1,0,0
pitch_transposition,1,interactive_runtime_acceptance,,1.0,2,2,0,1.0,,,0.0,success,generated,seraedit_rule_v1,local_rule,1,0,en,83.48059999934776,1,1.0,1.0,1,0,2fd80b5c487f1b32d6aaf08191b8b9732e3b99f2e28db1f563683c91c8e62207,1,27c1808ed6c5285c5b8a9b9d20e7895b99ab663f0e5e5bdc20c12308b42805fa,1,83.48059999934776,0.0,experiments/runtime_acceptance_core_bilingual_r3_v4_20260826/raw_outputs/pitch_011__en__r1.json,0,0,0,0,0,1,local_first,pitch_011:en:r1,0,,f4ffab5a135ef9086d2b45cc12a7095f46c9bfeec91da67a8525d60843362983,pitch_011,1,1,0
pitch_transposition,1,interactive_runtime_acceptance,,1.0,2,2,0,1.0,,,0.0,success,generated,seraedit_rule_v1,local_rule,1,0,en,63.615500000196334,1,1.0,1.0,1,0,2fd80b5c487f1b32d6aaf08191b8b9732e3b99f2e28db1f563683c91c8e62207,1,27c1808ed6c5285c5b8a9b9d20e7895b99ab663f0e5e5bdc20c12308b42805fa,1,63.615500000196334,0.0,experiments/runtime_acceptance_core_bilingual_r3_v4_20260826/raw_outputs/pitch_011__en__r2.json,0,0,0,0,0,2,local_first,pitch_011:en:r2,0,,f4ffab5a135ef9086d2b45cc12a7095f46c9bfeec91da67a8525d60843362983,pitch_011,1,1,0
pitch_transposition,1,interactive_runtime_acceptance,,1.0,2,2,0,1.0,,,0.0,success,generated,seraedit_rule_v1,local_rule,1,0,en,63.15149999954883,1,1.0,1.0,1,0,2fd80b5c487f1b32d6aaf08191b8b9732e3b99f2e28db1f563683c91c8e62207,1,27c1808ed6c5285c5b8a9b9d20e7895b99ab663f0e5e5bdc20c12308b42805fa,1,63.15149999954883,0.0,experiments/runtime_acceptance_core_bilingual_r3_v4_20260826/raw_outputs/pitch_011__en__r3.json,0,0,0,0,0,3,local_first,pitch_011:en:r3,0,,f4ffab5a135ef9086d2b45cc12a7095f46c9bfeec91da67a8525d60843362983,pitch_011,1,1,0
pitch_transposition,1,interactive_runtime_acceptance,,1.0,2,2,0,1.0,,,0.0,success,generated,seraedit_rule_v1,local_rule,1,0,zh,62.296600000081526,1,1.0,1.0,1,0,3273885ac6d71b684d890cba121614896bf7779a42fbaa01934c9518e82f4585,1,27c1808ed6c5285c5b8a9b9d20e7895b99ab663f0e5e5bdc20c12308b42805fa,1,62.296600000081526,0.0,experiments/runtime_acceptance_core_bilingual_r3_v4_20260826/raw_outputs/pitch_011__zh__r1.json,0,0,0,0,0,1,local_first,pitch_011:zh:r1,0,,f4ffab5a135ef9086d2b45cc12a7095f46c9bfeec91da67a8525d60843362983,pitch_011,1,1,0
pitch_transposition,1,interactive_runtime_acceptance,,1.0,2,2,0,1.0,,,0.0,success,generated,seraedit_rule_v1,local_rule,1,0,zh,59.615799999846786,1,1.0,1.0,1,0,3273885ac6d71b684d890cba121614896bf7779a42fbaa01934c9518e82f4585,1,27c1808ed6c5285c5b8a9b9d20e7895b99ab663f0e5e5bdc20c12308b42805fa,1,59.615799999846786,0.0,experiments/runtime_acceptance_core_bilingual_r3_v4_20260826/raw_outputs/pitch_011__zh__r2.json,0,0,0,0,0,2,local_first,pitch_011:zh:r2,0,,f4ffab5a135ef9086d2b45cc12a7095f46c9bfeec91da67a8525d60843362983,pitch_011,1,1,0
pitch_transposition,1,interactive_runtime_acceptance,,1.0,2,2,0,1.0,,,0.0,success,generated,seraedit_rule_v1,local_rule,1,0,zh,76.67810000020836,1,1.0,1.0,1,0,3273885ac6d71b684d890cba121614896bf7779a42fbaa01934c9518e82f4585,1,27c1808ed6c5285c5b8a9b9d20e7895b99ab663f0e5e5bdc20c12308b42805fa,1,76.67810000020836,0.0,experiments/runtime_acceptance_core_bilingual_r3_v4_20260826/raw_outputs/pitch_011__zh__r3.json,0,0,0,0,0,3,local_first,pitch_011:zh:r3,0,,f4ffab5a135ef9086d2b45cc12a7095f46c9bfeec91da67a8525d60843362983,pitch_011,1,1,0
rhythm_duration,1,interactive_runtime_acceptance,,1.0,2,2,0,1.0,,,0.0,success,generated,seraedit_rule_v1,local_rule,1,0,en,61.79880000036064,1,1.0,1.0,1,0,491c7a46b5bc756f68c926f1c3b64db97f2e53dcf7c1752ff86721d8858d0226,1,5d1c245451fc63eb5610ea7b2acb6d17b513593c4fc1dabc3f28e7e37dae11b7,1,61.79880000036064,0.0,experiments/runtime_acceptance_core_bilingual_r3_v4_20260826/raw_outputs/rhythm_011__en__r1.json,0,0,0,0,0,1,local_first,rhythm_011:en:r1,0,,e4ff0d2afca1248059f65b0071dfccf64ad157ccc817ef070ae0635c4078f918,rhythm_011,1,1,0
rhythm_duration,1,interactive_runtime_acceptance,,1.0,2,2,0,1.0,,,0.0,success,generated,seraedit_rule_v1,local_rule,1,0,en,57.561900000109745,1,1.0,1.0,1,0,491c7a46b5bc756f68c926f1c3b64db97f2e53dcf7c1752ff86721d8858d0226,1,5d1c245451fc63eb5610ea7b2acb6d17b513593c4fc1dabc3f28e7e37dae11b7,1,57.561900000109745,0.0,experiments/runtime_acceptance_core_bilingual_r3_v4_20260826/raw_outputs/rhythm_011__en__r2.json,0,0,0,0,0,2,local_first,rhythm_011:en:r2,0,,e4ff0d2afca1248059f65b0071dfccf64ad157ccc817ef070ae0635c4078f918,rhythm_011,1,1,0
rhythm_duration,1,interactive_runtime_acceptance,,1.0,2,2,0,1.0,,,0.0,success,generated,seraedit_rule_v1,local_rule,1,0,en,56.746799999928044,1,1.0,1.0,1,0,491c7a46b5bc756f68c926f1c3b64db97f2e53dcf7c1752ff86721d8858d0226,1,5d1c245451fc63eb5610ea7b2acb6d17b513593c4fc1dabc3f28e7e37dae11b7,1,56.746799999928044,0.0,experiments/runtime_acceptance_core_bilingual_r3_v4_20260826/raw_outputs/rhythm_011__en__r3.json,0,0,0,0,0,3,local_first,rhythm_011:en:r3,0,,e4ff0d2afca1248059f65b0071dfccf64ad157ccc817ef070ae0635c4078f918,rhythm_011,1,1,0
rhythm_duration,1,interactive_runtime_acceptance,,1.0,2,2,0,1.0,,,0.0,success,generated,seraedit_rule_v1,local_rule,1,0,zh,55.073600000469014,1,1.0,1.0,1,0,7060b61d6100b164a0f6a19932f0f44373662d9bafc9f7c65ca8db6528d9c234,1,5d1c245451fc63eb5610ea7b2acb6d17b513593c4fc1dabc3f28e7e37dae11b7,1,55.073600000469014,0.0,experiments/runtime_acceptance_core_bilingual_r3_v4_20260826/raw_outputs/rhythm_011__zh__r1.json,0,0,0,0,0,1,local_first,rhythm_011:zh:r1,0,,e4ff0d2afca1248059f65b0071dfccf64ad157ccc817ef070ae0635c4078f918,rhythm_011,1,1,0
rhythm_duration,1,interactive_runtime_acceptance,,1.0,2,2,0,1.0,,,0.0,success,generated,seraedit_rule_v1,local_rule,1,0,zh,58.82049999945593,1,1.0,1.0,1,0,7060b61d6100b164a0f6a19932f0f44373662d9bafc9f7c65ca8db6528d9c234,1,5d1c245451fc63eb5610ea7b2acb6d17b513593c4fc1dabc3f28e7e37dae11b7,1,58.82049999945593,0.0,experiments/runtime_acceptance_core_bilingual_r3_v4_20260826/raw_outputs/rhythm_011__zh__r2.json,0,0,0,0,0,2,local_first,rhythm_011:zh:r2,0,,e4ff0d2afca1248059f65b0071dfccf64ad157ccc817ef070ae0635c4078f918,rhythm_011,1,1,0
rhythm_duration,1,interactive_runtime_acceptance,,1.0,2,2,0,1.0,,,0.0,success,generated,seraedit_rule_v1,local_rule,1,0,zh,82.09050000004936,1,1.0,1.0,1,0,7060b61d6100b164a0f6a19932f0f44373662d9bafc9f7c65ca8db6528d9c234,1,5d1c245451fc63eb5610ea7b2acb6d17b513593c4fc1dabc3f28e7e37dae11b7,1,82.09050000004936,0.0,experiments/runtime_acceptance_core_bilingual_r3_v4_20260826/raw_outputs/rhythm_011__zh__r3.json,0,0,0,0,0,3,local_first,rhythm_011:zh:r3,0,,e4ff0d2afca1248059f65b0071dfccf64ad157ccc817ef070ae0635c4078f918,rhythm_011,1,1,0
key_harmony,1,interactive_runtime_acceptance,,1.0,2,2,0,1.0,,,0.0,success,generated,seraedit_rule_v1,local_rule,1,0,en,55.54920000031416,1,1.0,1.0,1,0,30da136d29d6e749c2106ecac1b494079ef09e09b3bdec9f864bba70b3f7e1d7,1,27a7c6125d7fc411e39530f5afc7b633b3b55eeca3be946d7fa6a506622a6404,1,55.54920000031416,0.0,experiments/runtime_acceptance_core_bilingual_r3_v4_20260826/raw_outputs/key_011__en__r1.json,0,0,0,0,0,1,local_first,key_011:en:r1,0,,0a7d741614773fae0faec7a74bd9d098e2177c97a763376ea67e7eec922d13c8,key_011,1,1,0
key_harmony,1,interactive_runtime_acceptance,,1.0,2,2,0,1.0,,,0.0,success,generated,seraedit_rule_v1,local_rule,1,0,en,55.252199999813456,1,1.0,1.0,1,0,30da136d29d6e749c2106ecac1b494079ef09e09b3bdec9f864bba70b3f7e1d7,1,27a7c6125d7fc411e39530f5afc7b633b3b55eeca3be946d7fa6a506622a6404,1,55.252199999813456,0.0,experiments/runtime_acceptance_core_bilingual_r3_v4_20260826/raw_outputs/key_011__en__r2.json,0,0,0,0,0,2,local_first,key_011:en:r2,0,,0a7d741614773fae0faec7a74bd9d098e2177c97a763376ea67e7eec922d13c8,key_011,1,1,0
key_harmony,1,interactive_runtime_acceptance,,1.0,2,2,0,1.0,,,0.0,success,generated,seraedit_rule_v1,local_rule,1,0,en,56.54469999990397,1,1.0,1.0,1,0,30da136d29d6e749c2106ecac1b494079ef09e09b3bdec9f864bba70b3f7e1d7,1,27a7c6125d7fc411e39530f5afc7b633b3b55eeca3be946d7fa6a506622a6404,1,56.54469999990397,0.0,experiments/runtime_acceptance_core_bilingual_r3_v4_20260826/raw_outputs/key_011__en__r3.json,0,0,0,0,0,3,local_first,key_011:en:r3,0,,0a7d741614773fae0faec7a74bd9d098e2177c97a763376ea67e7eec922d13c8,key_011,1,1,0
key_harmony,1,interactive_runtime_acceptance,,1.0,2,2,0,1.0,,,0.0,success,generated,seraedit_rule_v1,local_rule,1,0,zh,87.2534000000087,1,1.0,1.0,1,0,725ad7fa6b7265a0148af522e52c72132fd935fcef56b7ca667638bec97263b5,1,27a7c6125d7fc411e39530f5afc7b633b3b55eeca3be946d7fa6a506622a6404,1,87.2534000000087,0.0,experiments/runtime_acceptance_core_bilingual_r3_v4_20260826/raw_outputs/key_011__zh__r1.json,0,0,0,0,0,1,local_first,key_011:zh:r1,0,,0a7d741614773fae0faec7a74bd9d098e2177c97a763376ea67e7eec922d13c8,key_011,1,1,0
key_harmony,1,interactive_runtime_acceptance,,1.0,2,2,0,1.0,,,0.0,success,generated,seraedit_rule_v1,local_rule,1,0,zh,82.57430000048771,1,1.0,1.0,1,0,725ad7fa6b7265a0148af522e52c72132fd935fcef56b7ca667638bec97263b5,1,27a7c6125d7fc411e39530f5afc7b633b3b55eeca3be946d7fa6a506622a6404,1,82.57430000048771,0.0,experiments/runtime_acceptance_core_bilingual_r3_v4_20260826/raw_outputs/key_011__zh__r2.json,0,0,0,0,0,2,local_first,key_011:zh:r2,0,,0a7d741614773fae0faec7a74bd9d098e2177c97a763376ea67e7eec922d13c8,key_011,1,1,0
key_harmony,1,interactive_runtime_acceptance,,1.0,2,2,0,1.0,,,0.0,success,generated,seraedit_rule_v1,local_rule,1,0,zh,60.088100000029954,1,1.0,1.0,1,0,725ad7fa6b7265a0148af522e52c72132fd935fcef56b7ca667638bec97263b5,1,27a7c6125d7fc411e39530f5afc7b633b3b55eeca3be946d7fa6a506622a6404,1,60.088100000029954,0.0,experiments/runtime_acceptance_core_bilingual_r3_v4_20260826/raw_outputs/key_011__zh__r3.json,0,0,0,0,0,3,local_first,key_011:zh:r3,0,,0a7d741614773fae0faec7a74bd9d098e2177c97a763376ea67e7eec922d13c8,key_011,1,1,0
voice_texture,1,interactive_runtime_acceptance,,1.0,6,6,0,1.0,,,0.0,success,generated,seraedit_rule_v1,local_rule,1,0,en,84.63340000071184,1,1.0,1.0,1,0,6a900f801fbf1f0d9677a921f2c34427bfab8e1c05818c494ef09d07a9f06f9a,1,0fa8ea6b7fa998a83917999d64ab6c51d3762c0cbe178f662967db9d4ed35a45,1,84.63340000071184,0.0,experiments/runtime_acceptance_core_bilingual_r3_v4_20260826/raw_outputs/voice_008__en__r1.json,0,0,0,0,0,1,local_first,voice_008:en:r1,0,,a4df78b267277b8e7b0034d99a1ce416eec19ff4ef57b876e28453961d282cd5,voice_008,1,1,0
voice_texture,1,interactive_runtime_acceptance,,1.0,6,6,0,1.0,,,0.0,success,generated,seraedit_rule_v1,local_rule,1,0,en,56.61370000052557,1,1.0,1.0,1,0,6a900f801fbf1f0d9677a921f2c34427bfab8e1c05818c494ef09d07a9f06f9a,1,0fa8ea6b7fa998a83917999d64ab6c51d3762c0cbe178f662967db9d4ed35a45,1,56.61370000052557,0.0,experiments/runtime_acceptance_core_bilingual_r3_v4_20260826/raw_outputs/voice_008__en__r2.json,0,0,0,0,0,2,local_first,voice_008:en:r2,0,,a4df78b267277b8e7b0034d99a1ce416eec19ff4ef57b876e28453961d282cd5,voice_008,1,1,0
voice_texture,1,interactive_runtime_acceptance,,1.0,6,6,0,1.0,,,0.0,success,generated,seraedit_rule_v1,local_rule,1,0,en,61.023799999929906,1,1.0,1.0,1,0,6a900f801fbf1f0d9677a921f2c34427bfab8e1c05818c494ef09d07a9f06f9a,1,0fa8ea6b7fa998a83917999d64ab6c51d3762c0cbe178f662967db9d4ed35a45,1,61.023799999929906,0.0,experiments/runtime_acceptance_core_bilingual_r3_v4_20260826/raw_outputs/voice_008__en__r3.json,0,0,0,0,0,3,local_first,voice_008:en:r3,0,,a4df78b267277b8e7b0034d99a1ce416eec19ff4ef57b876e28453961d282cd5,voice_008,1,1,0
voice_texture,1,interactive_runtime_acceptance,,1.0,6,6,0,1.0,,,0.0,success,generated,seraedit_rule_v1,local_rule,1,0,zh,56.99879999974655,1,1.0,1.0,1,0,f49007dd50776d0b1d690ccea5ba2fc29c7de3a1fbc4cbe5d63198318648a313,1,0fa8ea6b7fa998a83917999d64ab6c51d3762c0cbe178f662967db9d4ed35a45,1,56.99879999974655,0.0,experiments/runtime_acceptance_core_bilingual_r3_v4_20260826/raw_outputs/voice_008__zh__r1.json,0,0,0,0,0,1,local_first,voice_008:zh:r1,0,,a4df78b267277b8e7b0034d99a1ce416eec19ff4ef57b876e28453961d282cd5,voice_008,1,1,0
voice_texture,1,interactive_runtime_acceptance,,1.0,6,6,0,1.0,,,0.0,success,generated,seraedit_rule_v1,local_rule,1,0,zh,72.91569999961212,1,1.0,1.0,1,0,f49007dd50776d0b1d690ccea5ba2fc29c7de3a1fbc4cbe5d63198318648a313,1,0fa8ea6b7fa998a83917999d64ab6c51d3762c0cbe178f662967db9d4ed35a45,1,72.91569999961212,0.0,experiments/runtime_acceptance_core_bilingual_r3_v4_20260826/raw_outputs/voice_008__zh__r2.json,0,0,0,0,0,2,local_first,voice_008:zh:r2,0,,a4df78b267277b8e7b0034d99a1ce416eec19ff4ef57b876e28453961d282cd5,voice_008,1,1,0
voice_texture,1,interactive_runtime_acceptance,,1.0,6,6,0,1.0,,,0.0,success,generated,seraedit_rule_v1,local_rule,1,0,zh,54.89780000061728,1,1.0,1.0,1,0,f49007dd50776d0b1d690ccea5ba2fc29c7de3a1fbc4cbe5d63198318648a313,1,0fa8ea6b7fa998a83917999d64ab6c51d3762c0cbe178f662967db9d4ed35a45,1,54.89780000061728,0.0,experiments/runtime_acceptance_core_bilingual_r3_v4_20260826/raw_outputs/voice_008__zh__r3.json,0,0,0,0,0,3,local_first,voice_008:zh:r3,0,,a4df78b267277b8e7b0034d99a1ce416eec19ff4ef57b876e28453961d282cd5,voice_008,1,1,0
dynamics_articulation,1,interactive_runtime_acceptance,,1.0,3,3,0,1.0,,,0.0,success,generated,seraedit_rule_v1,local_rule,1,0,en,76.52739999957703,1,1.0,1.0,1,0,7f0d415f38705f074f6b6332a52c810eac6842a268bef2113dfa4c6fe577fa1a,1,f484c1c2bf087e41e40ce48a91e10f19615cedcf3bb69a09d95202ffddc02806,1,76.52739999957703,0.0,experiments/runtime_acceptance_core_bilingual_r3_v4_20260826/raw_outputs/dynamics_010__en__r1.json,0,0,0,0,0,1,local_first,dynamics_010:en:r1,0,,fb5377bf2473553b29eca3bb05764bd95e321497241914086aa28928eda8ea75,dynamics_010,1,1,0
dynamics_articulation,1,interactive_runtime_acceptance,,1.0,3,3,0,1.0,,,0.0,success,generated,seraedit_rule_v1,local_rule,1,0,en,73.55999999981577,1,1.0,1.0,1,0,7f0d415f38705f074f6b6332a52c810eac6842a268bef2113dfa4c6fe577fa1a,1,f484c1c2bf087e41e40ce48a91e10f19615cedcf3bb69a09d95202ffddc02806,1,73.55999999981577,0.0,experiments/runtime_acceptance_core_bilingual_r3_v4_20260826/raw_outputs/dynamics_010__en__r2.json,0,0,0,0,0,2,local_first,dynamics_010:en:r2,0,,fb5377bf2473553b29eca3bb05764bd95e321497241914086aa28928eda8ea75,dynamics_010,1,1,0
dynamics_articulation,1,interactive_runtime_acceptance,,1.0,3,3,0,1.0,,,0.0,success,generated,seraedit_rule_v1,local_rule,1,0,en,110.66630000004807,1,1.0,1.0,1,0,7f0d415f38705f074f6b6332a52c810eac6842a268bef2113dfa4c6fe577fa1a,1,f484c1c2bf087e41e40ce48a91e10f19615cedcf3bb69a09d95202ffddc02806,1,110.66630000004807,0.0,experiments/runtime_acceptance_core_bilingual_r3_v4_20260826/raw_outputs/dynamics_010__en__r3.json,0,0,0,0,0,3,local_first,dynamics_010:en:r3,0,,fb5377bf2473553b29eca3bb05764bd95e321497241914086aa28928eda8ea75,dynamics_010,1,1,0
dynamics_articulation,1,interactive_runtime_acceptance,,1.0,3,3,0,1.0,,,0.0,success,generated,seraedit_rule_v1,local_rule,1,0,zh,131.84309999996913,1,1.0,1.0,1,0,74273ce828bacd9d0f3f9efc78019efd826879b7a86d80aa22786f0b9203c9f3,1,f484c1c2bf087e41e40ce48a91e10f19615cedcf3bb69a09d95202ffddc02806,1,131.84309999996913,0.0,experiments/runtime_acceptance_core_bilingual_r3_v4_20260826/raw_outputs/dynamics_010__zh__r1.json,0,0,0,0,0,1,local_first,dynamics_010:zh:r1,0,,fb5377bf2473553b29eca3bb05764bd95e321497241914086aa28928eda8ea75,dynamics_010,1,1,0
dynamics_articulation,1,interactive_runtime_acceptance,,1.0,3,3,0,1.0,,,0.0,success,generated,seraedit_rule_v1,local_rule,1,0,zh,107.99589999987802,1,1.0,1.0,1,0,74273ce828bacd9d0f3f9efc78019efd826879b7a86d80aa22786f0b9203c9f3,1,f484c1c2bf087e41e40ce48a91e10f19615cedcf3bb69a09d95202ffddc02806,1,107.99589999987802,0.0,experiments/runtime_acceptance_core_bilingual_r3_v4_20260826/raw_outputs/dynamics_010__zh__r2.json,0,0,0,0,0,2,local_first,dynamics_010:zh:r2,0,,fb5377bf2473553b29eca3bb05764bd95e321497241914086aa28928eda8ea75,dynamics_010,1,1,0
dynamics_articulation,1,interactive_runtime_acceptance,,1.0,3,3,0,1.0,,,0.0,success,generated,seraedit_rule_v1,local_rule,1,0,zh,74.18519999919226,1,1.0,1.0,1,0,74273ce828bacd9d0f3f9efc78019efd826879b7a86d80aa22786f0b9203c9f3,1,f484c1c2bf087e41e40ce48a91e10f19615cedcf3bb69a09d95202ffddc02806,1,74.18519999919226,0.0,experiments/runtime_acceptance_core_bilingual_r3_v4_20260826/raw_outputs/dynamics_010__zh__r3.json,0,0,0,0,0,3,local_first,dynamics_010:zh:r3,0,,fb5377bf2473553b29eca3bb05764bd95e321497241914086aa28928eda8ea75,dynamics_010,1,1,0
insertion_deletion,1,interactive_runtime_acceptance,,1.0,2,2,0,1.0,,,0.0,success,generated,seraedit_rule_v1,local_rule,1,0,en,113.9802999996391,1,1.0,1.0,1,0,2b43ab56e5c7ddc338ef217e197e8805e6c7877606a644d1fe831bfb74e82ab4,1,ebbcacd2b319208943dfeef4d2a233b8e3971557e00e1f7a979db3ce3c2671a4,1,113.9802999996391,0.0,experiments/runtime_acceptance_core_bilingual_r3_v4_20260826/raw_outputs/insertion_010__en__r1.json,0,0,0,0,0,1,local_first,insertion_010:en:r1,0,,6842bc1144b77a30736a38a8e755fed003987ee69298ff6eb22af2f6b3ffc8a9,insertion_010,1,1,0
insertion_deletion,1,interactive_runtime_acceptance,,1.0,2,2,0,1.0,,,0.0,success,generated,seraedit_rule_v1,local_rule,1,0,en,137.9065000000992,1,1.0,1.0,1,0,2b43ab56e5c7ddc338ef217e197e8805e6c7877606a644d1fe831bfb74e82ab4,1,ebbcacd2b319208943dfeef4d2a233b8e3971557e00e1f7a979db3ce3c2671a4,1,137.9065000000992,0.0,experiments/runtime_acceptance_core_bilingual_r3_v4_20260826/raw_outputs/insertion_010__en__r2.json,0,0,0,0,0,2,local_first,insertion_010:en:r2,0,,6842bc1144b77a30736a38a8e755fed003987ee69298ff6eb22af2f6b3ffc8a9,insertion_010,1,1,0
insertion_deletion,1,interactive_runtime_acceptance,,1.0,2,2,0,1.0,,,0.0,success,generated,seraedit_rule_v1,local_rule,1,0,en,116.257300000143,1,1.0,1.0,1,0,2b43ab56e5c7ddc338ef217e197e8805e6c7877606a644d1fe831bfb74e82ab4,1,ebbcacd2b319208943dfeef4d2a233b8e3971557e00e1f7a979db3ce3c2671a4,1,116.257300000143,0.0,experiments/runtime_acceptance_core_bilingual_r3_v4_20260826/raw_outputs/insertion_010__en__r3.json,0,0,0,0,0,3,local_first,insertion_010:en:r3,0,,6842bc1144b77a30736a38a8e755fed003987ee69298ff6eb22af2f6b3ffc8a9,insertion_010,1,1,0
insertion_deletion,1,interactive_runtime_acceptance,,1.0,2,2,0,1.0,,,0.0,success,generated,seraedit_rule_v1,local_rule,1,0,zh,109.5166999994035,1,1.0,1.0,1,0,2d2d572c12dc8d5a7d1304090bfb999d6221f4f65e8912eb075d3e4e269356c5,1,ebbcacd2b319208943dfeef4d2a233b8e3971557e00e1f7a979db3ce3c2671a4,1,109.5166999994035,0.0,experiments/runtime_acceptance_core_bilingual_r3_v4_20260826/raw_outputs/insertion_010__zh__r1.json,0,0,0,0,0,1,local_first,insertion_010:zh:r1,0,,6842bc1144b77a30736a38a8e755fed003987ee69298ff6eb22af2f6b3ffc8a9,insertion_010,1,1,0
insertion_deletion,1,interactive_runtime_acceptance,,1.0,2,2,0,1.0,,,0.0,success,generated,seraedit_rule_v1,local_rule,1,0,zh,114.44130000018049,1,1.0,1.0,1,0,2d2d572c12dc8d5a7d1304090bfb999d6221f4f65e8912eb075d3e4e269356c5,1,ebbcacd2b319208943dfeef4d2a233b8e3971557e00e1f7a979db3ce3c2671a4,1,114.44130000018049,0.0,experiments/runtime_acceptance_core_bilingual_r3_v4_20260826/raw_outputs/insertion_010__zh__r2.json,0,0,0,0,0,2,local_first,insertion_010:zh:r2,0,,6842bc1144b77a30736a38a8e755fed003987ee69298ff6eb22af2f6b3ffc8a9,insertion_010,1,1,0
insertion_deletion,1,interactive_runtime_acceptance,,1.0,2,2,0,1.0,,,0.0,success,generated,seraedit_rule_v1,local_rule,1,0,zh,113.79600000054779,1,1.0,1.0,1,0,2d2d572c12dc8d5a7d1304090bfb999d6221f4f65e8912eb075d3e4e269356c5,1,ebbcacd2b319208943dfeef4d2a233b8e3971557e00e1f7a979db3ce3c2671a4,1,113.79600000054779,0.0,experiments/runtime_acceptance_core_bilingual_r3_v4_20260826/raw_outputs/insertion_010__zh__r3.json,0,0,0,0,0,3,local_first,insertion_010:zh:r3,0,,6842bc1144b77a30736a38a8e755fed003987ee69298ff6eb22af2f6b3ffc8a9,insertion_010,1,1,0
ties_slurs_ornaments,1,interactive_runtime_acceptance,,1.0,4,4,0,1.0,,,0.0,success,generated,seraedit_rule_v1,local_rule,1,0,en,107.81419999966602,1,1.0,1.0,1,0,656c7dd0cc41968fd7b09bd7709b84999842a6436ab8fd66d254e9931cb2e9cd,1,86449061dc450069f9a7286ec19028ec8aceaad1c9e743e44e5393eec73299c6,1,107.81419999966602,0.0,experiments/runtime_acceptance_core_bilingual_r3_v4_20260826/raw_outputs/ties_007__en__r1.json,0,0,0,0,0,1,local_first,ties_007:en:r1,0,,a146d3bbb853859ffc284c0198e99af75dd71669aecc5a2596417d62b4bb3cc5,ties_007,1,1,0
ties_slurs_ornaments,1,interactive_runtime_acceptance,,1.0,4,4,0,1.0,,,0.0,success,generated,seraedit_rule_v1,local_rule,1,0,en,120.61979999998584,1,1.0,1.0,1,0,656c7dd0cc41968fd7b09bd7709b84999842a6436ab8fd66d254e9931cb2e9cd,1,86449061dc450069f9a7286ec19028ec8aceaad1c9e743e44e5393eec73299c6,1,120.61979999998584,0.0,experiments/runtime_acceptance_core_bilingual_r3_v4_20260826/raw_outputs/ties_007__en__r2.json,0,0,0,0,0,2,local_first,ties_007:en:r2,0,,a146d3bbb853859ffc284c0198e99af75dd71669aecc5a2596417d62b4bb3cc5,ties_007,1,1,0
ties_slurs_ornaments,1,interactive_runtime_acceptance,,1.0,4,4,0,1.0,,,0.0,success,generated,seraedit_rule_v1,local_rule,1,0,en,119.49370000002091,1,1.0,1.0,1,0,656c7dd0cc41968fd7b09bd7709b84999842a6436ab8fd66d254e9931cb2e9cd,1,86449061dc450069f9a7286ec19028ec8aceaad1c9e743e44e5393eec73299c6,1,119.49370000002091,0.0,experiments/runtime_acceptance_core_bilingual_r3_v4_20260826/raw_outputs/ties_007__en__r3.json,0,0,0,0,0,3,local_first,ties_007:en:r3,0,,a146d3bbb853859ffc284c0198e99af75dd71669aecc5a2596417d62b4bb3cc5,ties_007,1,1,0
ties_slurs_ornaments,1,interactive_runtime_acceptance,,1.0,4,4,0,1.0,,,0.0,success,generated,seraedit_rule_v1,local_rule,1,0,zh,118.91280000054394,1,1.0,1.0,1,0,8dfd1d6365b48be4e6dd12f6cfcef882efa29809a77b655f0f3686e642657047,1,86449061dc450069f9a7286ec19028ec8aceaad1c9e743e44e5393eec73299c6,1,118.91280000054394,0.0,experiments/runtime_acceptance_core_bilingual_r3_v4_20260826/raw_outputs/ties_007__zh__r1.json,0,0,0,0,0,1,local_first,ties_007:zh:r1,0,,a146d3bbb853859ffc284c0198e99af75dd71669aecc5a2596417d62b4bb3cc5,ties_007,1,1,0
ties_slurs_ornaments,1,interactive_runtime_acceptance,,1.0,4,4,0,1.0,,,0.0,success,generated,seraedit_rule_v1,local_rule,1,0,zh,143.44509999955335,1,1.0,1.0,1,0,8dfd1d6365b48be4e6dd12f6cfcef882efa29809a77b655f0f3686e642657047,1,86449061dc450069f9a7286ec19028ec8aceaad1c9e743e44e5393eec73299c6,1,143.44509999955335,0.0,experiments/runtime_acceptance_core_bilingual_r3_v4_20260826/raw_outputs/ties_007__zh__r2.json,0,0,0,0,0,2,local_first,ties_007:zh:r2,0,,a146d3bbb853859ffc284c0198e99af75dd71669aecc5a2596417d62b4bb3cc5,ties_007,1,1,0
ties_slurs_ornaments,1,interactive_runtime_acceptance,,1.0,4,4,0,1.0,,,0.0,success,generated,seraedit_rule_v1,local_rule,1,0,zh,113.85900000004767,1,1.0,1.0,1,0,8dfd1d6365b48be4e6dd12f6cfcef882efa29809a77b655f0f3686e642657047,1,86449061dc450069f9a7286ec19028ec8aceaad1c9e743e44e5393eec73299c6,1,113.85900000004767,0.0,experiments/runtime_acceptance_core_bilingual_r3_v4_20260826/raw_outputs/ties_007__zh__r3.json,0,0,0,0,0,3,local_first,ties_007:zh:r3,0,,a146d3bbb853859ffc284c0198e99af75dd71669aecc5a2596417d62b4bb3cc5,ties_007,1,1,0
meter_measure_structure,1,interactive_runtime_acceptance,,1.0,3,3,0,1.0,,,0.0,success,generated,seraedit_rule_v1,local_rule,1,0,en,111.21030000049359,1,1.0,1.0,1,0,77b3c045058269bef8ad4df643b4ad8e94d6a038786c7ec32736664b10fb46fc,1,5211ac971285e5c63cd7ff94c6929fc1b4bc19ec3770eeaa06575e9e8304795d,1,111.21030000049359,0.0,experiments/runtime_acceptance_core_bilingual_r3_v4_20260826/raw_outputs/meter_006__en__r1.json,0,0,0,0,0,1,local_first,meter_006:en:r1,0,,b2f4c858f5e7c9b5ce33e5e4115451865ff317b3d8e6fe009a7a2ed56b5a6d47,meter_006,1,1,0
meter_measure_structure,1,interactive_runtime_acceptance,,1.0,3,3,0,1.0,,,0.0,success,generated,seraedit_rule_v1,local_rule,1,0,en,110.86919999979727,1,1.0,1.0,1,0,77b3c045058269bef8ad4df643b4ad8e94d6a038786c7ec32736664b10fb46fc,1,5211ac971285e5c63cd7ff94c6929fc1b4bc19ec3770eeaa06575e9e8304795d,1,110.86919999979727,0.0,experiments/runtime_acceptance_core_bilingual_r3_v4_20260826/raw_outputs/meter_006__en__r2.json,0,0,0,0,0,2,local_first,meter_006:en:r2,0,,b2f4c858f5e7c9b5ce33e5e4115451865ff317b3d8e6fe009a7a2ed56b5a6d47,meter_006,1,1,0
meter_measure_structure,1,interactive_runtime_acceptance,,1.0,3,3,0,1.0,,,0.0,success,generated,seraedit_rule_v1,local_rule,1,0,en,112.48479999994743,1,1.0,1.0,1,0,77b3c045058269bef8ad4df643b4ad8e94d6a038786c7ec32736664b10fb46fc,1,5211ac971285e5c63cd7ff94c6929fc1b4bc19ec3770eeaa06575e9e8304795d,1,112.48479999994743,0.0,experiments/runtime_acceptance_core_bilingual_r3_v4_20260826/raw_outputs/meter_006__en__r3.json,0,0,0,0,0,3,local_first,meter_006:en:r3,0,,b2f4c858f5e7c9b5ce33e5e4115451865ff317b3d8e6fe009a7a2ed56b5a6d47,meter_006,1,1,0
meter_measure_structure,1,interactive_runtime_acceptance,,1.0,3,3,0,1.0,,,0.0,success,generated,seraedit_rule_v1,local_rule,1,0,zh,124.50150000040594,1,1.0,1.0,1,0,572e224a8e3bab546b4a890887a4b3686dfdb41724bf583ac71e94fb5d258482,1,5211ac971285e5c63cd7ff94c6929fc1b4bc19ec3770eeaa06575e9e8304795d,1,124.50150000040594,0.0,experiments/runtime_acceptance_core_bilingual_r3_v4_20260826/raw_outputs/meter_006__zh__r1.json,0,0,0,0,0,1,local_first,meter_006:zh:r1,0,,b2f4c858f5e7c9b5ce33e5e4115451865ff317b3d8e6fe009a7a2ed56b5a6d47,meter_006,1,1,0
meter_measure_structure,1,interactive_runtime_acceptance,,1.0,3,3,0,1.0,,,0.0,success,generated,seraedit_rule_v1,local_rule,1,0,zh,103.85429999951157,1,1.0,1.0,1,0,572e224a8e3bab546b4a890887a4b3686dfdb41724bf583ac71e94fb5d258482,1,5211ac971285e5c63cd7ff94c6929fc1b4bc19ec3770eeaa06575e9e8304795d,1,103.85429999951157,0.0,experiments/runtime_acceptance_core_bilingual_r3_v4_20260826/raw_outputs/meter_006__zh__r2.json,0,0,0,0,0,2,local_first,meter_006:zh:r2,0,,b2f4c858f5e7c9b5ce33e5e4115451865ff317b3d8e6fe009a7a2ed56b5a6d47,meter_006,1,1,0
meter_measure_structure,1,interactive_runtime_acceptance,,1.0,3,3,0,1.0,,,0.0,success,generated,seraedit_rule_v1,local_rule,1,0,zh,110.51709999992454,1,1.0,1.0,1,0,572e224a8e3bab546b4a890887a4b3686dfdb41724bf583ac71e94fb5d258482,1,5211ac971285e5c63cd7ff94c6929fc1b4bc19ec3770eeaa06575e9e8304795d,1,110.51709999992454,0.0,experiments/runtime_acceptance_core_bilingual_r3_v4_20260826/raw_outputs/meter_006__zh__r3.json,0,0,0,0,0,3,local_first,meter_006:zh:r3,0,,b2f4c858f5e7c9b5ce33e5e4115451865ff317b3d8e6fe009a7a2ed56b5a6d47,meter_006,1,1,0
compound_multi_step,1,interactive_runtime_acceptance,,1.0,3,3,0,1.0,,,0.0,success,generated,seraedit_rule_v1,local_rule,1,0,en,112.45990000043093,1,1.0,1.0,1,0,84022f4f333877961df4f16cbd531db87b3ad5ad0fcc9553b6287e379bbace06,1,f18bb2953b250c7d9ef6d27c2d633262159531767d810285802d65b0ad8541cd,1,112.45990000043093,0.0,experiments/runtime_acceptance_core_bilingual_r3_v4_20260826/raw_outputs/compound_006__en__r1.json,0,0,0,0,0,1,local_first,compound_006:en:r1,0,,3294ce65b27a5aac2c370edbd2f175dc61ca408a1b4d8f1ae12e43e694277a9f,compound_006,1,1,0
compound_multi_step,1,interactive_runtime_acceptance,,1.0,3,3,0,1.0,,,0.0,success,generated,seraedit_rule_v1,local_rule,1,0,en,111.31079999995563,1,1.0,1.0,1,0,84022f4f333877961df4f16cbd531db87b3ad5ad0fcc9553b6287e379bbace06,1,f18bb2953b250c7d9ef6d27c2d633262159531767d810285802d65b0ad8541cd,1,111.31079999995563,0.0,experiments/runtime_acceptance_core_bilingual_r3_v4_20260826/raw_outputs/compound_006__en__r2.json,0,0,0,0,0,2,local_first,compound_006:en:r2,0,,3294ce65b27a5aac2c370edbd2f175dc61ca408a1b4d8f1ae12e43e694277a9f,compound_006,1,1,0
compound_multi_step,1,interactive_runtime_acceptance,,1.0,3,3,0,1.0,,,0.0,success,generated,seraedit_rule_v1,local_rule,1,0,en,138.72080000055576,1,1.0,1.0,1,0,84022f4f333877961df4f16cbd531db87b3ad5ad0fcc9553b6287e379bbace06,1,f18bb2953b250c7d9ef6d27c2d633262159531767d810285802d65b0ad8541cd,1,138.72080000055576,0.0,experiments/runtime_acceptance_core_bilingual_r3_v4_20260826/raw_outputs/compound_006__en__r3.json,0,0,0,0,0,3,local_first,compound_006:en:r3,0,,3294ce65b27a5aac2c370edbd2f175dc61ca408a1b4d8f1ae12e43e694277a9f,compound_006,1,1,0
compound_multi_step,1,interactive_runtime_acceptance,,1.0,3,3,0,1.0,,,0.0,success,generated,seraedit_rule_v1,local_rule,1,0,zh,115.87359999975888,1,1.0,1.0,1,0,4b3ea84724d21143e5ebdcd7c1eca3544eb05cfe510703300f9cd06389a1eeee,1,f18bb2953b250c7d9ef6d27c2d633262159531767d810285802d65b0ad8541cd,1,115.87359999975888,0.0,experiments/runtime_acceptance_core_bilingual_r3_v4_20260826/raw_outputs/compound_006__zh__r1.json,0,0,0,0,0,1,local_first,compound_006:zh:r1,0,,3294ce65b27a5aac2c370edbd2f175dc61ca408a1b4d8f1ae12e43e694277a9f,compound_006,1,1,0
compound_multi_step,1,interactive_runtime_acceptance,,1.0,3,3,0,1.0,,,0.0,success,generated,seraedit_rule_v1,local_rule,1,0,zh,119.04020000019955,1,1.0,1.0,1,0,4b3ea84724d21143e5ebdcd7c1eca3544eb05cfe510703300f9cd06389a1eeee,1,f18bb2953b250c7d9ef6d27c2d633262159531767d810285802d65b0ad8541cd,1,119.04020000019955,0.0,experiments/runtime_acceptance_core_bilingual_r3_v4_20260826/raw_outputs/compound_006__zh__r2.json,0,0,0,0,0,2,local_first,compound_006:zh:r2,0,,3294ce65b27a5aac2c370edbd2f175dc61ca408a1b4d8f1ae12e43e694277a9f,compound_006,1,1,0
compound_multi_step,1,interactive_runtime_acceptance,,1.0,3,3,0,1.0,,,0.0,success,generated,seraedit_rule_v1,local_rule,1,0,zh,111.4276999996946,1,1.0,1.0,1,0,4b3ea84724d21143e5ebdcd7c1eca3544eb05cfe510703300f9cd06389a1eeee,1,f18bb2953b250c7d9ef6d27c2d633262159531767d810285802d65b0ad8541cd,1,111.4276999996946,0.0,experiments/runtime_acceptance_core_bilingual_r3_v4_20260826/raw_outputs/compound_006__zh__r3.json,0,0,0,0,0,3,local_first,compound_006:zh:r3,0,,3294ce65b27a5aac2c370edbd2f175dc61ca408a1b4d8f1ae12e43e694277a9f,compound_006,1,1,0
conflicting_or_unsupported,1,interactive_runtime_acceptance,,1.0,1,1,1,1.0,,,0.0,refuse,refused,seraedit_rule_v1,local_rule,0,0,en,0.7638999995833728,,1.0,1.0,0,0,74234e98afe7498fb5daf1f36ac2d78acc339464f950703b8c019892f982b90b,0,refused,0,0.7638999995833728,0.0,experiments/runtime_acceptance_core_bilingual_r3_v4_20260826/raw_outputs/conflict_010__en__r1.json,1,0,0,0,0,1,local_first,conflict_010:en:r1,0,,d07935fefb9eb378b16d51bcd1510040077a17127c632f31657c65ebe9093765,conflict_010,1,0,0
conflicting_or_unsupported,1,interactive_runtime_acceptance,,1.0,1,1,1,1.0,,,0.0,refuse,refused,seraedit_rule_v1,local_rule,0,0,en,0.7186999991972698,,1.0,1.0,0,0,74234e98afe7498fb5daf1f36ac2d78acc339464f950703b8c019892f982b90b,0,refused,0,0.7186999991972698,0.0,experiments/runtime_acceptance_core_bilingual_r3_v4_20260826/raw_outputs/conflict_010__en__r2.json,1,0,0,0,0,2,local_first,conflict_010:en:r2,0,,d07935fefb9eb378b16d51bcd1510040077a17127c632f31657c65ebe9093765,conflict_010,1,0,0
conflicting_or_unsupported,1,interactive_runtime_acceptance,,1.0,1,1,1,1.0,,,0.0,refuse,refused,seraedit_rule_v1,local_rule,0,0,en,0.7685000000492437,,1.0,1.0,0,0,74234e98afe7498fb5daf1f36ac2d78acc339464f950703b8c019892f982b90b,0,refused,0,0.7685000000492437,0.0,experiments/runtime_acceptance_core_bilingual_r3_v4_20260826/raw_outputs/conflict_010__en__r3.json,1,0,0,0,0,3,local_first,conflict_010:en:r3,0,,d07935fefb9eb378b16d51bcd1510040077a17127c632f31657c65ebe9093765,conflict_010,1,0,0
conflicting_or_unsupported,1,interactive_runtime_acceptance,,1.0,1,1,1,1.0,,,0.0,refuse,refused,seraedit_rule_v1,local_rule,0,0,zh,0.5648000005749054,,1.0,1.0,0,0,74234e98afe7498fb5daf1f36ac2d78acc339464f950703b8c019892f982b90b,0,refused,0,0.5648000005749054,0.0,experiments/runtime_acceptance_core_bilingual_r3_v4_20260826/raw_outputs/conflict_010__zh__r1.json,1,0,0,0,0,1,local_first,conflict_010:zh:r1,0,,d07935fefb9eb378b16d51bcd1510040077a17127c632f31657c65ebe9093765,conflict_010,1,0,0
conflicting_or_unsupported,1,interactive_runtime_acceptance,,1.0,1,1,1,1.0,,,0.0,refuse,refused,seraedit_rule_v1,local_rule,0,0,zh,0.8182999999917229,,1.0,1.0,0,0,74234e98afe7498fb5daf1f36ac2d78acc339464f950703b8c019892f982b90b,0,refused,0,0.8182999999917229,0.0,experiments/runtime_acceptance_core_bilingual_r3_v4_20260826/raw_outputs/conflict_010__zh__r2.json,1,0,0,0,0,2,local_first,conflict_010:zh:r2,0,,d07935fefb9eb378b16d51bcd1510040077a17127c632f31657c65ebe9093765,conflict_010,1,0,0
conflicting_or_unsupported,1,interactive_runtime_acceptance,,1.0,1,1,1,1.0,,,0.0,refuse,refused,seraedit_rule_v1,local_rule,0,0,zh,0.5964000001768,,1.0,1.0,0,0,74234e98afe7498fb5daf1f36ac2d78acc339464f950703b8c019892f982b90b,0,refused,0,0.5964000001768,0.0,experiments/runtime_acceptance_core_bilingual_r3_v4_20260826/raw_outputs/conflict_010__zh__r3.json,1,0,0,0,0,3,local_first,conflict_010:zh:r3,0,,d07935fefb9eb378b16d51bcd1510040077a17127c632f31657c65ebe9093765,conflict_010,1,0,0
pitch_transposition,1,interactive_runtime_acceptance,,1.0,2,2,0,1.0,,,0.0,success,generated,seraedit_rule_v1,local_rule,1,0,en,119.98959999982617,1,1.0,1.0,1,0,af94f07d27d98ec3ba9e45e26455380dadec921340a1a6e7fd73bb8478b65329,1,b30574ac8e56bda32671127cb9008944f03236a1b48e89b7b1ab7124e4c43280,1,119.98959999982617,0.0,experiments/runtime_acceptance_core_bilingual_r3_v4_20260826/raw_outputs/pitch_012__en__r1.json,0,0,0,0,0,1,local_first,pitch_012:en:r1,0,,c6cc9641b2ddb5faffc043dd56e75be4b543b630a1cad6b64c612327e81a2e13,pitch_012,1,1,0
pitch_transposition,1,interactive_runtime_acceptance,,1.0,2,2,0,1.0,,,0.0,success,generated,seraedit_rule_v1,local_rule,1,0,en,92.6039000005403,1,1.0,1.0,1,0,af94f07d27d98ec3ba9e45e26455380dadec921340a1a6e7fd73bb8478b65329,1,b30574ac8e56bda32671127cb9008944f03236a1b48e89b7b1ab7124e4c43280,1,92.6039000005403,0.0,experiments/runtime_acceptance_core_bilingual_r3_v4_20260826/raw_outputs/pitch_012__en__r2.json,0,0,0,0,0,2,local_first,pitch_012:en:r2,0,,c6cc9641b2ddb5faffc043dd56e75be4b543b630a1cad6b64c612327e81a2e13,pitch_012,1,1,0
pitch_transposition,1,interactive_runtime_acceptance,,1.0,2,2,0,1.0,,,0.0,success,generated,seraedit_rule_v1,local_rule,1,0,en,90.76920000006794,1,1.0,1.0,1,0,af94f07d27d98ec3ba9e45e26455380dadec921340a1a6e7fd73bb8478b65329,1,b30574ac8e56bda32671127cb9008944f03236a1b48e89b7b1ab7124e4c43280,1,90.76920000006794,0.0,experiments/runtime_acceptance_core_bilingual_r3_v4_20260826/raw_outputs/pitch_012__en__r3.json,0,0,0,0,0,3,local_first,pitch_012:en:r3,0,,c6cc9641b2ddb5faffc043dd56e75be4b543b630a1cad6b64c612327e81a2e13,pitch_012,1,1,0
pitch_transposition,1,interactive_runtime_acceptance,,1.0,2,2,0,1.0,,,0.0,success,generated,seraedit_rule_v1,local_rule,1,0,zh,87.12550000018382,1,1.0,1.0,1,0,f5b072687ed05b3e11645c335ba94f3ba8c0473f8e60acf646c447060ca9310e,1,b30574ac8e56bda32671127cb9008944f03236a1b48e89b7b1ab7124e4c43280,1,87.12550000018382,0.0,experiments/runtime_acceptance_core_bilingual_r3_v4_20260826/raw_outputs/pitch_012__zh__r1.json,0,0,0,0,0,1,local_first,pitch_012:zh:r1,0,,c6cc9641b2ddb5faffc043dd56e75be4b543b630a1cad6b64c612327e81a2e13,pitch_012,1,1,0
pitch_transposition,1,interactive_runtime_acceptance,,1.0,2,2,0,1.0,,,0.0,success,generated,seraedit_rule_v1,local_rule,1,0,zh,89.61079999971844,1,1.0,1.0,1,0,f5b072687ed05b3e11645c335ba94f3ba8c0473f8e60acf646c447060ca9310e,1,b30574ac8e56bda32671127cb9008944f03236a1b48e89b7b1ab7124e4c43280,1,89.61079999971844,0.0,experiments/runtime_acceptance_core_bilingual_r3_v4_20260826/raw_outputs/pitch_012__zh__r2.json,0,0,0,0,0,2,local_first,pitch_012:zh:r2,0,,c6cc9641b2ddb5faffc043dd56e75be4b543b630a1cad6b64c612327e81a2e13,pitch_012,1,1,0
pitch_transposition,1,interactive_runtime_acceptance,,1.0,2,2,0,1.0,,,0.0,success,generated,seraedit_rule_v1,local_rule,1,0,zh,88.15969999977824,1,1.0,1.0,1,0,f5b072687ed05b3e11645c335ba94f3ba8c0473f8e60acf646c447060ca9310e,1,b30574ac8e56bda32671127cb9008944f03236a1b48e89b7b1ab7124e4c43280,1,88.15969999977824,0.0,experiments/runtime_acceptance_core_bilingual_r3_v4_20260826/raw_outputs/pitch_012__zh__r3.json,0,0,0,0,0,3,local_first,pitch_012:zh:r3,0,,c6cc9641b2ddb5faffc043dd56e75be4b543b630a1cad6b64c612327e81a2e13,pitch_012,1,1,0
rhythm_duration,1,interactive_runtime_acceptance,,1.0,2,2,0,1.0,,,0.0,success,generated,seraedit_rule_v1,local_rule,1,0,en,112.387299999682,1,1.0,1.0,1,0,c110d9209a2c53a06fff23195f80bb8b6e209e3850a8bfbc26e55c953536732f,1,5f47d4913737426cbd52754fae8c0986f9512fc10742c51793a746db60a6806c,1,112.387299999682,0.0,experiments/runtime_acceptance_core_bilingual_r3_v4_20260826/raw_outputs/rhythm_012__en__r1.json,0,0,0,0,0,1,local_first,rhythm_012:en:r1,0,,622b5600d9e35f48159347c73ce8e8cc82c0946ab478c187a58e1063d6079b1b,rhythm_012,1,1,0
rhythm_duration,1,interactive_runtime_acceptance,,1.0,2,2,0,1.0,,,0.0,success,generated,seraedit_rule_v1,local_rule,1,0,en,89.13009999923815,1,1.0,1.0,1,0,c110d9209a2c53a06fff23195f80bb8b6e209e3850a8bfbc26e55c953536732f,1,5f47d4913737426cbd52754fae8c0986f9512fc10742c51793a746db60a6806c,1,89.13009999923815,0.0,experiments/runtime_acceptance_core_bilingual_r3_v4_20260826/raw_outputs/rhythm_012__en__r2.json,0,0,0,0,0,2,local_first,rhythm_012:en:r2,0,,622b5600d9e35f48159347c73ce8e8cc82c0946ab478c187a58e1063d6079b1b,rhythm_012,1,1,0
rhythm_duration,1,interactive_runtime_acceptance,,1.0,2,2,0,1.0,,,0.0,success,generated,seraedit_rule_v1,local_rule,1,0,en,90.59669999987818,1,1.0,1.0,1,0,c110d9209a2c53a06fff23195f80bb8b6e209e3850a8bfbc26e55c953536732f,1,5f47d4913737426cbd52754fae8c0986f9512fc10742c51793a746db60a6806c,1,90.59669999987818,0.0,experiments/runtime_acceptance_core_bilingual_r3_v4_20260826/raw_outputs/rhythm_012__en__r3.json,0,0,0,0,0,3,local_first,rhythm_012:en:r3,0,,622b5600d9e35f48159347c73ce8e8cc82c0946ab478c187a58e1063d6079b1b,rhythm_012,1,1,0
rhythm_duration,1,interactive_runtime_acceptance,,1.0,2,2,0,1.0,,,0.0,success,generated,seraedit_rule_v1,local_rule,1,0,zh,92.50320000046486,1,1.0,1.0,1,0,0ec5a04d0d12a24ba98bb055d079c07554269ab0281cd5a7bdb3200c440563ed,1,5f47d4913737426cbd52754fae8c0986f9512fc10742c51793a746db60a6806c,1,92.50320000046486,0.0,experiments/runtime_acceptance_core_bilingual_r3_v4_20260826/raw_outputs/rhythm_012__zh__r1.json,0,0,0,0,0,1,local_first,rhythm_012:zh:r1,0,,622b5600d9e35f48159347c73ce8e8cc82c0946ab478c187a58e1063d6079b1b,rhythm_012,1,1,0
rhythm_duration,1,interactive_runtime_acceptance,,1.0,2,2,0,1.0,,,0.0,success,generated,seraedit_rule_v1,local_rule,1,0,zh,88.21110000008048,1,1.0,1.0,1,0,0ec5a04d0d12a24ba98bb055d079c07554269ab0281cd5a7bdb3200c440563ed,1,5f47d4913737426cbd52754fae8c0986f9512fc10742c51793a746db60a6806c,1,88.21110000008048,0.0,experiments/runtime_acceptance_core_bilingual_r3_v4_20260826/raw_outputs/rhythm_012__zh__r2.json,0,0,0,0,0,2,local_first,rhythm_012:zh:r2,0,,622b5600d9e35f48159347c73ce8e8cc82c0946ab478c187a58e1063d6079b1b,rhythm_012,1,1,0
rhythm_duration,1,interactive_runtime_acceptance,,1.0,2,2,0,1.0,,,0.0,success,generated,seraedit_rule_v1,local_rule,1,0,zh,116.48090000016964,1,1.0,1.0,1,0,0ec5a04d0d12a24ba98bb055d079c07554269ab0281cd5a7bdb3200c440563ed,1,5f47d4913737426cbd52754fae8c0986f9512fc10742c51793a746db60a6806c,1,116.48090000016964,0.0,experiments/runtime_acceptance_core_bilingual_r3_v4_20260826/raw_outputs/rhythm_012__zh__r3.json,0,0,0,0,0,3,local_first,rhythm_012:zh:r3,0,,622b5600d9e35f48159347c73ce8e8cc82c0946ab478c187a58e1063d6079b1b,rhythm_012,1,1,0
key_harmony,1,interactive_runtime_acceptance,,1.0,2,2,0,1.0,,,0.0,success,generated,seraedit_rule_v1,local_rule,1,0,en,82.31520000026649,1,1.0,1.0,1,0,412e0b49b0e8461e88de8e7e0b6dcf080ae9809fdbd04ff17533bd537cbdd67e,1,0c871b38ea93191a0aa3404a9e79669452f1e7a23c0487fe111abcd7d581ee8d,1,82.31520000026649,0.0,experiments/runtime_acceptance_core_bilingual_r3_v4_20260826/raw_outputs/key_012__en__r1.json,0,0,0,0,0,1,local_first,key_012:en:r1,0,,126c37da9e623040222addd9299ba1df1f6269b0f69f854831198c4b4edc3317,key_012,1,1,0
key_harmony,1,interactive_runtime_acceptance,,1.0,2,2,0,1.0,,,0.0,success,generated,seraedit_rule_v1,local_rule,1,0,en,83.59480000035546,1,1.0,1.0,1,0,412e0b49b0e8461e88de8e7e0b6dcf080ae9809fdbd04ff17533bd537cbdd67e,1,0c871b38ea93191a0aa3404a9e79669452f1e7a23c0487fe111abcd7d581ee8d,1,83.59480000035546,0.0,experiments/runtime_acceptance_core_bilingual_r3_v4_20260826/raw_outputs/key_012__en__r2.json,0,0,0,0,0,2,local_first,key_012:en:r2,0,,126c37da9e623040222addd9299ba1df1f6269b0f69f854831198c4b4edc3317,key_012,1,1,0
key_harmony,1,interactive_runtime_acceptance,,1.0,2,2,0,1.0,,,0.0,success,generated,seraedit_rule_v1,local_rule,1,0,en,86.51310000004742,1,1.0,1.0,1,0,412e0b49b0e8461e88de8e7e0b6dcf080ae9809fdbd04ff17533bd537cbdd67e,1,0c871b38ea93191a0aa3404a9e79669452f1e7a23c0487fe111abcd7d581ee8d,1,86.51310000004742,0.0,experiments/runtime_acceptance_core_bilingual_r3_v4_20260826/raw_outputs/key_012__en__r3.json,0,0,0,0,0,3,local_first,key_012:en:r3,0,,126c37da9e623040222addd9299ba1df1f6269b0f69f854831198c4b4edc3317,key_012,1,1,0
key_harmony,1,interactive_runtime_acceptance,,1.0,2,2,0,1.0,,,0.0,success,generated,seraedit_rule_v1,local_rule,1,0,zh,75.99759999993694,1,1.0,1.0,1,0,f5b38e4ed98b497ef1fe66a882bcf1141da36bfdc9e37f43a89f2af2dd472edc,1,0c871b38ea93191a0aa3404a9e79669452f1e7a23c0487fe111abcd7d581ee8d,1,75.99759999993694,0.0,experiments/runtime_acceptance_core_bilingual_r3_v4_20260826/raw_outputs/key_012__zh__r1.json,0,0,0,0,0,1,local_first,key_012:zh:r1,0,,126c37da9e623040222addd9299ba1df1f6269b0f69f854831198c4b4edc3317,key_012,1,1,0
key_harmony,1,interactive_runtime_acceptance,,1.0,2,2,0,1.0,,,0.0,success,generated,seraedit_rule_v1,local_rule,1,0,zh,82.88240000001679,1,1.0,1.0,1,0,f5b38e4ed98b497ef1fe66a882bcf1141da36bfdc9e37f43a89f2af2dd472edc,1,0c871b38ea93191a0aa3404a9e79669452f1e7a23c0487fe111abcd7d581ee8d,1,82.88240000001679,0.0,experiments/runtime_acceptance_core_bilingual_r3_v4_20260826/raw_outputs/key_012__zh__r2.json,0,0,0,0,0,2,local_first,key_012:zh:r2,0,,126c37da9e623040222addd9299ba1df1f6269b0f69f854831198c4b4edc3317,key_012,1,1,0
key_harmony,1,interactive_runtime_acceptance,,1.0,2,2,0,1.0,,,0.0,success,generated,seraedit_rule_v1,local_rule,1,0,zh,80.70950000001176,1,1.0,1.0,1,0,f5b38e4ed98b497ef1fe66a882bcf1141da36bfdc9e37f43a89f2af2dd472edc,1,0c871b38ea93191a0aa3404a9e79669452f1e7a23c0487fe111abcd7d581ee8d,1,80.70950000001176,0.0,experiments/runtime_acceptance_core_bilingual_r3_v4_20260826/raw_outputs/key_012__zh__r3.json,0,0,0,0,0,3,local_first,key_012:zh:r3,0,,126c37da9e623040222addd9299ba1df1f6269b0f69f854831198c4b4edc3317,key_012,1,1,0
voice_texture,1,interactive_runtime_acceptance,,1.0,6,6,0,1.0,,,0.0,success,generated,seraedit_rule_v1,local_rule,1,0,en,76.75469999958295,1,1.0,1.0,1,0,0b243935a35c13aecf79ecf9ef417f43b5d44bcea15d953f86c12fc26f8b990a,1,bb0fec5a02c0792153ad5e564da900aa995060883e5c1db8d9d942b08f78a2fc,1,76.75469999958295,0.0,experiments/runtime_acceptance_core_bilingual_r3_v4_20260826/raw_outputs/voice_009__en__r1.json,0,0,0,0,0,1,local_first,voice_009:en:r1,0,,fbbaa79ed4e86c513da81d4d1682d724bcc602354e1919fe2f10a914fa80a353,voice_009,1,1,0
voice_texture,1,interactive_runtime_acceptance,,1.0,6,6,0,1.0,,,0.0,success,generated,seraedit_rule_v1,local_rule,1,0,en,77.45660000000498,1,1.0,1.0,1,0,0b243935a35c13aecf79ecf9ef417f43b5d44bcea15d953f86c12fc26f8b990a,1,bb0fec5a02c0792153ad5e564da900aa995060883e5c1db8d9d942b08f78a2fc,1,77.45660000000498,0.0,experiments/runtime_acceptance_core_bilingual_r3_v4_20260826/raw_outputs/voice_009__en__r2.json,0,0,0,0,0,2,local_first,voice_009:en:r2,0,,fbbaa79ed4e86c513da81d4d1682d724bcc602354e1919fe2f10a914fa80a353,voice_009,1,1,0
voice_texture,1,interactive_runtime_acceptance,,1.0,6,6,0,1.0,,,0.0,success,generated,seraedit_rule_v1,local_rule,1,0,en,89.10840000044118,1,1.0,1.0,1,0,0b243935a35c13aecf79ecf9ef417f43b5d44bcea15d953f86c12fc26f8b990a,1,bb0fec5a02c0792153ad5e564da900aa995060883e5c1db8d9d942b08f78a2fc,1,89.10840000044118,0.0,experiments/runtime_acceptance_core_bilingual_r3_v4_20260826/raw_outputs/voice_009__en__r3.json,0,0,0,0,0,3,local_first,voice_009:en:r3,0,,fbbaa79ed4e86c513da81d4d1682d724bcc602354e1919fe2f10a914fa80a353,voice_009,1,1,0
voice_texture,1,interactive_runtime_acceptance,,1.0,6,6,0,1.0,,,0.0,success,generated,seraedit_rule_v1,local_rule,1,0,zh,85.7255000000805,1,1.0,1.0,1,0,da994b3a735f8e2ade7dc8fc680de1692fd902ee5cc578a031340405c98d705a,1,bb0fec5a02c0792153ad5e564da900aa995060883e5c1db8d9d942b08f78a2fc,1,85.7255000000805,0.0,experiments/runtime_acceptance_core_bilingual_r3_v4_20260826/raw_outputs/voice_009__zh__r1.json,0,0,0,0,0,1,local_first,voice_009:zh:r1,0,,fbbaa79ed4e86c513da81d4d1682d724bcc602354e1919fe2f10a914fa80a353,voice_009,1,1,0
voice_texture,1,interactive_runtime_acceptance,,1.0,6,6,0,1.0,,,0.0,success,generated,seraedit_rule_v1,local_rule,1,0,zh,101.33049999967625,1,1.0,1.0,1,0,da994b3a735f8e2ade7dc8fc680de1692fd902ee5cc578a031340405c98d705a,1,bb0fec5a02c0792153ad5e564da900aa995060883e5c1db8d9d942b08f78a2fc,1,101.33049999967625,0.0,experiments/runtime_acceptance_core_bilingual_r3_v4_20260826/raw_outputs/voice_009__zh__r2.json,0,0,0,0,0,2,local_first,voice_009:zh:r2,0,,fbbaa79ed4e86c513da81d4d1682d724bcc602354e1919fe2f10a914fa80a353,voice_009,1,1,0
voice_texture,1,interactive_runtime_acceptance,,1.0,6,6,0,1.0,,,0.0,success,generated,seraedit_rule_v1,local_rule,1,0,zh,89.33669999987615,1,1.0,1.0,1,0,da994b3a735f8e2ade7dc8fc680de1692fd902ee5cc578a031340405c98d705a,1,bb0fec5a02c0792153ad5e564da900aa995060883e5c1db8d9d942b08f78a2fc,1,89.33669999987615,0.0,experiments/runtime_acceptance_core_bilingual_r3_v4_20260826/raw_outputs/voice_009__zh__r3.json,0,0,0,0,0,3,local_first,voice_009:zh:r3,0,,fbbaa79ed4e86c513da81d4d1682d724bcc602354e1919fe2f10a914fa80a353,voice_009,1,1,0
ties_slurs_ornaments,1,interactive_runtime_acceptance,,1.0,4,4,0,1.0,,,0.0,success,generated,seraedit_rule_v1,local_rule,1,0,en,86.23069999975996,1,1.0,1.0,1,0,ae658571fe40d8674e6054701c6d00271af0db9dbc5e07c87afc4228fe2c3527,1,ec0bf84de0a578cf3f19cf06e90e705c8e6b162bd014ff80a30395ff890968a9,1,86.23069999975996,0.0,experiments/runtime_acceptance_core_bilingual_r3_v4_20260826/raw_outputs/ties_008__en__r1.json,0,0,0,0,0,1,local_first,ties_008:en:r1,0,,d9bfd641dbf507208c49d9479d558d84ea23059acc0bdc9bde2ca6edda1ee243,ties_008,1,1,0
ties_slurs_ornaments,1,interactive_runtime_acceptance,,1.0,4,4,0,1.0,,,0.0,success,generated,seraedit_rule_v1,local_rule,1,0,en,89.63479999965784,1,1.0,1.0,1,0,ae658571fe40d8674e6054701c6d00271af0db9dbc5e07c87afc4228fe2c3527,1,ec0bf84de0a578cf3f19cf06e90e705c8e6b162bd014ff80a30395ff890968a9,1,89.63479999965784,0.0,experiments/runtime_acceptance_core_bilingual_r3_v4_20260826/raw_outputs/ties_008__en__r2.json,0,0,0,0,0,2,local_first,ties_008:en:r2,0,,d9bfd641dbf507208c49d9479d558d84ea23059acc0bdc9bde2ca6edda1ee243,ties_008,1,1,0
ties_slurs_ornaments,1,interactive_runtime_acceptance,,1.0,4,4,0,1.0,,,0.0,success,generated,seraedit_rule_v1,local_rule,1,0,en,91.24690000044211,1,1.0,1.0,1,0,ae658571fe40d8674e6054701c6d00271af0db9dbc5e07c87afc4228fe2c3527,1,ec0bf84de0a578cf3f19cf06e90e705c8e6b162bd014ff80a30395ff890968a9,1,91.24690000044211,0.0,experiments/runtime_acceptance_core_bilingual_r3_v4_20260826/raw_outputs/ties_008__en__r3.json,0,0,0,0,0,3,local_first,ties_008:en:r3,0,,d9bfd641dbf507208c49d9479d558d84ea23059acc0bdc9bde2ca6edda1ee243,ties_008,1,1,0
ties_slurs_ornaments,1,interactive_runtime_acceptance,,1.0,4,4,0,1.0,,,0.0,success,generated,seraedit_rule_v1,local_rule,1,0,zh,125.9353999994346,1,1.0,1.0,1,0,70b2112d9b883c5cc49973b57f4fa0d87c9cbb4f05bd5e03ca014523b4c8ea4d,1,ec0bf84de0a578cf3f19cf06e90e705c8e6b162bd014ff80a30395ff890968a9,1,125.9353999994346,0.0,experiments/runtime_acceptance_core_bilingual_r3_v4_20260826/raw_outputs/ties_008__zh__r1.json,0,0,0,0,0,1,local_first,ties_008:zh:r1,0,,d9bfd641dbf507208c49d9479d558d84ea23059acc0bdc9bde2ca6edda1ee243,ties_008,1,1,0
ties_slurs_ornaments,1,interactive_runtime_acceptance,,1.0,4,4,0,1.0,,,0.0,success,generated,seraedit_rule_v1,local_rule,1,0,zh,93.35200000077748,1,1.0,1.0,1,0,70b2112d9b883c5cc49973b57f4fa0d87c9cbb4f05bd5e03ca014523b4c8ea4d,1,ec0bf84de0a578cf3f19cf06e90e705c8e6b162bd014ff80a30395ff890968a9,1,93.35200000077748,0.0,experiments/runtime_acceptance_core_bilingual_r3_v4_20260826/raw_outputs/ties_008__zh__r2.json,0,0,0,0,0,2,local_first,ties_008:zh:r2,0,,d9bfd641dbf507208c49d9479d558d84ea23059acc0bdc9bde2ca6edda1ee243,ties_008,1,1,0
ties_slurs_ornaments,1,interactive_runtime_acceptance,,1.0,4,4,0,1.0,,,0.0,success,generated,seraedit_rule_v1,local_rule,1,0,zh,92.22090000002936,1,1.0,1.0,1,0,70b2112d9b883c5cc49973b57f4fa0d87c9cbb4f05bd5e03ca014523b4c8ea4d,1,ec0bf84de0a578cf3f19cf06e90e705c8e6b162bd014ff80a30395ff890968a9,1,92.22090000002936,0.0,experiments/runtime_acceptance_core_bilingual_r3_v4_20260826/raw_outputs/ties_008__zh__r3.json,0,0,0,0,0,3,local_first,ties_008:zh:r3,0,,d9bfd641dbf507208c49d9479d558d84ea23059acc0bdc9bde2ca6edda1ee243,ties_008,1,1,0
meter_measure_structure,1,interactive_runtime_acceptance,,1.0,3,3,0,1.0,,,0.0,success,generated,seraedit_rule_v1,local_rule,1,0,en,86.10359999966022,1,1.0,1.0,1,0,5f9fd911e2fe364ae6ee2ca3707f1b2c9505dde8f302b71b8be730b774721b3e,1,de028780a1dc84ccb3a1ccd2477522788f4b2baa87e90e7a9532271d6248237d,1,86.10359999966022,0.0,experiments/runtime_acceptance_core_bilingual_r3_v4_20260826/raw_outputs/meter_007__en__r1.json,0,0,0,0,0,1,local_first,meter_007:en:r1,0,,4f1cf097d48cb3860058b259bced4d935ebe12b1e9d34dd7b53cd1e6bdfd2f7b,meter_007,1,1,0
meter_measure_structure,1,interactive_runtime_acceptance,,1.0,3,3,0,1.0,,,0.0,success,generated,seraedit_rule_v1,local_rule,1,0,en,77.32539999960863,1,1.0,1.0,1,0,5f9fd911e2fe364ae6ee2ca3707f1b2c9505dde8f302b71b8be730b774721b3e,1,de028780a1dc84ccb3a1ccd2477522788f4b2baa87e90e7a9532271d6248237d,1,77.32539999960863,0.0,experiments/runtime_acceptance_core_bilingual_r3_v4_20260826/raw_outputs/meter_007__en__r2.json,0,0,0,0,0,2,local_first,meter_007:en:r2,0,,4f1cf097d48cb3860058b259bced4d935ebe12b1e9d34dd7b53cd1e6bdfd2f7b,meter_007,1,1,0
meter_measure_structure,1,interactive_runtime_acceptance,,1.0,3,3,0,1.0,,,0.0,success,generated,seraedit_rule_v1,local_rule,1,0,en,83.50939999945695,1,1.0,1.0,1,0,5f9fd911e2fe364ae6ee2ca3707f1b2c9505dde8f302b71b8be730b774721b3e,1,de028780a1dc84ccb3a1ccd2477522788f4b2baa87e90e7a9532271d6248237d,1,83.50939999945695,0.0,experiments/runtime_acceptance_core_bilingual_r3_v4_20260826/raw_outputs/meter_007__en__r3.json,0,0,0,0,0,3,local_first,meter_007:en:r3,0,,4f1cf097d48cb3860058b259bced4d935ebe12b1e9d34dd7b53cd1e6bdfd2f7b,meter_007,1,1,0
meter_measure_structure,1,interactive_runtime_acceptance,,1.0,3,3,0,1.0,,,0.0,success,generated,seraedit_rule_v1,local_rule,1,0,zh,117.48589999933756,1,1.0,1.0,1,0,85e0b7b131b6c8e44837b6db977a7491a2680ddb03021d794e7d6f07cc83c9bd,1,de028780a1dc84ccb3a1ccd2477522788f4b2baa87e90e7a9532271d6248237d,1,117.48589999933756,0.0,experiments/runtime_acceptance_core_bilingual_r3_v4_20260826/raw_outputs/meter_007__zh__r1.json,0,0,0,0,0,1,local_first,meter_007:zh:r1,0,,4f1cf097d48cb3860058b259bced4d935ebe12b1e9d34dd7b53cd1e6bdfd2f7b,meter_007,1,1,0
meter_measure_structure,1,interactive_runtime_acceptance,,1.0,3,3,0,1.0,,,0.0,success,generated,seraedit_rule_v1,local_rule,1,0,zh,83.68560000053549,1,1.0,1.0,1,0,85e0b7b131b6c8e44837b6db977a7491a2680ddb03021d794e7d6f07cc83c9bd,1,de028780a1dc84ccb3a1ccd2477522788f4b2baa87e90e7a9532271d6248237d,1,83.68560000053549,0.0,experiments/runtime_acceptance_core_bilingual_r3_v4_20260826/raw_outputs/meter_007__zh__r2.json,0,0,0,0,0,2,local_first,meter_007:zh:r2,0,,4f1cf097d48cb3860058b259bced4d935ebe12b1e9d34dd7b53cd1e6bdfd2f7b,meter_007,1,1,0
meter_measure_structure,1,interactive_runtime_acceptance,,1.0,3,3,0,1.0,,,0.0,success,generated,seraedit_rule_v1,local_rule,1,0,zh,83.91860000028828,1,1.0,1.0,1,0,85e0b7b131b6c8e44837b6db977a7491a2680ddb03021d794e7d6f07cc83c9bd,1,de028780a1dc84ccb3a1ccd2477522788f4b2baa87e90e7a9532271d6248237d,1,83.91860000028828,0.0,experiments/runtime_acceptance_core_bilingual_r3_v4_20260826/raw_outputs/meter_007__zh__r3.json,0,0,0,0,0,3,local_first,meter_007:zh:r3,0,,4f1cf097d48cb3860058b259bced4d935ebe12b1e9d34dd7b53cd1e6bdfd2f7b,meter_007,1,1,0
compound_multi_step,1,interactive_runtime_acceptance,,1.0,3,3,0,1.0,,,0.0,success,generated,seraedit_rule_v1,local_rule,1,0,en,78.72850000057952,1,1.0,1.0,1,0,96bf5428bebe42cdb502f208acd1cc6739a8765bca4e0ee65765fe9686c62b34,1,dd5cbaf01b2fa9ea6d27133e93bab19c66bcfaf456883173bf2205322eecdc8a,1,78.72850000057952,0.0,experiments/runtime_acceptance_core_bilingual_r3_v4_20260826/raw_outputs/compound_007__en__r1.json,0,0,0,0,0,1,local_first,compound_007:en:r1,0,,03d0c0ae536302810a73bb0a2537a0f1e7d91cd3408c416a98b348e9179ca0e3,compound_007,1,1,0
compound_multi_step,1,interactive_runtime_acceptance,,1.0,3,3,0,1.0,,,0.0,success,generated,seraedit_rule_v1,local_rule,1,0,en,82.31990000058431,1,1.0,1.0,1,0,96bf5428bebe42cdb502f208acd1cc6739a8765bca4e0ee65765fe9686c62b34,1,dd5cbaf01b2fa9ea6d27133e93bab19c66bcfaf456883173bf2205322eecdc8a,1,82.31990000058431,0.0,experiments/runtime_acceptance_core_bilingual_r3_v4_20260826/raw_outputs/compound_007__en__r2.json,0,0,0,0,0,2,local_first,compound_007:en:r2,0,,03d0c0ae536302810a73bb0a2537a0f1e7d91cd3408c416a98b348e9179ca0e3,compound_007,1,1,0
compound_multi_step,1,interactive_runtime_acceptance,,1.0,3,3,0,1.0,,,0.0,success,generated,seraedit_rule_v1,local_rule,1,0,en,73.0623999997988,1,1.0,1.0,1,0,96bf5428bebe42cdb502f208acd1cc6739a8765bca4e0ee65765fe9686c62b34,1,dd5cbaf01b2fa9ea6d27133e93bab19c66bcfaf456883173bf2205322eecdc8a,1,73.0623999997988,0.0,experiments/runtime_acceptance_core_bilingual_r3_v4_20260826/raw_outputs/compound_007__en__r3.json,0,0,0,0,0,3,local_first,compound_007:en:r3,0,,03d0c0ae536302810a73bb0a2537a0f1e7d91cd3408c416a98b348e9179ca0e3,compound_007,1,1,0
compound_multi_step,1,interactive_runtime_acceptance,,1.0,3,3,0,1.0,,,0.0,success,generated,seraedit_rule_v1,local_rule,1,0,zh,96.20369999993272,1,1.0,1.0,1,0,27f63ba2d9c65c3efb03956d2e3d459174e0a00abdc97ca2ec536fe0e224dc14,1,dd5cbaf01b2fa9ea6d27133e93bab19c66bcfaf456883173bf2205322eecdc8a,1,96.20369999993272,0.0,experiments/runtime_acceptance_core_bilingual_r3_v4_20260826/raw_outputs/compound_007__zh__r1.json,0,0,0,0,0,1,local_first,compound_007:zh:r1,0,,03d0c0ae536302810a73bb0a2537a0f1e7d91cd3408c416a98b348e9179ca0e3,compound_007,1,1,0
compound_multi_step,1,interactive_runtime_acceptance,,1.0,3,3,0,1.0,,,0.0,success,generated,seraedit_rule_v1,local_rule,1,0,zh,78.50359999974899,1,1.0,1.0,1,0,27f63ba2d9c65c3efb03956d2e3d459174e0a00abdc97ca2ec536fe0e224dc14,1,dd5cbaf01b2fa9ea6d27133e93bab19c66bcfaf456883173bf2205322eecdc8a,1,78.50359999974899,0.0,experiments/runtime_acceptance_core_bilingual_r3_v4_20260826/raw_outputs/compound_007__zh__r2.json,0,0,0,0,0,2,local_first,compound_007:zh:r2,0,,03d0c0ae536302810a73bb0a2537a0f1e7d91cd3408c416a98b348e9179ca0e3,compound_007,1,1,0
compound_multi_step,1,interactive_runtime_acceptance,,1.0,3,3,0,1.0,,,0.0,success,generated,seraedit_rule_v1,local_rule,1,0,zh,73.47700000082114,1,1.0,1.0,1,0,27f63ba2d9c65c3efb03956d2e3d459174e0a00abdc97ca2ec536fe0e224dc14,1,dd5cbaf01b2fa9ea6d27133e93bab19c66bcfaf456883173bf2205322eecdc8a,1,73.47700000082114,0.0,experiments/runtime_acceptance_core_bilingual_r3_v4_20260826/raw_outputs/compound_007__zh__r3.json,0,0,0,0,0,3,local_first,compound_007:zh:r3,0,,03d0c0ae536302810a73bb0a2537a0f1e7d91cd3408c416a98b348e9179ca0e3,compound_007,1,1,0
pitch_transposition,1,interactive_runtime_acceptance,,1.0,2,2,0,1.0,,,0.0,success,generated,seraedit_rule_v1,local_rule,1,0,en,73.44800000009855,1,1.0,1.0,1,0,b0be457b53b229af48bc1f51875488822aaf3058a679bba19b3c12569a7f61c6,1,1af11d221e88bb388be21171b72f390f67219c73ba3637e21acdb8062c4e3668,1,73.44800000009855,0.0,experiments/runtime_acceptance_core_bilingual_r3_v4_20260826/raw_outputs/pitch_013__en__r1.json,0,0,0,0,0,1,local_first,pitch_013:en:r1,0,,d9c3177764cfb7c5278c0937b0ed25b6d9dc3d9c6f10c053e9a448e85fbb916e,pitch_013,1,1,0
pitch_transposition,1,interactive_runtime_acceptance,,1.0,2,2,0,1.0,,,0.0,success,generated,seraedit_rule_v1,local_rule,1,0,en,80.50720000028377,1,1.0,1.0,1,0,b0be457b53b229af48bc1f51875488822aaf3058a679bba19b3c12569a7f61c6,1,1af11d221e88bb388be21171b72f390f67219c73ba3637e21acdb8062c4e3668,1,80.50720000028377,0.0,experiments/runtime_acceptance_core_bilingual_r3_v4_20260826/raw_outputs/pitch_013__en__r2.json,0,0,0,0,0,2,local_first,pitch_013:en:r2,0,,d9c3177764cfb7c5278c0937b0ed25b6d9dc3d9c6f10c053e9a448e85fbb916e,pitch_013,1,1,0
pitch_transposition,1,interactive_runtime_acceptance,,1.0,2,2,0,1.0,,,0.0,success,generated,seraedit_rule_v1,local_rule,1,0,en,81.51610000004439,1,1.0,1.0,1,0,b0be457b53b229af48bc1f51875488822aaf3058a679bba19b3c12569a7f61c6,1,1af11d221e88bb388be21171b72f390f67219c73ba3637e21acdb8062c4e3668,1,81.51610000004439,0.0,experiments/runtime_acceptance_core_bilingual_r3_v4_20260826/raw_outputs/pitch_013__en__r3.json,0,0,0,0,0,3,local_first,pitch_013:en:r3,0,,d9c3177764cfb7c5278c0937b0ed25b6d9dc3d9c6f10c053e9a448e85fbb916e,pitch_013,1,1,0
pitch_transposition,1,interactive_runtime_acceptance,,1.0,2,2,0,1.0,,,0.0,success,generated,seraedit_rule_v1,local_rule,1,0,zh,79.64700000047742,1,1.0,1.0,1,0,16818f158a27dcf74098d1b2d28800b3c55767519c6a59b7b971ad421c4d96c4,1,1af11d221e88bb388be21171b72f390f67219c73ba3637e21acdb8062c4e3668,1,79.64700000047742,0.0,experiments/runtime_acceptance_core_bilingual_r3_v4_20260826/raw_outputs/pitch_013__zh__r1.json,0,0,0,0,0,1,local_first,pitch_013:zh:r1,0,,d9c3177764cfb7c5278c0937b0ed25b6d9dc3d9c6f10c053e9a448e85fbb916e,pitch_013,1,1,0
pitch_transposition,1,interactive_runtime_acceptance,,1.0,2,2,0,1.0,,,0.0,success,generated,seraedit_rule_v1,local_rule,1,0,zh,97.35850000015489,1,1.0,1.0,1,0,16818f158a27dcf74098d1b2d28800b3c55767519c6a59b7b971ad421c4d96c4,1,1af11d221e88bb388be21171b72f390f67219c73ba3637e21acdb8062c4e3668,1,97.35850000015489,0.0,experiments/runtime_acceptance_core_bilingual_r3_v4_20260826/raw_outputs/pitch_013__zh__r2.json,0,0,0,0,0,2,local_first,pitch_013:zh:r2,0,,d9c3177764cfb7c5278c0937b0ed25b6d9dc3d9c6f10c053e9a448e85fbb916e,pitch_013,1,1,0
pitch_transposition,1,interactive_runtime_acceptance,,1.0,2,2,0,1.0,,,0.0,success,generated,seraedit_rule_v1,local_rule,1,0,zh,79.332099999192,1,1.0,1.0,1,0,16818f158a27dcf74098d1b2d28800b3c55767519c6a59b7b971ad421c4d96c4,1,1af11d221e88bb388be21171b72f390f67219c73ba3637e21acdb8062c4e3668,1,79.332099999192,0.0,experiments/runtime_acceptance_core_bilingual_r3_v4_20260826/raw_outputs/pitch_013__zh__r3.json,0,0,0,0,0,3,local_first,pitch_013:zh:r3,0,,d9c3177764cfb7c5278c0937b0ed25b6d9dc3d9c6f10c053e9a448e85fbb916e,pitch_013,1,1,0
rhythm_duration,1,interactive_runtime_acceptance,,1.0,2,2,0,1.0,,,0.0,success,generated,seraedit_rule_v1,local_rule,1,0,en,79.06389999970997,1,1.0,1.0,1,0,7ea6272ca0dad4db6be911061253d4ba061e15875167b18117500d9d17e7d631,1,74cc3e5c355ace5b1c7d654f77eef2f9809c53e66a671a0b7c76c632a0f92692,1,79.06389999970997,0.0,experiments/runtime_acceptance_core_bilingual_r3_v4_20260826/raw_outputs/rhythm_013__en__r1.json,0,0,0,0,0,1,local_first,rhythm_013:en:r1,0,,6b1d235dc4980f52563400b36fd38228cb810d7ec35ff5617f2f6559a798eda1,rhythm_013,1,1,0
rhythm_duration,1,interactive_runtime_acceptance,,1.0,2,2,0,1.0,,,0.0,success,generated,seraedit_rule_v1,local_rule,1,0,en,80.27240000046731,1,1.0,1.0,1,0,7ea6272ca0dad4db6be911061253d4ba061e15875167b18117500d9d17e7d631,1,74cc3e5c355ace5b1c7d654f77eef2f9809c53e66a671a0b7c76c632a0f92692,1,80.27240000046731,0.0,experiments/runtime_acceptance_core_bilingual_r3_v4_20260826/raw_outputs/rhythm_013__en__r2.json,0,0,0,0,0,2,local_first,rhythm_013:en:r2,0,,6b1d235dc4980f52563400b36fd38228cb810d7ec35ff5617f2f6559a798eda1,rhythm_013,1,1,0
rhythm_duration,1,interactive_runtime_acceptance,,1.0,2,2,0,1.0,,,0.0,success,generated,seraedit_rule_v1,local_rule,1,0,en,80.02810000016325,1,1.0,1.0,1,0,7ea6272ca0dad4db6be911061253d4ba061e15875167b18117500d9d17e7d631,1,74cc3e5c355ace5b1c7d654f77eef2f9809c53e66a671a0b7c76c632a0f92692,1,80.02810000016325,0.0,experiments/runtime_acceptance_core_bilingual_r3_v4_20260826/raw_outputs/rhythm_013__en__r3.json,0,0,0,0,0,3,local_first,rhythm_013:en:r3,0,,6b1d235dc4980f52563400b36fd38228cb810d7ec35ff5617f2f6559a798eda1,rhythm_013,1,1,0
rhythm_duration,1,interactive_runtime_acceptance,,1.0,2,2,0,1.0,,,0.0,success,generated,seraedit_rule_v1,local_rule,1,0,zh,80.0944000002346,1,1.0,1.0,1,0,4cb2cc4f0de252db67340636fcdb985fb04c4ca2dd258f24bc0a5204a6bb0ea5,1,74cc3e5c355ace5b1c7d654f77eef2f9809c53e66a671a0b7c76c632a0f92692,1,80.0944000002346,0.0,experiments/runtime_acceptance_core_bilingual_r3_v4_20260826/raw_outputs/rhythm_013__zh__r1.json,0,0,0,0,0,1,local_first,rhythm_013:zh:r1,0,,6b1d235dc4980f52563400b36fd38228cb810d7ec35ff5617f2f6559a798eda1,rhythm_013,1,1,0
rhythm_duration,1,interactive_runtime_acceptance,,1.0,2,2,0,1.0,,,0.0,success,generated,seraedit_rule_v1,local_rule,1,0,zh,70.92519999969227,1,1.0,1.0,1,0,4cb2cc4f0de252db67340636fcdb985fb04c4ca2dd258f24bc0a5204a6bb0ea5,1,74cc3e5c355ace5b1c7d654f77eef2f9809c53e66a671a0b7c76c632a0f92692,1,70.92519999969227,0.0,experiments/runtime_acceptance_core_bilingual_r3_v4_20260826/raw_outputs/rhythm_013__zh__r2.json,0,0,0,0,0,2,local_first,rhythm_013:zh:r2,0,,6b1d235dc4980f52563400b36fd38228cb810d7ec35ff5617f2f6559a798eda1,rhythm_013,1,1,0
rhythm_duration,1,interactive_runtime_acceptance,,1.0,2,2,0,1.0,,,0.0,success,generated,seraedit_rule_v1,local_rule,1,0,zh,85.24080000006506,1,1.0,1.0,1,0,4cb2cc4f0de252db67340636fcdb985fb04c4ca2dd258f24bc0a5204a6bb0ea5,1,74cc3e5c355ace5b1c7d654f77eef2f9809c53e66a671a0b7c76c632a0f92692,1,85.24080000006506,0.0,experiments/runtime_acceptance_core_bilingual_r3_v4_20260826/raw_outputs/rhythm_013__zh__r3.json,0,0,0,0,0,3,local_first,rhythm_013:zh:r3,0,,6b1d235dc4980f52563400b36fd38228cb810d7ec35ff5617f2f6559a798eda1,rhythm_013,1,1,0
key_harmony,1,interactive_runtime_acceptance,,1.0,2,2,0,1.0,,,0.0,success,generated,seraedit_rule_v1,local_rule,1,0,en,78.79520000005868,1,1.0,1.0,1,0,4c6bba862bb138a832bd3290655d170aee58afaa3ac745c14554b7e29f3f9bf0,1,0a9f28e6898c82e7a24586a78423eda45afa5b215c4953372e60f9d94e6f700f,1,78.79520000005868,0.0,experiments/runtime_acceptance_core_bilingual_r3_v4_20260826/raw_outputs/key_013__en__r1.json,0,0,0,0,0,1,local_first,key_013:en:r1,0,,25471c10e31a8c96d1778e35d61f2366f7a8470f1a00dec24aceaf932b626f04,key_013,1,1,0
key_harmony,1,interactive_runtime_acceptance,,1.0,2,2,0,1.0,,,0.0,success,generated,seraedit_rule_v1,local_rule,1,0,en,72.47950000055425,1,1.0,1.0,1,0,4c6bba862bb138a832bd3290655d170aee58afaa3ac745c14554b7e29f3f9bf0,1,0a9f28e6898c82e7a24586a78423eda45afa5b215c4953372e60f9d94e6f700f,1,72.47950000055425,0.0,experiments/runtime_acceptance_core_bilingual_r3_v4_20260826/raw_outputs/key_013__en__r2.json,0,0,0,0,0,2,local_first,key_013:en:r2,0,,25471c10e31a8c96d1778e35d61f2366f7a8470f1a00dec24aceaf932b626f04,key_013,1,1,0
key_harmony,1,interactive_runtime_acceptance,,1.0,2,2,0,1.0,,,0.0,success,generated,seraedit_rule_v1,local_rule,1,0,en,73.91339999958291,1,1.0,1.0,1,0,4c6bba862bb138a832bd3290655d170aee58afaa3ac745c14554b7e29f3f9bf0,1,0a9f28e6898c82e7a24586a78423eda45afa5b215c4953372e60f9d94e6f700f,1,73.91339999958291,0.0,experiments/runtime_acceptance_core_bilingual_r3_v4_20260826/raw_outputs/key_013__en__r3.json,0,0,0,0,0,3,local_first,key_013:en:r3,0,,25471c10e31a8c96d1778e35d61f2366f7a8470f1a00dec24aceaf932b626f04,key_013,1,1,0
key_harmony,1,interactive_runtime_acceptance,,1.0,2,2,0,1.0,,,0.0,success,generated,seraedit_rule_v1,local_rule,1,0,zh,59.40460000056191,1,1.0,1.0,1,0,9fc6cbe5dcd48cff00492a2b54eecd928da26acab5fcabdd6c22b07258d47bae,1,0a9f28e6898c82e7a24586a78423eda45afa5b215c4953372e60f9d94e6f700f,1,59.40460000056191,0.0,experiments/runtime_acceptance_core_bilingual_r3_v4_20260826/raw_outputs/key_013__zh__r1.json,0,0,0,0,0,1,local_first,key_013:zh:r1,0,,25471c10e31a8c96d1778e35d61f2366f7a8470f1a00dec24aceaf932b626f04,key_013,1,1,0
key_harmony,1,interactive_runtime_acceptance,,1.0,2,2,0,1.0,,,0.0,success,generated,seraedit_rule_v1,local_rule,1,0,zh,76.67510000010225,1,1.0,1.0,1,0,9fc6cbe5dcd48cff00492a2b54eecd928da26acab5fcabdd6c22b07258d47bae,1,0a9f28e6898c82e7a24586a78423eda45afa5b215c4953372e60f9d94e6f700f,1,76.67510000010225,0.0,experiments/runtime_acceptance_core_bilingual_r3_v4_20260826/raw_outputs/key_013__zh__r2.json,0,0,0,0,0,2,local_first,key_013:zh:r2,0,,25471c10e31a8c96d1778e35d61f2366f7a8470f1a00dec24aceaf932b626f04,key_013,1,1,0
key_harmony,1,interactive_runtime_acceptance,,1.0,2,2,0,1.0,,,0.0,success,generated,seraedit_rule_v1,local_rule,1,0,zh,73.20210000034422,1,1.0,1.0,1,0,9fc6cbe5dcd48cff00492a2b54eecd928da26acab5fcabdd6c22b07258d47bae,1,0a9f28e6898c82e7a24586a78423eda45afa5b215c4953372e60f9d94e6f700f,1,73.20210000034422,0.0,experiments/runtime_acceptance_core_bilingual_r3_v4_20260826/raw_outputs/key_013__zh__r3.json,0,0,0,0,0,3,local_first,key_013:zh:r3,0,,25471c10e31a8c96d1778e35d61f2366f7a8470f1a00dec24aceaf932b626f04,key_013,1,1,0
voice_texture,1,interactive_runtime_acceptance,,1.0,6,6,0,1.0,,,0.0,success,generated,seraedit_rule_v1,local_rule,1,0,en,101.89090000039869,1,1.0,1.0,1,0,ee7a0d1a83a2ef58446733efc49f9eeba6b66a7b391ae6aa08a838f087f84120,1,2990ae5d3407b43a07f9d7b114fb350ddab92d6414da21f5da8644e330bea17f,1,101.89090000039869,0.0,experiments/runtime_acceptance_core_bilingual_r3_v4_20260826/raw_outputs/voice_010__en__r1.json,0,0,0,0,0,1,local_first,voice_010:en:r1,0,,0037ea355a00242d55bf1bca630270ba998ba2a780a0fb6b2d082e4dcabc4d7e,voice_010,1,1,0
voice_texture,1,interactive_runtime_acceptance,,1.0,6,6,0,1.0,,,0.0,success,generated,seraedit_rule_v1,local_rule,1,0,en,79.76509999934933,1,1.0,1.0,1,0,ee7a0d1a83a2ef58446733efc49f9eeba6b66a7b391ae6aa08a838f087f84120,1,2990ae5d3407b43a07f9d7b114fb350ddab92d6414da21f5da8644e330bea17f,1,79.76509999934933,0.0,experiments/runtime_acceptance_core_bilingual_r3_v4_20260826/raw_outputs/voice_010__en__r2.json,0,0,0,0,0,2,local_first,voice_010:en:r2,0,,0037ea355a00242d55bf1bca630270ba998ba2a780a0fb6b2d082e4dcabc4d7e,voice_010,1,1,0
voice_texture,1,interactive_runtime_acceptance,,1.0,6,6,0,1.0,,,0.0,success,generated,seraedit_rule_v1,local_rule,1,0,en,80.8974000001399,1,1.0,1.0,1,0,ee7a0d1a83a2ef58446733efc49f9eeba6b66a7b391ae6aa08a838f087f84120,1,2990ae5d3407b43a07f9d7b114fb350ddab92d6414da21f5da8644e330bea17f,1,80.8974000001399,0.0,experiments/runtime_acceptance_core_bilingual_r3_v4_20260826/raw_outputs/voice_010__en__r3.json,0,0,0,0,0,3,local_first,voice_010:en:r3,0,,0037ea355a00242d55bf1bca630270ba998ba2a780a0fb6b2d082e4dcabc4d7e,voice_010,1,1,0
voice_texture,1,interactive_runtime_acceptance,,1.0,6,6,0,1.0,,,0.0,success,generated,seraedit_rule_v1,local_rule,1,0,zh,80.1579999997557,1,1.0,1.0,1,0,74454a5a04550ce59e98f80aed1ca81df4417d1ca63a9664747aa94bb01b3acb,1,2990ae5d3407b43a07f9d7b114fb350ddab92d6414da21f5da8644e330bea17f,1,80.1579999997557,0.0,experiments/runtime_acceptance_core_bilingual_r3_v4_20260826/raw_outputs/voice_010__zh__r1.json,0,0,0,0,0,1,local_first,voice_010:zh:r1,0,,0037ea355a00242d55bf1bca630270ba998ba2a780a0fb6b2d082e4dcabc4d7e,voice_010,1,1,0
voice_texture,1,interactive_runtime_acceptance,,1.0,6,6,0,1.0,,,0.0,success,generated,seraedit_rule_v1,local_rule,1,0,zh,81.14639999985229,1,1.0,1.0,1,0,74454a5a04550ce59e98f80aed1ca81df4417d1ca63a9664747aa94bb01b3acb,1,2990ae5d3407b43a07f9d7b114fb350ddab92d6414da21f5da8644e330bea17f,1,81.14639999985229,0.0,experiments/runtime_acceptance_core_bilingual_r3_v4_20260826/raw_outputs/voice_010__zh__r2.json,0,0,0,0,0,2,local_first,voice_010:zh:r2,0,,0037ea355a00242d55bf1bca630270ba998ba2a780a0fb6b2d082e4dcabc4d7e,voice_010,1,1,0
voice_texture,1,interactive_runtime_acceptance,,1.0,6,6,0,1.0,,,0.0,success,generated,seraedit_rule_v1,local_rule,1,0,zh,76.26509999954578,1,1.0,1.0,1,0,74454a5a04550ce59e98f80aed1ca81df4417d1ca63a9664747aa94bb01b3acb,1,2990ae5d3407b43a07f9d7b114fb350ddab92d6414da21f5da8644e330bea17f,1,76.26509999954578,0.0,experiments/runtime_acceptance_core_bilingual_r3_v4_20260826/raw_outputs/voice_010__zh__r3.json,0,0,0,0,0,3,local_first,voice_010:zh:r3,0,,0037ea355a00242d55bf1bca630270ba998ba2a780a0fb6b2d082e4dcabc4d7e,voice_010,1,1,0
ties_slurs_ornaments,1,interactive_runtime_acceptance,,1.0,4,4,0,1.0,,,0.0,success,generated,seraedit_rule_v1,local_rule,1,0,en,82.79100000072503,1,1.0,1.0,1,0,a4f21d5ebf965e626c20771058a2fbe50fa43b08f5325b10f91c3ce42f223f46,1,58d689869648609686ea823c8ca09ac1d62c894047aaf11b40e7929f0def7c5c,1,82.79100000072503,0.0,experiments/runtime_acceptance_core_bilingual_r3_v4_20260826/raw_outputs/ties_009__en__r1.json,0,0,0,0,0,1,local_first,ties_009:en:r1,0,,5d205116df03a09da609c158296b7fb9d5c21b8fc48912724f02c26e97445e2c,ties_009,1,1,0
ties_slurs_ornaments,1,interactive_runtime_acceptance,,1.0,4,4,0,1.0,,,0.0,success,generated,seraedit_rule_v1,local_rule,1,0,en,79.82600000013917,1,1.0,1.0,1,0,a4f21d5ebf965e626c20771058a2fbe50fa43b08f5325b10f91c3ce42f223f46,1,58d689869648609686ea823c8ca09ac1d62c894047aaf11b40e7929f0def7c5c,1,79.82600000013917,0.0,experiments/runtime_acceptance_core_bilingual_r3_v4_20260826/raw_outputs/ties_009__en__r2.json,0,0,0,0,0,2,local_first,ties_009:en:r2,0,,5d205116df03a09da609c158296b7fb9d5c21b8fc48912724f02c26e97445e2c,ties_009,1,1,0
ties_slurs_ornaments,1,interactive_runtime_acceptance,,1.0,4,4,0,1.0,,,0.0,success,generated,seraedit_rule_v1,local_rule,1,0,en,91.85030000026018,1,1.0,1.0,1,0,a4f21d5ebf965e626c20771058a2fbe50fa43b08f5325b10f91c3ce42f223f46,1,58d689869648609686ea823c8ca09ac1d62c894047aaf11b40e7929f0def7c5c,1,91.85030000026018,0.0,experiments/runtime_acceptance_core_bilingual_r3_v4_20260826/raw_outputs/ties_009__en__r3.json,0,0,0,0,0,3,local_first,ties_009:en:r3,0,,5d205116df03a09da609c158296b7fb9d5c21b8fc48912724f02c26e97445e2c,ties_009,1,1,0
ties_slurs_ornaments,1,interactive_runtime_acceptance,,1.0,4,4,0,1.0,,,0.0,success,generated,seraedit_rule_v1,local_rule,1,0,zh,76.35370000025432,1,1.0,1.0,1,0,c361f54df015bbc4cb9b803f024cb535e78ff8573c14606a3d4476ea7ef43368,1,58d689869648609686ea823c8ca09ac1d62c894047aaf11b40e7929f0def7c5c,1,76.35370000025432,0.0,experiments/runtime_acceptance_core_bilingual_r3_v4_20260826/raw_outputs/ties_009__zh__r1.json,0,0,0,0,0,1,local_first,ties_009:zh:r1,0,,5d205116df03a09da609c158296b7fb9d5c21b8fc48912724f02c26e97445e2c,ties_009,1,1,0
ties_slurs_ornaments,1,interactive_runtime_acceptance,,1.0,4,4,0,1.0,,,0.0,success,generated,seraedit_rule_v1,local_rule,1,0,zh,81.5338000002157,1,1.0,1.0,1,0,c361f54df015bbc4cb9b803f024cb535e78ff8573c14606a3d4476ea7ef43368,1,58d689869648609686ea823c8ca09ac1d62c894047aaf11b40e7929f0def7c5c,1,81.5338000002157,0.0,experiments/runtime_acceptance_core_bilingual_r3_v4_20260826/raw_outputs/ties_009__zh__r2.json,0,0,0,0,0,2,local_first,ties_009:zh:r2,0,,5d205116df03a09da609c158296b7fb9d5c21b8fc48912724f02c26e97445e2c,ties_009,1,1,0
ties_slurs_ornaments,1,interactive_runtime_acceptance,,1.0,4,4,0,1.0,,,0.0,success,generated,seraedit_rule_v1,local_rule,1,0,zh,82.85369999975956,1,1.0,1.0,1,0,c361f54df015bbc4cb9b803f024cb535e78ff8573c14606a3d4476ea7ef43368,1,58d689869648609686ea823c8ca09ac1d62c894047aaf11b40e7929f0def7c5c,1,82.85369999975956,0.0,experiments/runtime_acceptance_core_bilingual_r3_v4_20260826/raw_outputs/ties_009__zh__r3.json,0,0,0,0,0,3,local_first,ties_009:zh:r3,0,,5d205116df03a09da609c158296b7fb9d5c21b8fc48912724f02c26e97445e2c,ties_009,1,1,0
meter_measure_structure,1,interactive_runtime_acceptance,,1.0,3,3,0,1.0,,,0.0,success,generated,seraedit_rule_v1,local_rule,1,0,en,111.27420000048005,1,1.0,1.0,1,0,ea07b7e565e1e45e3a7178bf1ea2fda719922ab95a051d2e521dacd43d9e9132,1,d3b33d283b42ca02342a3fe26299b9507e959931cdcb3a5881e84b218bfc65ca,1,111.27420000048005,0.0,experiments/runtime_acceptance_core_bilingual_r3_v4_20260826/raw_outputs/meter_008__en__r1.json,0,0,0,0,0,1,local_first,meter_008:en:r1,0,,b2f4c858f5e7c9b5ce33e5e4115451865ff317b3d8e6fe009a7a2ed56b5a6d47,meter_008,1,1,0
meter_measure_structure,1,interactive_runtime_acceptance,,1.0,3,3,0,1.0,,,0.0,success,generated,seraedit_rule_v1,local_rule,1,0,en,144.58410000042932,1,1.0,1.0,1,0,ea07b7e565e1e45e3a7178bf1ea2fda719922ab95a051d2e521dacd43d9e9132,1,d3b33d283b42ca02342a3fe26299b9507e959931cdcb3a5881e84b218bfc65ca,1,144.58410000042932,0.0,experiments/runtime_acceptance_core_bilingual_r3_v4_20260826/raw_outputs/meter_008__en__r2.json,0,0,0,0,0,2,local_first,meter_008:en:r2,0,,b2f4c858f5e7c9b5ce33e5e4115451865ff317b3d8e6fe009a7a2ed56b5a6d47,meter_008,1,1,0
meter_measure_structure,1,interactive_runtime_acceptance,,1.0,3,3,0,1.0,,,0.0,success,generated,seraedit_rule_v1,local_rule,1,0,en,120.6292000006215,1,1.0,1.0,1,0,ea07b7e565e1e45e3a7178bf1ea2fda719922ab95a051d2e521dacd43d9e9132,1,d3b33d283b42ca02342a3fe26299b9507e959931cdcb3a5881e84b218bfc65ca,1,120.6292000006215,0.0,experiments/runtime_acceptance_core_bilingual_r3_v4_20260826/raw_outputs/meter_008__en__r3.json,0,0,0,0,0,3,local_first,meter_008:en:r3,0,,b2f4c858f5e7c9b5ce33e5e4115451865ff317b3d8e6fe009a7a2ed56b5a6d47,meter_008,1,1,0
meter_measure_structure,1,interactive_runtime_acceptance,,1.0,3,3,0,1.0,,,0.0,success,generated,seraedit_rule_v1,local_rule,1,0,zh,115.00179999984539,1,1.0,1.0,1,0,570e2f88e080920be58028a92e2e073303f474424d3418dfaeaacb5a2783a32b,1,d3b33d283b42ca02342a3fe26299b9507e959931cdcb3a5881e84b218bfc65ca,1,115.00179999984539,0.0,experiments/runtime_acceptance_core_bilingual_r3_v4_20260826/raw_outputs/meter_008__zh__r1.json,0,0,0,0,0,1,local_first,meter_008:zh:r1,0,,b2f4c858f5e7c9b5ce33e5e4115451865ff317b3d8e6fe009a7a2ed56b5a6d47,meter_008,1,1,0
meter_measure_structure,1,interactive_runtime_acceptance,,1.0,3,3,0,1.0,,,0.0,success,generated,seraedit_rule_v1,local_rule,1,0,zh,115.47179999979562,1,1.0,1.0,1,0,570e2f88e080920be58028a92e2e073303f474424d3418dfaeaacb5a2783a32b,1,d3b33d283b42ca02342a3fe26299b9507e959931cdcb3a5881e84b218bfc65ca,1,115.47179999979562,0.0,experiments/runtime_acceptance_core_bilingual_r3_v4_20260826/raw_outputs/meter_008__zh__r2.json,0,0,0,0,0,2,local_first,meter_008:zh:r2,0,,b2f4c858f5e7c9b5ce33e5e4115451865ff317b3d8e6fe009a7a2ed56b5a6d47,meter_008,1,1,0
meter_measure_structure,1,interactive_runtime_acceptance,,1.0,3,3,0,1.0,,,0.0,success,generated,seraedit_rule_v1,local_rule,1,0,zh,118.55869999999413,1,1.0,1.0,1,0,570e2f88e080920be58028a92e2e073303f474424d3418dfaeaacb5a2783a32b,1,d3b33d283b42ca02342a3fe26299b9507e959931cdcb3a5881e84b218bfc65ca,1,118.55869999999413,0.0,experiments/runtime_acceptance_core_bilingual_r3_v4_20260826/raw_outputs/meter_008__zh__r3.json,0,0,0,0,0,3,local_first,meter_008:zh:r3,0,,b2f4c858f5e7c9b5ce33e5e4115451865ff317b3d8e6fe009a7a2ed56b5a6d47,meter_008,1,1,0
compound_multi_step,1,interactive_runtime_acceptance,,1.0,3,3,0,1.0,,,0.0,success,generated,seraedit_rule_v1,local_rule,1,0,en,145.99029999953927,1,1.0,1.0,1,0,03ced31f4bfb4236481f85c93a5301164df6980458eb8e215a6a365ead7f5747,1,56a0f96b9935e9d85e115eb2f9207e8452a39dc740de0ddeb875b9d7c6dc3da2,1,145.99029999953927,0.0,experiments/runtime_acceptance_core_bilingual_r3_v4_20260826/raw_outputs/compound_008__en__r1.json,0,0,0,0,0,1,local_first,compound_008:en:r1,0,,4a3ebcf250455492a57e65ec1380a6a740773917cdc576bc5b554e140db2da9b,compound_008,1,1,0
compound_multi_step,1,interactive_runtime_acceptance,,1.0,3,3,0,1.0,,,0.0,success,generated,seraedit_rule_v1,local_rule,1,0,en,124.96530000044004,1,1.0,1.0,1,0,03ced31f4bfb4236481f85c93a5301164df6980458eb8e215a6a365ead7f5747,1,56a0f96b9935e9d85e115eb2f9207e8452a39dc740de0ddeb875b9d7c6dc3da2,1,124.96530000044004,0.0,experiments/runtime_acceptance_core_bilingual_r3_v4_20260826/raw_outputs/compound_008__en__r2.json,0,0,0,0,0,2,local_first,compound_008:en:r2,0,,4a3ebcf250455492a57e65ec1380a6a740773917cdc576bc5b554e140db2da9b,compound_008,1,1,0
compound_multi_step,1,interactive_runtime_acceptance,,1.0,3,3,0,1.0,,,0.0,success,generated,seraedit_rule_v1,local_rule,1,0,en,109.1033000002426,1,1.0,1.0,1,0,03ced31f4bfb4236481f85c93a5301164df6980458eb8e215a6a365ead7f5747,1,56a0f96b9935e9d85e115eb2f9207e8452a39dc740de0ddeb875b9d7c6dc3da2,1,109.1033000002426,0.0,experiments/runtime_acceptance_core_bilingual_r3_v4_20260826/raw_outputs/compound_008__en__r3.json,0,0,0,0,0,3,local_first,compound_008:en:r3,0,,4a3ebcf250455492a57e65ec1380a6a740773917cdc576bc5b554e140db2da9b,compound_008,1,1,0
compound_multi_step,1,interactive_runtime_acceptance,,1.0,3,3,0,1.0,,,0.0,success,generated,seraedit_rule_v1,local_rule,1,0,zh,110.16660000041156,1,1.0,1.0,1,0,30c7fb1f63382177089e0d976d32252481d4173bbfe44862151202038c59eb41,1,56a0f96b9935e9d85e115eb2f9207e8452a39dc740de0ddeb875b9d7c6dc3da2,1,110.16660000041156,0.0,experiments/runtime_acceptance_core_bilingual_r3_v4_20260826/raw_outputs/compound_008__zh__r1.json,0,0,0,0,0,1,local_first,compound_008:zh:r1,0,,4a3ebcf250455492a57e65ec1380a6a740773917cdc576bc5b554e140db2da9b,compound_008,1,1,0
compound_multi_step,1,interactive_runtime_acceptance,,1.0,3,3,0,1.0,,,0.0,success,generated,seraedit_rule_v1,local_rule,1,0,zh,130.22669999918435,1,1.0,1.0,1,0,30c7fb1f63382177089e0d976d32252481d4173bbfe44862151202038c59eb41,1,56a0f96b9935e9d85e115eb2f9207e8452a39dc740de0ddeb875b9d7c6dc3da2,1,130.22669999918435,0.0,experiments/runtime_acceptance_core_bilingual_r3_v4_20260826/raw_outputs/compound_008__zh__r2.json,0,0,0,0,0,2,local_first,compound_008:zh:r2,0,,4a3ebcf250455492a57e65ec1380a6a740773917cdc576bc5b554e140db2da9b,compound_008,1,1,0
compound_multi_step,1,interactive_runtime_acceptance,,1.0,3,3,0,1.0,,,0.0,success,generated,seraedit_rule_v1,local_rule,1,0,zh,78.6482999992586,1,1.0,1.0,1,0,30c7fb1f63382177089e0d976d32252481d4173bbfe44862151202038c59eb41,1,56a0f96b9935e9d85e115eb2f9207e8452a39dc740de0ddeb875b9d7c6dc3da2,1,78.6482999992586,0.0,experiments/runtime_acceptance_core_bilingual_r3_v4_20260826/raw_outputs/compound_008__zh__r3.json,0,0,0,0,0,3,local_first,compound_008:zh:r3,0,,4a3ebcf250455492a57e65ec1380a6a740773917cdc576bc5b554e140db2da9b,compound_008,1,1,0
pitch_transposition,1,interactive_runtime_acceptance,,1.0,2,2,0,0.8571428571428571,,,0.0,success,generated,seraedit_rule_v1,local_rule,1,0,en,83.40880000014295,1,1.0,0.8571428571428571,1,0,985109f13b8fa3503fcbdc02d55154d4143da9c5467ce0ee0d6ad2c42dfb51d0,1,049b58c33576b8774482733f467de8f895afd2e029dab14e7c8c4e8011846404,1,83.40880000014295,0.0,experiments/runtime_acceptance_core_bilingual_r3_v4_20260826/raw_outputs/pitch_014__en__r1.json,0,0,0,0,0,1,local_first,pitch_014:en:r1,0,,e1cc24df537227316aada4643f31a596c7bd0372fe6b7ecb227625d3d33426d5,pitch_014,1,1,0
pitch_transposition,1,interactive_runtime_acceptance,,1.0,2,2,0,0.8571428571428571,,,0.0,success,generated,seraedit_rule_v1,local_rule,1,0,en,77.53359999969689,1,1.0,0.8571428571428571,1,0,985109f13b8fa3503fcbdc02d55154d4143da9c5467ce0ee0d6ad2c42dfb51d0,1,049b58c33576b8774482733f467de8f895afd2e029dab14e7c8c4e8011846404,1,77.53359999969689,0.0,experiments/runtime_acceptance_core_bilingual_r3_v4_20260826/raw_outputs/pitch_014__en__r2.json,0,0,0,0,0,2,local_first,pitch_014:en:r2,0,,e1cc24df537227316aada4643f31a596c7bd0372fe6b7ecb227625d3d33426d5,pitch_014,1,1,0
pitch_transposition,1,interactive_runtime_acceptance,,1.0,2,2,0,0.8571428571428571,,,0.0,success,generated,seraedit_rule_v1,local_rule,1,0,en,90.33689999978378,1,1.0,0.8571428571428571,1,0,985109f13b8fa3503fcbdc02d55154d4143da9c5467ce0ee0d6ad2c42dfb51d0,1,049b58c33576b8774482733f467de8f895afd2e029dab14e7c8c4e8011846404,1,90.33689999978378,0.0,experiments/runtime_acceptance_core_bilingual_r3_v4_20260826/raw_outputs/pitch_014__en__r3.json,0,0,0,0,0,3,local_first,pitch_014:en:r3,0,,e1cc24df537227316aada4643f31a596c7bd0372fe6b7ecb227625d3d33426d5,pitch_014,1,1,0
pitch_transposition,1,interactive_runtime_acceptance,,1.0,2,2,0,0.8571428571428571,,,0.0,success,generated,seraedit_rule_v1,local_rule,1,0,zh,77.09210000029998,1,1.0,0.8571428571428571,1,0,4f53b9992588b47b0eb04f6ed85d7fcd9231791787a6c3fe6792f6093ce4eab3,1,049b58c33576b8774482733f467de8f895afd2e029dab14e7c8c4e8011846404,1,77.09210000029998,0.0,experiments/runtime_acceptance_core_bilingual_r3_v4_20260826/raw_outputs/pitch_014__zh__r1.json,0,0,0,0,0,1,local_first,pitch_014:zh:r1,0,,e1cc24df537227316aada4643f31a596c7bd0372fe6b7ecb227625d3d33426d5,pitch_014,1,1,0
pitch_transposition,1,interactive_runtime_acceptance,,1.0,2,2,0,0.8571428571428571,,,0.0,success,generated,seraedit_rule_v1,local_rule,1,0,zh,73.60100000005332,1,1.0,0.8571428571428571,1,0,4f53b9992588b47b0eb04f6ed85d7fcd9231791787a6c3fe6792f6093ce4eab3,1,049b58c33576b8774482733f467de8f895afd2e029dab14e7c8c4e8011846404,1,73.60100000005332,0.0,experiments/runtime_acceptance_core_bilingual_r3_v4_20260826/raw_outputs/pitch_014__zh__r2.json,0,0,0,0,0,2,local_first,pitch_014:zh:r2,0,,e1cc24df537227316aada4643f31a596c7bd0372fe6b7ecb227625d3d33426d5,pitch_014,1,1,0
pitch_transposition,1,interactive_runtime_acceptance,,1.0,2,2,0,0.8571428571428571,,,0.0,success,generated,seraedit_rule_v1,local_rule,1,0,zh,74.17660000010073,1,1.0,0.8571428571428571,1,0,4f53b9992588b47b0eb04f6ed85d7fcd9231791787a6c3fe6792f6093ce4eab3,1,049b58c33576b8774482733f467de8f895afd2e029dab14e7c8c4e8011846404,1,74.17660000010073,0.0,experiments/runtime_acceptance_core_bilingual_r3_v4_20260826/raw_outputs/pitch_014__zh__r3.json,0,0,0,0,0,3,local_first,pitch_014:zh:r3,0,,e1cc24df537227316aada4643f31a596c7bd0372fe6b7ecb227625d3d33426d5,pitch_014,1,1,0
rhythm_duration,1,interactive_runtime_acceptance,,1.0,2,2,0,1.0,,,0.0,success,generated,seraedit_rule_v1,local_rule,1,0,en,76.84700000027078,1,1.0,1.0,1,0,09e45ff1b19609056d7b233a69a041c9ece0acadf66bd9fb9eb1c50526c9aa2c,1,40d2a186f25fe2ccfede9e18551f1dc91c128f7ebf2b7b0342a710c1b4bb0ac7,1,76.84700000027078,0.0,experiments/runtime_acceptance_core_bilingual_r3_v4_20260826/raw_outputs/rhythm_014__en__r1.json,0,0,0,0,0,1,local_first,rhythm_014:en:r1,0,,ca615acec18b3464e06fc0b4b7ad0d25e73cd30ce554d9e9fe49a3111bb1e112,rhythm_014,1,1,0
rhythm_duration,1,interactive_runtime_acceptance,,1.0,2,2,0,1.0,,,0.0,success,generated,seraedit_rule_v1,local_rule,1,0,en,77.43420000042534,1,1.0,1.0,1,0,09e45ff1b19609056d7b233a69a041c9ece0acadf66bd9fb9eb1c50526c9aa2c,1,40d2a186f25fe2ccfede9e18551f1dc91c128f7ebf2b7b0342a710c1b4bb0ac7,1,77.43420000042534,0.0,experiments/runtime_acceptance_core_bilingual_r3_v4_20260826/raw_outputs/rhythm_014__en__r2.json,0,0,0,0,0,2,local_first,rhythm_014:en:r2,0,,ca615acec18b3464e06fc0b4b7ad0d25e73cd30ce554d9e9fe49a3111bb1e112,rhythm_014,1,1,0
rhythm_duration,1,interactive_runtime_acceptance,,1.0,2,2,0,1.0,,,0.0,success,generated,seraedit_rule_v1,local_rule,1,0,en,80.84490000055666,1,1.0,1.0,1,0,09e45ff1b19609056d7b233a69a041c9ece0acadf66bd9fb9eb1c50526c9aa2c,1,40d2a186f25fe2ccfede9e18551f1dc91c128f7ebf2b7b0342a710c1b4bb0ac7,1,80.84490000055666,0.0,experiments/runtime_acceptance_core_bilingual_r3_v4_20260826/raw_outputs/rhythm_014__en__r3.json,0,0,0,0,0,3,local_first,rhythm_014:en:r3,0,,ca615acec18b3464e06fc0b4b7ad0d25e73cd30ce554d9e9fe49a3111bb1e112,rhythm_014,1,1,0
rhythm_duration,1,interactive_runtime_acceptance,,1.0,2,2,0,1.0,,,0.0,success,generated,seraedit_rule_v1,local_rule,1,0,zh,77.83329999983835,1,1.0,1.0,1,0,f63055397773838119ad816001f5a9177d35cc696d444bfd8e7aec83fea9e37d,1,40d2a186f25fe2ccfede9e18551f1dc91c128f7ebf2b7b0342a710c1b4bb0ac7,1,77.83329999983835,0.0,experiments/runtime_acceptance_core_bilingual_r3_v4_20260826/raw_outputs/rhythm_014__zh__r1.json,0,0,0,0,0,1,local_first,rhythm_014:zh:r1,0,,ca615acec18b3464e06fc0b4b7ad0d25e73cd30ce554d9e9fe49a3111bb1e112,rhythm_014,1,1,0
rhythm_duration,1,interactive_runtime_acceptance,,1.0,2,2,0,1.0,,,0.0,success,generated,seraedit_rule_v1,local_rule,1,0,zh,80.55080000031012,1,1.0,1.0,1,0,f63055397773838119ad816001f5a9177d35cc696d444bfd8e7aec83fea9e37d,1,40d2a186f25fe2ccfede9e18551f1dc91c128f7ebf2b7b0342a710c1b4bb0ac7,1,80.55080000031012,0.0,experiments/runtime_acceptance_core_bilingual_r3_v4_20260826/raw_outputs/rhythm_014__zh__r2.json,0,0,0,0,0,2,local_first,rhythm_014:zh:r2,0,,ca615acec18b3464e06fc0b4b7ad0d25e73cd30ce554d9e9fe49a3111bb1e112,rhythm_014,1,1,0
rhythm_duration,1,interactive_runtime_acceptance,,1.0,2,2,0,1.0,,,0.0,success,generated,seraedit_rule_v1,local_rule,1,0,zh,95.84369999993214,1,1.0,1.0,1,0,f63055397773838119ad816001f5a9177d35cc696d444bfd8e7aec83fea9e37d,1,40d2a186f25fe2ccfede9e18551f1dc91c128f7ebf2b7b0342a710c1b4bb0ac7,1,95.84369999993214,0.0,experiments/runtime_acceptance_core_bilingual_r3_v4_20260826/raw_outputs/rhythm_014__zh__r3.json,0,0,0,0,0,3,local_first,rhythm_014:zh:r3,0,,ca615acec18b3464e06fc0b4b7ad0d25e73cd30ce554d9e9fe49a3111bb1e112,rhythm_014,1,1,0
key_harmony,1,interactive_runtime_acceptance,,1.0,2,2,0,1.0,,,0.0,success,generated,seraedit_rule_v1,local_rule,1,0,en,70.28699999955279,1,1.0,1.0,1,0,c7860100ab329fec87827185cae59a9b1181906ab817555de205886518c6b2ec,1,6b4b1d736aabe95346ff5a8530966a682910342a5d6ab84c57dd9afc43f644fd,1,70.28699999955279,0.0,experiments/runtime_acceptance_core_bilingual_r3_v4_20260826/raw_outputs/key_014__en__r1.json,0,0,0,0,0,1,local_first,key_014:en:r1,0,,c84b9fb046ec10cf76e0c677aaf0052ac4cb1ac7f3418684c3e9f4689a9fd79c,key_014,1,1,0
key_harmony,1,interactive_runtime_acceptance,,1.0,2,2,0,1.0,,,0.0,success,generated,seraedit_rule_v1,local_rule,1,0,en,73.7394999996468,1,1.0,1.0,1,0,c7860100ab329fec87827185cae59a9b1181906ab817555de205886518c6b2ec,1,6b4b1d736aabe95346ff5a8530966a682910342a5d6ab84c57dd9afc43f644fd,1,73.7394999996468,0.0,experiments/runtime_acceptance_core_bilingual_r3_v4_20260826/raw_outputs/key_014__en__r2.json,0,0,0,0,0,2,local_first,key_014:en:r2,0,,c84b9fb046ec10cf76e0c677aaf0052ac4cb1ac7f3418684c3e9f4689a9fd79c,key_014,1,1,0
key_harmony,1,interactive_runtime_acceptance,,1.0,2,2,0,1.0,,,0.0,success,generated,seraedit_rule_v1,local_rule,1,0,en,71.74680000025546,1,1.0,1.0,1,0,c7860100ab329fec87827185cae59a9b1181906ab817555de205886518c6b2ec,1,6b4b1d736aabe95346ff5a8530966a682910342a5d6ab84c57dd9afc43f644fd,1,71.74680000025546,0.0,experiments/runtime_acceptance_core_bilingual_r3_v4_20260826/raw_outputs/key_014__en__r3.json,0,0,0,0,0,3,local_first,key_014:en:r3,0,,c84b9fb046ec10cf76e0c677aaf0052ac4cb1ac7f3418684c3e9f4689a9fd79c,key_014,1,1,0
key_harmony,1,interactive_runtime_acceptance,,1.0,2,2,0,1.0,,,0.0,success,generated,seraedit_rule_v1,local_rule,1,0,zh,88.3296000001792,1,1.0,1.0,1,0,092ae65a553efde6859713fb0f02c8bad2771f42f44549ef9c6c568295692cb7,1,6b4b1d736aabe95346ff5a8530966a682910342a5d6ab84c57dd9afc43f644fd,1,88.3296000001792,0.0,experiments/runtime_acceptance_core_bilingual_r3_v4_20260826/raw_outputs/key_014__zh__r1.json,0,0,0,0,0,1,local_first,key_014:zh:r1,0,,c84b9fb046ec10cf76e0c677aaf0052ac4cb1ac7f3418684c3e9f4689a9fd79c,key_014,1,1,0
key_harmony,1,interactive_runtime_acceptance,,1.0,2,2,0,1.0,,,0.0,success,generated,seraedit_rule_v1,local_rule,1,0,zh,72.07809999999881,1,1.0,1.0,1,0,092ae65a553efde6859713fb0f02c8bad2771f42f44549ef9c6c568295692cb7,1,6b4b1d736aabe95346ff5a8530966a682910342a5d6ab84c57dd9afc43f644fd,1,72.07809999999881,0.0,experiments/runtime_acceptance_core_bilingual_r3_v4_20260826/raw_outputs/key_014__zh__r2.json,0,0,0,0,0,2,local_first,key_014:zh:r2,0,,c84b9fb046ec10cf76e0c677aaf0052ac4cb1ac7f3418684c3e9f4689a9fd79c,key_014,1,1,0
key_harmony,1,interactive_runtime_acceptance,,1.0,2,2,0,1.0,,,0.0,success,generated,seraedit_rule_v1,local_rule,1,0,zh,84.23750000019936,1,1.0,1.0,1,0,092ae65a553efde6859713fb0f02c8bad2771f42f44549ef9c6c568295692cb7,1,6b4b1d736aabe95346ff5a8530966a682910342a5d6ab84c57dd9afc43f644fd,1,84.23750000019936,0.0,experiments/runtime_acceptance_core_bilingual_r3_v4_20260826/raw_outputs/key_014__zh__r3.json,0,0,0,0,0,3,local_first,key_014:zh:r3,0,,c84b9fb046ec10cf76e0c677aaf0052ac4cb1ac7f3418684c3e9f4689a9fd79c,key_014,1,1,0
voice_texture,1,interactive_runtime_acceptance,,1.0,8,8,0,1.0,,,0.0,success,generated,seraedit_rule_v1,local_rule,1,0,en,75.87100000000646,1,1.0,1.0,1,0,75a892451f6424952a5ecc04b21f121e0fb6e92acb214fa6d4da53d0ae564d41,1,a3b22ae32a3d6b300f85d559c7003253d5e9280b11fe432ce12115313a41d8c1,1,75.87100000000646,0.0,experiments/runtime_acceptance_core_bilingual_r3_v4_20260826/raw_outputs/voice_011__en__r1.json,0,0,0,0,0,1,local_first,voice_011:en:r1,0,,2d9e579798361beb6bdfb8b395d4fb7f021408fd84f887bba9fa0fda2e7440bf,voice_011,1,1,0
voice_texture,1,interactive_runtime_acceptance,,1.0,8,8,0,1.0,,,0.0,success,generated,seraedit_rule_v1,local_rule,1,0,en,125.96440000015718,1,1.0,1.0,1,0,75a892451f6424952a5ecc04b21f121e0fb6e92acb214fa6d4da53d0ae564d41,1,a3b22ae32a3d6b300f85d559c7003253d5e9280b11fe432ce12115313a41d8c1,1,125.96440000015718,0.0,experiments/runtime_acceptance_core_bilingual_r3_v4_20260826/raw_outputs/voice_011__en__r2.json,0,0,0,0,0,2,local_first,voice_011:en:r2,0,,2d9e579798361beb6bdfb8b395d4fb7f021408fd84f887bba9fa0fda2e7440bf,voice_011,1,1,0
voice_texture,1,interactive_runtime_acceptance,,1.0,8,8,0,1.0,,,0.0,success,generated,seraedit_rule_v1,local_rule,1,0,en,96.67710000030638,1,1.0,1.0,1,0,75a892451f6424952a5ecc04b21f121e0fb6e92acb214fa6d4da53d0ae564d41,1,a3b22ae32a3d6b300f85d559c7003253d5e9280b11fe432ce12115313a41d8c1,1,96.67710000030638,0.0,experiments/runtime_acceptance_core_bilingual_r3_v4_20260826/raw_outputs/voice_011__en__r3.json,0,0,0,0,0,3,local_first,voice_011:en:r3,0,,2d9e579798361beb6bdfb8b395d4fb7f021408fd84f887bba9fa0fda2e7440bf,voice_011,1,1,0
voice_texture,1,interactive_runtime_acceptance,,1.0,8,8,0,1.0,,,0.0,success,generated,seraedit_rule_v1,local_rule,1,0,zh,78.87940000000526,1,1.0,1.0,1,0,defab1def684ffbc49ccd151ca68a6600311ae0123d1608df5721dc5f10e3c8d,1,a3b22ae32a3d6b300f85d559c7003253d5e9280b11fe432ce12115313a41d8c1,1,78.87940000000526,0.0,experiments/runtime_acceptance_core_bilingual_r3_v4_20260826/raw_outputs/voice_011__zh__r1.json,0,0,0,0,0,1,local_first,voice_011:zh:r1,0,,2d9e579798361beb6bdfb8b395d4fb7f021408fd84f887bba9fa0fda2e7440bf,voice_011,1,1,0
voice_texture,1,interactive_runtime_acceptance,,1.0,8,8,0,1.0,,,0.0,success,generated,seraedit_rule_v1,local_rule,1,0,zh,78.26289999957226,1,1.0,1.0,1,0,defab1def684ffbc49ccd151ca68a6600311ae0123d1608df5721dc5f10e3c8d,1,a3b22ae32a3d6b300f85d559c7003253d5e9280b11fe432ce12115313a41d8c1,1,78.26289999957226,0.0,experiments/runtime_acceptance_core_bilingual_r3_v4_20260826/raw_outputs/voice_011__zh__r2.json,0,0,0,0,0,2,local_first,voice_011:zh:r2,0,,2d9e579798361beb6bdfb8b395d4fb7f021408fd84f887bba9fa0fda2e7440bf,voice_011,1,1,0
voice_texture,1,interactive_runtime_acceptance,,1.0,8,8,0,1.0,,,0.0,success,generated,seraedit_rule_v1,local_rule,1,0,zh,76.03990000006888,1,1.0,1.0,1,0,defab1def684ffbc49ccd151ca68a6600311ae0123d1608df5721dc5f10e3c8d,1,a3b22ae32a3d6b300f85d559c7003253d5e9280b11fe432ce12115313a41d8c1,1,76.03990000006888,0.0,experiments/runtime_acceptance_core_bilingual_r3_v4_20260826/raw_outputs/voice_011__zh__r3.json,0,0,0,0,0,3,local_first,voice_011:zh:r3,0,,2d9e579798361beb6bdfb8b395d4fb7f021408fd84f887bba9fa0fda2e7440bf,voice_011,1,1,0
ties_slurs_ornaments,1,interactive_runtime_acceptance,,1.0,4,4,0,1.0,,,0.0,success,generated,seraedit_rule_v1,local_rule,1,0,en,48.266200000398385,1,1.0,1.0,1,0,26d845a44dfdc25aa301a18ecef434f4764e9cba7636f203924e800365f37d7f,1,146b534a4a6cd9a7da04780c1e7667fedad5bb1720f92dca335b4abc7ef89591,1,48.266200000398385,0.0,experiments/runtime_acceptance_core_bilingual_r3_v4_20260826/raw_outputs/ties_010__en__r1.json,0,0,0,0,0,1,local_first,ties_010:en:r1,0,,113b0eb72fe97d637c0644ff5bea34d7f826a0d5ce2a7fe2e201d7268a889a8c,ties_010,1,1,0
ties_slurs_ornaments,1,interactive_runtime_acceptance,,1.0,4,4,0,1.0,,,0.0,success,generated,seraedit_rule_v1,local_rule,1,0,en,49.055999999836786,1,1.0,1.0,1,0,26d845a44dfdc25aa301a18ecef434f4764e9cba7636f203924e800365f37d7f,1,146b534a4a6cd9a7da04780c1e7667fedad5bb1720f92dca335b4abc7ef89591,1,49.055999999836786,0.0,experiments/runtime_acceptance_core_bilingual_r3_v4_20260826/raw_outputs/ties_010__en__r2.json,0,0,0,0,0,2,local_first,ties_010:en:r2,0,,113b0eb72fe97d637c0644ff5bea34d7f826a0d5ce2a7fe2e201d7268a889a8c,ties_010,1,1,0
ties_slurs_ornaments,1,interactive_runtime_acceptance,,1.0,4,4,0,1.0,,,0.0,success,generated,seraedit_rule_v1,local_rule,1,0,en,51.13390000042273,1,1.0,1.0,1,0,26d845a44dfdc25aa301a18ecef434f4764e9cba7636f203924e800365f37d7f,1,146b534a4a6cd9a7da04780c1e7667fedad5bb1720f92dca335b4abc7ef89591,1,51.13390000042273,0.0,experiments/runtime_acceptance_core_bilingual_r3_v4_20260826/raw_outputs/ties_010__en__r3.json,0,0,0,0,0,3,local_first,ties_010:en:r3,0,,113b0eb72fe97d637c0644ff5bea34d7f826a0d5ce2a7fe2e201d7268a889a8c,ties_010,1,1,0
ties_slurs_ornaments,1,interactive_runtime_acceptance,,1.0,4,4,0,1.0,,,0.0,success,generated,seraedit_rule_v1,local_rule,1,0,zh,49.93110000032175,1,1.0,1.0,1,0,2dfcb0e605c3c3262f48e465f249a9825a022965f9e64f61d8056117f58f51dd,1,146b534a4a6cd9a7da04780c1e7667fedad5bb1720f92dca335b4abc7ef89591,1,49.93110000032175,0.0,experiments/runtime_acceptance_core_bilingual_r3_v4_20260826/raw_outputs/ties_010__zh__r1.json,0,0,0,0,0,1,local_first,ties_010:zh:r1,0,,113b0eb72fe97d637c0644ff5bea34d7f826a0d5ce2a7fe2e201d7268a889a8c,ties_010,1,1,0
ties_slurs_ornaments,1,interactive_runtime_acceptance,,1.0,4,4,0,1.0,,,0.0,success,generated,seraedit_rule_v1,local_rule,1,0,zh,51.31310000069789,1,1.0,1.0,1,0,2dfcb0e605c3c3262f48e465f249a9825a022965f9e64f61d8056117f58f51dd,1,146b534a4a6cd9a7da04780c1e7667fedad5bb1720f92dca335b4abc7ef89591,1,51.31310000069789,0.0,experiments/runtime_acceptance_core_bilingual_r3_v4_20260826/raw_outputs/ties_010__zh__r2.json,0,0,0,0,0,2,local_first,ties_010:zh:r2,0,,113b0eb72fe97d637c0644ff5bea34d7f826a0d5ce2a7fe2e201d7268a889a8c,ties_010,1,1,0
ties_slurs_ornaments,1,interactive_runtime_acceptance,,1.0,4,4,0,1.0,,,0.0,success,generated,seraedit_rule_v1,local_rule,1,0,zh,49.79879999973491,1,1.0,1.0,1,0,2dfcb0e605c3c3262f48e465f249a9825a022965f9e64f61d8056117f58f51dd,1,146b534a4a6cd9a7da04780c1e7667fedad5bb1720f92dca335b4abc7ef89591,1,49.79879999973491,0.0,experiments/runtime_acceptance_core_bilingual_r3_v4_20260826/raw_outputs/ties_010__zh__r3.json,0,0,0,0,0,3,local_first,ties_010:zh:r3,0,,113b0eb72fe97d637c0644ff5bea34d7f826a0d5ce2a7fe2e201d7268a889a8c,ties_010,1,1,0
meter_measure_structure,1,interactive_runtime_acceptance,,1.0,3,3,0,1.0,,,0.0,success,generated,seraedit_rule_v1,local_rule,1,0,en,47.41160000048694,1,1.0,1.0,1,0,6d66a4782e8109371bd4a6a68ef79c3057ec9a2e8c785a777dc1eea07aa13f11,1,3aef2b159cbfa0b80fc1bd166f6efb2605025395fa678ff12feba2ffbe2326f9,1,47.41160000048694,0.0,experiments/runtime_acceptance_core_bilingual_r3_v4_20260826/raw_outputs/meter_009__en__r1.json,0,0,0,0,0,1,local_first,meter_009:en:r1,0,,4f1cf097d48cb3860058b259bced4d935ebe12b1e9d34dd7b53cd1e6bdfd2f7b,meter_009,1,1,0
meter_measure_structure,1,interactive_runtime_acceptance,,1.0,3,3,0,1.0,,,0.0,success,generated,seraedit_rule_v1,local_rule,1,0,en,49.392599999919184,1,1.0,1.0,1,0,6d66a4782e8109371bd4a6a68ef79c3057ec9a2e8c785a777dc1eea07aa13f11,1,3aef2b159cbfa0b80fc1bd166f6efb2605025395fa678ff12feba2ffbe2326f9,1,49.392599999919184,0.0,experiments/runtime_acceptance_core_bilingual_r3_v4_20260826/raw_outputs/meter_009__en__r2.json,0,0,0,0,0,2,local_first,meter_009:en:r2,0,,4f1cf097d48cb3860058b259bced4d935ebe12b1e9d34dd7b53cd1e6bdfd2f7b,meter_009,1,1,0
meter_measure_structure,1,interactive_runtime_acceptance,,1.0,3,3,0,1.0,,,0.0,success,generated,seraedit_rule_v1,local_rule,1,0,en,52.26589999983844,1,1.0,1.0,1,0,6d66a4782e8109371bd4a6a68ef79c3057ec9a2e8c785a777dc1eea07aa13f11,1,3aef2b159cbfa0b80fc1bd166f6efb2605025395fa678ff12feba2ffbe2326f9,1,52.26589999983844,0.0,experiments/runtime_acceptance_core_bilingual_r3_v4_20260826/raw_outputs/meter_009__en__r3.json,0,0,0,0,0,3,local_first,meter_009:en:r3,0,,4f1cf097d48cb3860058b259bced4d935ebe12b1e9d34dd7b53cd1e6bdfd2f7b,meter_009,1,1,0
meter_measure_structure,1,interactive_runtime_acceptance,,1.0,3,3,0,1.0,,,0.0,success,generated,seraedit_rule_v1,local_rule,1,0,zh,48.47960000006424,1,1.0,1.0,1,0,47477e8757bd4faae9748c5ec1bc2bae353bb9e2506b1a57f3023d4f2e8d92ca,1,3aef2b159cbfa0b80fc1bd166f6efb2605025395fa678ff12feba2ffbe2326f9,1,48.47960000006424,0.0,experiments/runtime_acceptance_core_bilingual_r3_v4_20260826/raw_outputs/meter_009__zh__r1.json,0,0,0,0,0,1,local_first,meter_009:zh:r1,0,,4f1cf097d48cb3860058b259bced4d935ebe12b1e9d34dd7b53cd1e6bdfd2f7b,meter_009,1,1,0
meter_measure_structure,1,interactive_runtime_acceptance,,1.0,3,3,0,1.0,,,0.0,success,generated,seraedit_rule_v1,local_rule,1,0,zh,48.19820000011532,1,1.0,1.0,1,0,47477e8757bd4faae9748c5ec1bc2bae353bb9e2506b1a57f3023d4f2e8d92ca,1,3aef2b159cbfa0b80fc1bd166f6efb2605025395fa678ff12feba2ffbe2326f9,1,48.19820000011532,0.0,experiments/runtime_acceptance_core_bilingual_r3_v4_20260826/raw_outputs/meter_009__zh__r2.json,0,0,0,0,0,2,local_first,meter_009:zh:r2,0,,4f1cf097d48cb3860058b259bced4d935ebe12b1e9d34dd7b53cd1e6bdfd2f7b,meter_009,1,1,0
meter_measure_structure,1,interactive_runtime_acceptance,,1.0,3,3,0,1.0,,,0.0,success,generated,seraedit_rule_v1,local_rule,1,0,zh,47.73020000084216,1,1.0,1.0,1,0,47477e8757bd4faae9748c5ec1bc2bae353bb9e2506b1a57f3023d4f2e8d92ca,1,3aef2b159cbfa0b80fc1bd166f6efb2605025395fa678ff12feba2ffbe2326f9,1,47.73020000084216,0.0,experiments/runtime_acceptance_core_bilingual_r3_v4_20260826/raw_outputs/meter_009__zh__r3.json,0,0,0,0,0,3,local_first,meter_009:zh:r3,0,,4f1cf097d48cb3860058b259bced4d935ebe12b1e9d34dd7b53cd1e6bdfd2f7b,meter_009,1,1,0
compound_multi_step,1,interactive_runtime_acceptance,,1.0,3,3,0,1.0,,,0.0,success,generated,seraedit_rule_v1,local_rule,1,0,en,58.00299999918934,1,1.0,1.0,1,0,dd61b0cc59598df850239a279cd702179b966042a275e3fb8edf916fe20f77f6,1,52fe28146ebcfff903981490f3fd37c31221422d94691ca10fae49659a024f97,1,58.00299999918934,0.0,experiments/runtime_acceptance_core_bilingual_r3_v4_20260826/raw_outputs/compound_009__en__r1.json,0,0,0,0,0,1,local_first,compound_009:en:r1,0,,e814040530d93d9057f474700fa0406f8c7a332b94aa2dab0db202aae5109bae,compound_009,1,1,0
compound_multi_step,1,interactive_runtime_acceptance,,1.0,3,3,0,1.0,,,0.0,success,generated,seraedit_rule_v1,local_rule,1,0,en,51.750499999798194,1,1.0,1.0,1,0,dd61b0cc59598df850239a279cd702179b966042a275e3fb8edf916fe20f77f6,1,52fe28146ebcfff903981490f3fd37c31221422d94691ca10fae49659a024f97,1,51.750499999798194,0.0,experiments/runtime_acceptance_core_bilingual_r3_v4_20260826/raw_outputs/compound_009__en__r2.json,0,0,0,0,0,2,local_first,compound_009:en:r2,0,,e814040530d93d9057f474700fa0406f8c7a332b94aa2dab0db202aae5109bae,compound_009,1,1,0
compound_multi_step,1,interactive_runtime_acceptance,,1.0,3,3,0,1.0,,,0.0,success,generated,seraedit_rule_v1,local_rule,1,0,en,52.90479999985109,1,1.0,1.0,1,0,dd61b0cc59598df850239a279cd702179b966042a275e3fb8edf916fe20f77f6,1,52fe28146ebcfff903981490f3fd37c31221422d94691ca10fae49659a024f97,1,52.90479999985109,0.0,experiments/runtime_acceptance_core_bilingual_r3_v4_20260826/raw_outputs/compound_009__en__r3.json,0,0,0,0,0,3,local_first,compound_009:en:r3,0,,e814040530d93d9057f474700fa0406f8c7a332b94aa2dab0db202aae5109bae,compound_009,1,1,0
compound_multi_step,1,interactive_runtime_acceptance,,1.0,3,3,0,1.0,,,0.0,success,generated,seraedit_rule_v1,local_rule,1,0,zh,50.74129999957222,1,1.0,1.0,1,0,6a5d5fb7f89d060bae3212c2d63f25f4226cc2c55e5bad540418d8f7d7297900,1,52fe28146ebcfff903981490f3fd37c31221422d94691ca10fae49659a024f97,1,50.74129999957222,0.0,experiments/runtime_acceptance_core_bilingual_r3_v4_20260826/raw_outputs/compound_009__zh__r1.json,0,0,0,0,0,1,local_first,compound_009:zh:r1,0,,e814040530d93d9057f474700fa0406f8c7a332b94aa2dab0db202aae5109bae,compound_009,1,1,0
compound_multi_step,1,interactive_runtime_acceptance,,1.0,3,3,0,1.0,,,0.0,success,generated,seraedit_rule_v1,local_rule,1,0,zh,51.10160000003816,1,1.0,1.0,1,0,6a5d5fb7f89d060bae3212c2d63f25f4226cc2c55e5bad540418d8f7d7297900,1,52fe28146ebcfff903981490f3fd37c31221422d94691ca10fae49659a024f97,1,51.10160000003816,0.0,experiments/runtime_acceptance_core_bilingual_r3_v4_20260826/raw_outputs/compound_009__zh__r2.json,0,0,0,0,0,2,local_first,compound_009:zh:r2,0,,e814040530d93d9057f474700fa0406f8c7a332b94aa2dab0db202aae5109bae,compound_009,1,1,0
compound_multi_step,1,interactive_runtime_acceptance,,1.0,3,3,0,1.0,,,0.0,success,generated,seraedit_rule_v1,local_rule,1,0,zh,51.285900000038964,1,1.0,1.0,1,0,6a5d5fb7f89d060bae3212c2d63f25f4226cc2c55e5bad540418d8f7d7297900,1,52fe28146ebcfff903981490f3fd37c31221422d94691ca10fae49659a024f97,1,51.285900000038964,0.0,experiments/runtime_acceptance_core_bilingual_r3_v4_20260826/raw_outputs/compound_009__zh__r3.json,0,0,0,0,0,3,local_first,compound_009:zh:r3,0,,e814040530d93d9057f474700fa0406f8c7a332b94aa2dab0db202aae5109bae,compound_009,1,1,0
pitch_transposition,1,interactive_runtime_acceptance,,1.0,2,2,0,1.0,,,0.0,success,generated,seraedit_rule_v1,local_rule,1,0,en,48.21189999984199,1,1.0,1.0,1,0,d7e709ee8be7c268521d001ec40780e1f988f4183c589d58a547041269371851,1,429996febccbf89f5909d7d79cf47c14c7f7433cb8fb1aedd63fe4cbf0127f25,1,48.21189999984199,0.0,experiments/runtime_acceptance_core_bilingual_r3_v4_20260826/raw_outputs/pitch_015__en__r1.json,0,0,0,0,0,1,local_first,pitch_015:en:r1,0,,45d710084bd7356eb52c7e8a56774cea7e0aa6ca0988aae6adfc4f03eb14a156,pitch_015,1,1,0
pitch_transposition,1,interactive_runtime_acceptance,,1.0,2,2,0,1.0,,,0.0,success,generated,seraedit_rule_v1,local_rule,1,0,en,50.578200000018114,1,1.0,1.0,1,0,d7e709ee8be7c268521d001ec40780e1f988f4183c589d58a547041269371851,1,429996febccbf89f5909d7d79cf47c14c7f7433cb8fb1aedd63fe4cbf0127f25,1,50.578200000018114,0.0,experiments/runtime_acceptance_core_bilingual_r3_v4_20260826/raw_outputs/pitch_015__en__r2.json,0,0,0,0,0,2,local_first,pitch_015:en:r2,0,,45d710084bd7356eb52c7e8a56774cea7e0aa6ca0988aae6adfc4f03eb14a156,pitch_015,1,1,0
pitch_transposition,1,interactive_runtime_acceptance,,1.0,2,2,0,1.0,,,0.0,success,generated,seraedit_rule_v1,local_rule,1,0,en,49.1970000002766,1,1.0,1.0,1,0,d7e709ee8be7c268521d001ec40780e1f988f4183c589d58a547041269371851,1,429996febccbf89f5909d7d79cf47c14c7f7433cb8fb1aedd63fe4cbf0127f25,1,49.1970000002766,0.0,experiments/runtime_acceptance_core_bilingual_r3_v4_20260826/raw_outputs/pitch_015__en__r3.json,0,0,0,0,0,3,local_first,pitch_015:en:r3,0,,45d710084bd7356eb52c7e8a56774cea7e0aa6ca0988aae6adfc4f03eb14a156,pitch_015,1,1,0
pitch_transposition,1,interactive_runtime_acceptance,,1.0,2,2,0,1.0,,,0.0,success,generated,seraedit_rule_v1,local_rule,1,0,zh,50.638200000321376,1,1.0,1.0,1,0,ab6ae0a43a05fe96af06e48a0648e3f77b4908d5140123cf115ad3ae05e34f33,1,429996febccbf89f5909d7d79cf47c14c7f7433cb8fb1aedd63fe4cbf0127f25,1,50.638200000321376,0.0,experiments/runtime_acceptance_core_bilingual_r3_v4_20260826/raw_outputs/pitch_015__zh__r1.json,0,0,0,0,0,1,local_first,pitch_015:zh:r1,0,,45d710084bd7356eb52c7e8a56774cea7e0aa6ca0988aae6adfc4f03eb14a156,pitch_015,1,1,0
pitch_transposition,1,interactive_runtime_acceptance,,1.0,2,2,0,1.0,,,0.0,success,generated,seraedit_rule_v1,local_rule,1,0,zh,49.806099999841535,1,1.0,1.0,1,0,ab6ae0a43a05fe96af06e48a0648e3f77b4908d5140123cf115ad3ae05e34f33,1,429996febccbf89f5909d7d79cf47c14c7f7433cb8fb1aedd63fe4cbf0127f25,1,49.806099999841535,0.0,experiments/runtime_acceptance_core_bilingual_r3_v4_20260826/raw_outputs/pitch_015__zh__r2.json,0,0,0,0,0,2,local_first,pitch_015:zh:r2,0,,45d710084bd7356eb52c7e8a56774cea7e0aa6ca0988aae6adfc4f03eb14a156,pitch_015,1,1,0
pitch_transposition,1,interactive_runtime_acceptance,,1.0,2,2,0,1.0,,,0.0,success,generated,seraedit_rule_v1,local_rule,1,0,zh,66.77899999976944,1,1.0,1.0,1,0,ab6ae0a43a05fe96af06e48a0648e3f77b4908d5140123cf115ad3ae05e34f33,1,429996febccbf89f5909d7d79cf47c14c7f7433cb8fb1aedd63fe4cbf0127f25,1,66.77899999976944,0.0,experiments/runtime_acceptance_core_bilingual_r3_v4_20260826/raw_outputs/pitch_015__zh__r3.json,0,0,0,0,0,3,local_first,pitch_015:zh:r3,0,,45d710084bd7356eb52c7e8a56774cea7e0aa6ca0988aae6adfc4f03eb14a156,pitch_015,1,1,0
rhythm_duration,1,interactive_runtime_acceptance,,1.0,2,2,0,1.0,,,0.0,success,generated,seraedit_rule_v1,local_rule,1,0,en,48.02060000019992,1,1.0,1.0,1,0,6f0539cb19046b222824878b2cb50ebdb86b4db19885afa939d7b722846f2728,1,5488a0e3b293bb7a97880d54e8b2637bde38cad139e5625e5bcd580ec244a7f4,1,48.02060000019992,0.0,experiments/runtime_acceptance_core_bilingual_r3_v4_20260826/raw_outputs/rhythm_015__en__r1.json,0,0,0,0,0,1,local_first,rhythm_015:en:r1,0,,75fdf0d5e4fd17f3738b5a7e4392125039d4c31b40af9c150d9eb1c2549f975c,rhythm_015,1,1,0
rhythm_duration,1,interactive_runtime_acceptance,,1.0,2,2,0,1.0,,,0.0,success,generated,seraedit_rule_v1,local_rule,1,0,en,48.83350000000064,1,1.0,1.0,1,0,6f0539cb19046b222824878b2cb50ebdb86b4db19885afa939d7b722846f2728,1,5488a0e3b293bb7a97880d54e8b2637bde38cad139e5625e5bcd580ec244a7f4,1,48.83350000000064,0.0,experiments/runtime_acceptance_core_bilingual_r3_v4_20260826/raw_outputs/rhythm_015__en__r2.json,0,0,0,0,0,2,local_first,rhythm_015:en:r2,0,,75fdf0d5e4fd17f3738b5a7e4392125039d4c31b40af9c150d9eb1c2549f975c,rhythm_015,1,1,0
rhythm_duration,1,interactive_runtime_acceptance,,1.0,2,2,0,1.0,,,0.0,success,generated,seraedit_rule_v1,local_rule,1,0,en,50.17020000013872,1,1.0,1.0,1,0,6f0539cb19046b222824878b2cb50ebdb86b4db19885afa939d7b722846f2728,1,5488a0e3b293bb7a97880d54e8b2637bde38cad139e5625e5bcd580ec244a7f4,1,50.17020000013872,0.0,experiments/runtime_acceptance_core_bilingual_r3_v4_20260826/raw_outputs/rhythm_015__en__r3.json,0,0,0,0,0,3,local_first,rhythm_015:en:r3,0,,75fdf0d5e4fd17f3738b5a7e4392125039d4c31b40af9c150d9eb1c2549f975c,rhythm_015,1,1,0
rhythm_duration,1,interactive_runtime_acceptance,,1.0,2,2,0,1.0,,,0.0,success,generated,seraedit_rule_v1,local_rule,1,0,zh,53.274700000656594,1,1.0,1.0,1,0,e9cf69112cf489a15b6deaab1e79f9e120383f02ad8b29d75f8a0ae9109d0b89,1,5488a0e3b293bb7a97880d54e8b2637bde38cad139e5625e5bcd580ec244a7f4,1,53.274700000656594,0.0,experiments/runtime_acceptance_core_bilingual_r3_v4_20260826/raw_outputs/rhythm_015__zh__r1.json,0,0,0,0,0,1,local_first,rhythm_015:zh:r1,0,,75fdf0d5e4fd17f3738b5a7e4392125039d4c31b40af9c150d9eb1c2549f975c,rhythm_015,1,1,0
rhythm_duration,1,interactive_runtime_acceptance,,1.0,2,2,0,1.0,,,0.0,success,generated,seraedit_rule_v1,local_rule,1,0,zh,49.33789999995497,1,1.0,1.0,1,0,e9cf69112cf489a15b6deaab1e79f9e120383f02ad8b29d75f8a0ae9109d0b89,1,5488a0e3b293bb7a97880d54e8b2637bde38cad139e5625e5bcd580ec244a7f4,1,49.33789999995497,0.0,experiments/runtime_acceptance_core_bilingual_r3_v4_20260826/raw_outputs/rhythm_015__zh__r2.json,0,0,0,0,0,2,local_first,rhythm_015:zh:r2,0,,75fdf0d5e4fd17f3738b5a7e4392125039d4c31b40af9c150d9eb1c2549f975c,rhythm_015,1,1,0
rhythm_duration,1,interactive_runtime_acceptance,,1.0,2,2,0,1.0,,,0.0,success,generated,seraedit_rule_v1,local_rule,1,0,zh,52.47049999979936,1,1.0,1.0,1,0,e9cf69112cf489a15b6deaab1e79f9e120383f02ad8b29d75f8a0ae9109d0b89,1,5488a0e3b293bb7a97880d54e8b2637bde38cad139e5625e5bcd580ec244a7f4,1,52.47049999979936,0.0,experiments/runtime_acceptance_core_bilingual_r3_v4_20260826/raw_outputs/rhythm_015__zh__r3.json,0,0,0,0,0,3,local_first,rhythm_015:zh:r3,0,,75fdf0d5e4fd17f3738b5a7e4392125039d4c31b40af9c150d9eb1c2549f975c,rhythm_015,1,1,0
key_harmony,1,interactive_runtime_acceptance,,1.0,2,2,0,1.0,,,0.0,success,generated,seraedit_rule_v1,local_rule,1,0,en,48.624399999425805,1,1.0,1.0,1,0,3120320ef12e25599b2831e71e88ed07f42ebe99d39af8bfb67a53e167994c99,1,fa907b14d4bcf63001bc3edec493485a640db839ff52fa2671dca407d4c4de40,1,48.624399999425805,0.0,experiments/runtime_acceptance_core_bilingual_r3_v4_20260826/raw_outputs/key_015__en__r1.json,0,0,0,0,0,1,local_first,key_015:en:r1,0,,0a7d741614773fae0faec7a74bd9d098e2177c97a763376ea67e7eec922d13c8,key_015,1,1,0
key_harmony,1,interactive_runtime_acceptance,,1.0,2,2,0,1.0,,,0.0,success,generated,seraedit_rule_v1,local_rule,1,0,en,48.11179999978776,1,1.0,1.0,1,0,3120320ef12e25599b2831e71e88ed07f42ebe99d39af8bfb67a53e167994c99,1,fa907b14d4bcf63001bc3edec493485a640db839ff52fa2671dca407d4c4de40,1,48.11179999978776,0.0,experiments/runtime_acceptance_core_bilingual_r3_v4_20260826/raw_outputs/key_015__en__r2.json,0,0,0,0,0,2,local_first,key_015:en:r2,0,,0a7d741614773fae0faec7a74bd9d098e2177c97a763376ea67e7eec922d13c8,key_015,1,1,0
key_harmony,1,interactive_runtime_acceptance,,1.0,2,2,0,1.0,,,0.0,success,generated,seraedit_rule_v1,local_rule,1,0,en,46.432399999503104,1,1.0,1.0,1,0,3120320ef12e25599b2831e71e88ed07f42ebe99d39af8bfb67a53e167994c99,1,fa907b14d4bcf63001bc3edec493485a640db839ff52fa2671dca407d4c4de40,1,46.432399999503104,0.0,experiments/runtime_acceptance_core_bilingual_r3_v4_20260826/raw_outputs/key_015__en__r3.json,0,0,0,0,0,3,local_first,key_015:en:r3,0,,0a7d741614773fae0faec7a74bd9d098e2177c97a763376ea67e7eec922d13c8,key_015,1,1,0
key_harmony,1,interactive_runtime_acceptance,,1.0,2,2,0,1.0,,,0.0,success,generated,seraedit_rule_v1,local_rule,1,0,zh,46.24530000000959,1,1.0,1.0,1,0,b265e7036167c8b47cf09154d4e13b769436306548d0b4810ac800b931180ea3,1,fa907b14d4bcf63001bc3edec493485a640db839ff52fa2671dca407d4c4de40,1,46.24530000000959,0.0,experiments/runtime_acceptance_core_bilingual_r3_v4_20260826/raw_outputs/key_015__zh__r1.json,0,0,0,0,0,1,local_first,key_015:zh:r1,0,,0a7d741614773fae0faec7a74bd9d098e2177c97a763376ea67e7eec922d13c8,key_015,1,1,0
key_harmony,1,interactive_runtime_acceptance,,1.0,2,2,0,1.0,,,0.0,success,generated,seraedit_rule_v1,local_rule,1,0,zh,50.65250000006927,1,1.0,1.0,1,0,b265e7036167c8b47cf09154d4e13b769436306548d0b4810ac800b931180ea3,1,fa907b14d4bcf63001bc3edec493485a640db839ff52fa2671dca407d4c4de40,1,50.65250000006927,0.0,experiments/runtime_acceptance_core_bilingual_r3_v4_20260826/raw_outputs/key_015__zh__r2.json,0,0,0,0,0,2,local_first,key_015:zh:r2,0,,0a7d741614773fae0faec7a74bd9d098e2177c97a763376ea67e7eec922d13c8,key_015,1,1,0
key_harmony,1,interactive_runtime_acceptance,,1.0,2,2,0,1.0,,,0.0,success,generated,seraedit_rule_v1,local_rule,1,0,zh,49.55049999989569,1,1.0,1.0,1,0,b265e7036167c8b47cf09154d4e13b769436306548d0b4810ac800b931180ea3,1,fa907b14d4bcf63001bc3edec493485a640db839ff52fa2671dca407d4c4de40,1,49.55049999989569,0.0,experiments/runtime_acceptance_core_bilingual_r3_v4_20260826/raw_outputs/key_015__zh__r3.json,0,0,0,0,0,3,local_first,key_015:zh:r3,0,,0a7d741614773fae0faec7a74bd9d098e2177c97a763376ea67e7eec922d13c8,key_015,1,1,0
voice_texture,1,interactive_runtime_acceptance,,1.0,6,6,0,1.0,,,0.0,success,generated,seraedit_rule_v1,local_rule,1,0,en,69.75030000012339,1,1.0,1.0,1,0,5baf3d7de2c19baade91e2c0819351b70142c1b6847e8e9bd11322f3876ec120,1,b6228fbd7895bc6fc05d27b59d302ef42bfea320c67639a38c8ae82282a71704,1,69.75030000012339,0.0,experiments/runtime_acceptance_core_bilingual_r3_v4_20260826/raw_outputs/voice_012__en__r1.json,0,0,0,0,0,1,local_first,voice_012:en:r1,0,,399dc7a65e583162f53a32298d6e26a3d4e0d6db04f20abafca792fec081fc4b,voice_012,1,1,0
voice_texture,1,interactive_runtime_acceptance,,1.0,6,6,0,1.0,,,0.0,success,generated,seraedit_rule_v1,local_rule,1,0,en,60.94510000002629,1,1.0,1.0,1,0,5baf3d7de2c19baade91e2c0819351b70142c1b6847e8e9bd11322f3876ec120,1,b6228fbd7895bc6fc05d27b59d302ef42bfea320c67639a38c8ae82282a71704,1,60.94510000002629,0.0,experiments/runtime_acceptance_core_bilingual_r3_v4_20260826/raw_outputs/voice_012__en__r2.json,0,0,0,0,0,2,local_first,voice_012:en:r2,0,,399dc7a65e583162f53a32298d6e26a3d4e0d6db04f20abafca792fec081fc4b,voice_012,1,1,0
voice_texture,1,interactive_runtime_acceptance,,1.0,6,6,0,1.0,,,0.0,success,generated,seraedit_rule_v1,local_rule,1,0,en,54.253199999948265,1,1.0,1.0,1,0,5baf3d7de2c19baade91e2c0819351b70142c1b6847e8e9bd11322f3876ec120,1,b6228fbd7895bc6fc05d27b59d302ef42bfea320c67639a38c8ae82282a71704,1,54.253199999948265,0.0,experiments/runtime_acceptance_core_bilingual_r3_v4_20260826/raw_outputs/voice_012__en__r3.json,0,0,0,0,0,3,local_first,voice_012:en:r3,0,,399dc7a65e583162f53a32298d6e26a3d4e0d6db04f20abafca792fec081fc4b,voice_012,1,1,0
voice_texture,1,interactive_runtime_acceptance,,1.0,6,6,0,1.0,,,0.0,success,generated,seraedit_rule_v1,local_rule,1,0,zh,57.18070000057196,1,1.0,1.0,1,0,414f922626e83ed87a1b4e41da5602be160e6818351240d3a89d46a881e0e713,1,b6228fbd7895bc6fc05d27b59d302ef42bfea320c67639a38c8ae82282a71704,1,57.18070000057196,0.0,experiments/runtime_acceptance_core_bilingual_r3_v4_20260826/raw_outputs/voice_012__zh__r1.json,0,0,0,0,0,1,local_first,voice_012:zh:r1,0,,399dc7a65e583162f53a32298d6e26a3d4e0d6db04f20abafca792fec081fc4b,voice_012,1,1,0
voice_texture,1,interactive_runtime_acceptance,,1.0,6,6,0,1.0,,,0.0,success,generated,seraedit_rule_v1,local_rule,1,0,zh,57.492699999784236,1,1.0,1.0,1,0,414f922626e83ed87a1b4e41da5602be160e6818351240d3a89d46a881e0e713,1,b6228fbd7895bc6fc05d27b59d302ef42bfea320c67639a38c8ae82282a71704,1,57.492699999784236,0.0,experiments/runtime_acceptance_core_bilingual_r3_v4_20260826/raw_outputs/voice_012__zh__r2.json,0,0,0,0,0,2,local_first,voice_012:zh:r2,0,,399dc7a65e583162f53a32298d6e26a3d4e0d6db04f20abafca792fec081fc4b,voice_012,1,1,0
voice_texture,1,interactive_runtime_acceptance,,1.0,6,6,0,1.0,,,0.0,success,generated,seraedit_rule_v1,local_rule,1,0,zh,54.14480000035837,1,1.0,1.0,1,0,414f922626e83ed87a1b4e41da5602be160e6818351240d3a89d46a881e0e713,1,b6228fbd7895bc6fc05d27b59d302ef42bfea320c67639a38c8ae82282a71704,1,54.14480000035837,0.0,experiments/runtime_acceptance_core_bilingual_r3_v4_20260826/raw_outputs/voice_012__zh__r3.json,0,0,0,0,0,3,local_first,voice_012:zh:r3,0,,399dc7a65e583162f53a32298d6e26a3d4e0d6db04f20abafca792fec081fc4b,voice_012,1,1,0
meter_measure_structure,1,interactive_runtime_acceptance,,1.0,3,3,0,1.0,,,0.0,success,generated,seraedit_rule_v1,local_rule,1,0,en,71.97959999939485,1,1.0,1.0,1,0,c858f4ac58e4867d4eef54f7e34fba9be81131451f25c1d16766a7ecc8ec6748,1,eaf673d7f81f237f68015eb5db1d2fd7696f8a9bbdd5044e854b29fa26170380,1,71.97959999939485,0.0,experiments/runtime_acceptance_core_bilingual_r3_v4_20260826/raw_outputs/meter_010__en__r1.json,0,0,0,0,0,1,local_first,meter_010:en:r1,0,,4f1cf097d48cb3860058b259bced4d935ebe12b1e9d34dd7b53cd1e6bdfd2f7b,meter_010,1,1,0
meter_measure_structure,1,interactive_runtime_acceptance,,1.0,3,3,0,1.0,,,0.0,success,generated,seraedit_rule_v1,local_rule,1,0,en,53.51599999994505,1,1.0,1.0,1,0,c858f4ac58e4867d4eef54f7e34fba9be81131451f25c1d16766a7ecc8ec6748,1,eaf673d7f81f237f68015eb5db1d2fd7696f8a9bbdd5044e854b29fa26170380,1,53.51599999994505,0.0,experiments/runtime_acceptance_core_bilingual_r3_v4_20260826/raw_outputs/meter_010__en__r2.json,0,0,0,0,0,2,local_first,meter_010:en:r2,0,,4f1cf097d48cb3860058b259bced4d935ebe12b1e9d34dd7b53cd1e6bdfd2f7b,meter_010,1,1,0
meter_measure_structure,1,interactive_runtime_acceptance,,1.0,3,3,0,1.0,,,0.0,success,generated,seraedit_rule_v1,local_rule,1,0,en,51.00089999996271,1,1.0,1.0,1,0,c858f4ac58e4867d4eef54f7e34fba9be81131451f25c1d16766a7ecc8ec6748,1,eaf673d7f81f237f68015eb5db1d2fd7696f8a9bbdd5044e854b29fa26170380,1,51.00089999996271,0.0,experiments/runtime_acceptance_core_bilingual_r3_v4_20260826/raw_outputs/meter_010__en__r3.json,0,0,0,0,0,3,local_first,meter_010:en:r3,0,,4f1cf097d48cb3860058b259bced4d935ebe12b1e9d34dd7b53cd1e6bdfd2f7b,meter_010,1,1,0
meter_measure_structure,1,interactive_runtime_acceptance,,1.0,3,3,0,1.0,,,0.0,success,generated,seraedit_rule_v1,local_rule,1,0,zh,52.47079999935522,1,1.0,1.0,1,0,b0886f67812e741beca0b804255f25a63b21395ea1430eae4a53add76db96aee,1,eaf673d7f81f237f68015eb5db1d2fd7696f8a9bbdd5044e854b29fa26170380,1,52.47079999935522,0.0,experiments/runtime_acceptance_core_bilingual_r3_v4_20260826/raw_outputs/meter_010__zh__r1.json,0,0,0,0,0,1,local_first,meter_010:zh:r1,0,,4f1cf097d48cb3860058b259bced4d935ebe12b1e9d34dd7b53cd1e6bdfd2f7b,meter_010,1,1,0
meter_measure_structure,1,interactive_runtime_acceptance,,1.0,3,3,0,1.0,,,0.0,success,generated,seraedit_rule_v1,local_rule,1,0,zh,50.05379999965953,1,1.0,1.0,1,0,b0886f67812e741beca0b804255f25a63b21395ea1430eae4a53add76db96aee,1,eaf673d7f81f237f68015eb5db1d2fd7696f8a9bbdd5044e854b29fa26170380,1,50.05379999965953,0.0,experiments/runtime_acceptance_core_bilingual_r3_v4_20260826/raw_outputs/meter_010__zh__r2.json,0,0,0,0,0,2,local_first,meter_010:zh:r2,0,,4f1cf097d48cb3860058b259bced4d935ebe12b1e9d34dd7b53cd1e6bdfd2f7b,meter_010,1,1,0
meter_measure_structure,1,interactive_runtime_acceptance,,1.0,3,3,0,1.0,,,0.0,success,generated,seraedit_rule_v1,local_rule,1,0,zh,70.61979999980394,1,1.0,1.0,1,0,b0886f67812e741beca0b804255f25a63b21395ea1430eae4a53add76db96aee,1,eaf673d7f81f237f68015eb5db1d2fd7696f8a9bbdd5044e854b29fa26170380,1,70.61979999980394,0.0,experiments/runtime_acceptance_core_bilingual_r3_v4_20260826/raw_outputs/meter_010__zh__r3.json,0,0,0,0,0,3,local_first,meter_010:zh:r3,0,,4f1cf097d48cb3860058b259bced4d935ebe12b1e9d34dd7b53cd1e6bdfd2f7b,meter_010,1,1,0
compound_multi_step,1,interactive_runtime_acceptance,,1.0,3,3,0,1.0,,,0.0,success,generated,seraedit_rule_v1,local_rule,1,0,en,52.266599999711616,1,1.0,1.0,1,0,e19ea30cde8632a87d9be304a170fe498934eaa6ce418930cc602809d47f5aad,1,a5b0d8605aad0696a955e4dd75df9aaf574883fe3a02d14c2439999fc948faab,1,52.266599999711616,0.0,experiments/runtime_acceptance_core_bilingual_r3_v4_20260826/raw_outputs/compound_010__en__r1.json,0,0,0,0,0,1,local_first,compound_010:en:r1,0,,902fd6e9fcc71ea5ab605641272aec15da65f98db05f29f8456e06cb1a782c69,compound_010,1,1,0
compound_multi_step,1,interactive_runtime_acceptance,,1.0,3,3,0,1.0,,,0.0,success,generated,seraedit_rule_v1,local_rule,1,0,en,55.22990000008576,1,1.0,1.0,1,0,e19ea30cde8632a87d9be304a170fe498934eaa6ce418930cc602809d47f5aad,1,a5b0d8605aad0696a955e4dd75df9aaf574883fe3a02d14c2439999fc948faab,1,55.22990000008576,0.0,experiments/runtime_acceptance_core_bilingual_r3_v4_20260826/raw_outputs/compound_010__en__r2.json,0,0,0,0,0,2,local_first,compound_010:en:r2,0,,902fd6e9fcc71ea5ab605641272aec15da65f98db05f29f8456e06cb1a782c69,compound_010,1,1,0
compound_multi_step,1,interactive_runtime_acceptance,,1.0,3,3,0,1.0,,,0.0,success,generated,seraedit_rule_v1,local_rule,1,0,en,56.56379999982164,1,1.0,1.0,1,0,e19ea30cde8632a87d9be304a170fe498934eaa6ce418930cc602809d47f5aad,1,a5b0d8605aad0696a955e4dd75df9aaf574883fe3a02d14c2439999fc948faab,1,56.56379999982164,0.0,experiments/runtime_acceptance_core_bilingual_r3_v4_20260826/raw_outputs/compound_010__en__r3.json,0,0,0,0,0,3,local_first,compound_010:en:r3,0,,902fd6e9fcc71ea5ab605641272aec15da65f98db05f29f8456e06cb1a782c69,compound_010,1,1,0
compound_multi_step,1,interactive_runtime_acceptance,,1.0,3,3,0,1.0,,,0.0,success,generated,seraedit_rule_v1,local_rule,1,0,zh,55.22469999959867,1,1.0,1.0,1,0,f7bf0edf022d12365ace220e400d909a77a835cb6dd6fff04fa58433c5deb120,1,a5b0d8605aad0696a955e4dd75df9aaf574883fe3a02d14c2439999fc948faab,1,55.22469999959867,0.0,experiments/runtime_acceptance_core_bilingual_r3_v4_20260826/raw_outputs/compound_010__zh__r1.json,0,0,0,0,0,1,local_first,compound_010:zh:r1,0,,902fd6e9fcc71ea5ab605641272aec15da65f98db05f29f8456e06cb1a782c69,compound_010,1,1,0
compound_multi_step,1,interactive_runtime_acceptance,,1.0,3,3,0,1.0,,,0.0,success,generated,seraedit_rule_v1,local_rule,1,0,zh,56.10049999995681,1,1.0,1.0,1,0,f7bf0edf022d12365ace220e400d909a77a835cb6dd6fff04fa58433c5deb120,1,a5b0d8605aad0696a955e4dd75df9aaf574883fe3a02d14c2439999fc948faab,1,56.10049999995681,0.0,experiments/runtime_acceptance_core_bilingual_r3_v4_20260826/raw_outputs/compound_010__zh__r2.json,0,0,0,0,0,2,local_first,compound_010:zh:r2,0,,902fd6e9fcc71ea5ab605641272aec15da65f98db05f29f8456e06cb1a782c69,compound_010,1,1,0
compound_multi_step,1,interactive_runtime_acceptance,,1.0,3,3,0,1.0,,,0.0,success,generated,seraedit_rule_v1,local_rule,1,0,zh,72.62699999955657,1,1.0,1.0,1,0,f7bf0edf022d12365ace220e400d909a77a835cb6dd6fff04fa58433c5deb120,1,a5b0d8605aad0696a955e4dd75df9aaf574883fe3a02d14c2439999fc948faab,1,72.62699999955657,0.0,experiments/runtime_acceptance_core_bilingual_r3_v4_20260826/raw_outputs/compound_010__zh__r3.json,0,0,0,0,0,3,local_first,compound_010:zh:r3,0,,902fd6e9fcc71ea5ab605641272aec15da65f98db05f29f8456e06cb1a782c69,compound_010,1,1,0
voice_texture,1,interactive_runtime_acceptance,,1.0,6,6,0,1.0,,,0.0,success,generated,seraedit_rule_v1,local_rule,1,0,en,57.221000000026834,1,1.0,1.0,1,0,1cbe8336092e62acd0caef934d4d0d841483429a15352a9230360a6a06bc981c,1,b6228fbd7895bc6fc05d27b59d302ef42bfea320c67639a38c8ae82282a71704,1,57.221000000026834,0.0,experiments/runtime_acceptance_core_bilingual_r3_v4_20260826/raw_outputs/voice_013__en__r1.json,0,0,0,0,0,1,local_first,voice_013:en:r1,0,,399dc7a65e583162f53a32298d6e26a3d4e0d6db04f20abafca792fec081fc4b,voice_013,1,1,0
voice_texture,1,interactive_runtime_acceptance,,1.0,6,6,0,1.0,,,0.0,success,generated,seraedit_rule_v1,local_rule,1,0,en,53.546600000117905,1,1.0,1.0,1,0,1cbe8336092e62acd0caef934d4d0d841483429a15352a9230360a6a06bc981c,1,b6228fbd7895bc6fc05d27b59d302ef42bfea320c67639a38c8ae82282a71704,1,53.546600000117905,0.0,experiments/runtime_acceptance_core_bilingual_r3_v4_20260826/raw_outputs/voice_013__en__r2.json,0,0,0,0,0,2,local_first,voice_013:en:r2,0,,399dc7a65e583162f53a32298d6e26a3d4e0d6db04f20abafca792fec081fc4b,voice_013,1,1,0
voice_texture,1,interactive_runtime_acceptance,,1.0,6,6,0,1.0,,,0.0,success,generated,seraedit_rule_v1,local_rule,1,0,en,52.75980000078562,1,1.0,1.0,1,0,1cbe8336092e62acd0caef934d4d0d841483429a15352a9230360a6a06bc981c,1,b6228fbd7895bc6fc05d27b59d302ef42bfea320c67639a38c8ae82282a71704,1,52.75980000078562,0.0,experiments/runtime_acceptance_core_bilingual_r3_v4_20260826/raw_outputs/voice_013__en__r3.json,0,0,0,0,0,3,local_first,voice_013:en:r3,0,,399dc7a65e583162f53a32298d6e26a3d4e0d6db04f20abafca792fec081fc4b,voice_013,1,1,0
voice_texture,1,interactive_runtime_acceptance,,1.0,6,6,0,1.0,,,0.0,success,generated,seraedit_rule_v1,local_rule,1,0,zh,52.07499999960419,1,1.0,1.0,1,0,249961fbe35fb30a07aa225f6961c2ff344d47342842b4c3e8d4fa3d89fc8c5f,1,b6228fbd7895bc6fc05d27b59d302ef42bfea320c67639a38c8ae82282a71704,1,52.07499999960419,0.0,experiments/runtime_acceptance_core_bilingual_r3_v4_20260826/raw_outputs/voice_013__zh__r1.json,0,0,0,0,0,1,local_first,voice_013:zh:r1,0,,399dc7a65e583162f53a32298d6e26a3d4e0d6db04f20abafca792fec081fc4b,voice_013,1,1,0
voice_texture,1,interactive_runtime_acceptance,,1.0,6,6,0,1.0,,,0.0,success,generated,seraedit_rule_v1,local_rule,1,0,zh,76.40179999998509,1,1.0,1.0,1,0,249961fbe35fb30a07aa225f6961c2ff344d47342842b4c3e8d4fa3d89fc8c5f,1,b6228fbd7895bc6fc05d27b59d302ef42bfea320c67639a38c8ae82282a71704,1,76.40179999998509,0.0,experiments/runtime_acceptance_core_bilingual_r3_v4_20260826/raw_outputs/voice_013__zh__r2.json,0,0,0,0,0,2,local_first,voice_013:zh:r2,0,,399dc7a65e583162f53a32298d6e26a3d4e0d6db04f20abafca792fec081fc4b,voice_013,1,1,0
voice_texture,1,interactive_runtime_acceptance,,1.0,6,6,0,1.0,,,0.0,success,generated,seraedit_rule_v1,local_rule,1,0,zh,53.98689999947237,1,1.0,1.0,1,0,249961fbe35fb30a07aa225f6961c2ff344d47342842b4c3e8d4fa3d89fc8c5f,1,b6228fbd7895bc6fc05d27b59d302ef42bfea320c67639a38c8ae82282a71704,1,53.98689999947237,0.0,experiments/runtime_acceptance_core_bilingual_r3_v4_20260826/raw_outputs/voice_013__zh__r3.json,0,0,0,0,0,3,local_first,voice_013:zh:r3,0,,399dc7a65e583162f53a32298d6e26a3d4e0d6db04f20abafca792fec081fc4b,voice_013,1,1,0
voice_texture,1,interactive_runtime_acceptance,,1.0,6,6,0,1.0,,,0.0,success,generated,seraedit_rule_v1,local_rule,1,0,en,52.96920000000682,1,1.0,1.0,1,0,f71b1e73d190191b5a90dd61ceda069f2e31f81695821588a861e1c938dd7079,1,b6228fbd7895bc6fc05d27b59d302ef42bfea320c67639a38c8ae82282a71704,1,52.96920000000682,0.0,experiments/runtime_acceptance_core_bilingual_r3_v4_20260826/raw_outputs/voice_014__en__r1.json,0,0,0,0,0,1,local_first,voice_014:en:r1,0,,399dc7a65e583162f53a32298d6e26a3d4e0d6db04f20abafca792fec081fc4b,voice_014,1,1,0
voice_texture,1,interactive_runtime_acceptance,,1.0,6,6,0,1.0,,,0.0,success,generated,seraedit_rule_v1,local_rule,1,0,en,51.62670000026992,1,1.0,1.0,1,0,f71b1e73d190191b5a90dd61ceda069f2e31f81695821588a861e1c938dd7079,1,b6228fbd7895bc6fc05d27b59d302ef42bfea320c67639a38c8ae82282a71704,1,51.62670000026992,0.0,experiments/runtime_acceptance_core_bilingual_r3_v4_20260826/raw_outputs/voice_014__en__r2.json,0,0,0,0,0,2,local_first,voice_014:en:r2,0,,399dc7a65e583162f53a32298d6e26a3d4e0d6db04f20abafca792fec081fc4b,voice_014,1,1,0
voice_texture,1,interactive_runtime_acceptance,,1.0,6,6,0,1.0,,,0.0,success,generated,seraedit_rule_v1,local_rule,1,0,en,50.65970000032394,1,1.0,1.0,1,0,f71b1e73d190191b5a90dd61ceda069f2e31f81695821588a861e1c938dd7079,1,b6228fbd7895bc6fc05d27b59d302ef42bfea320c67639a38c8ae82282a71704,1,50.65970000032394,0.0,experiments/runtime_acceptance_core_bilingual_r3_v4_20260826/raw_outputs/voice_014__en__r3.json,0,0,0,0,0,3,local_first,voice_014:en:r3,0,,399dc7a65e583162f53a32298d6e26a3d4e0d6db04f20abafca792fec081fc4b,voice_014,1,1,0
voice_texture,1,interactive_runtime_acceptance,,1.0,6,6,0,1.0,,,0.0,success,generated,seraedit_rule_v1,local_rule,1,0,zh,53.728099999716505,1,1.0,1.0,1,0,df4bbd95b390b7a6883fd93ab7662a68c2e9029bbe4178e0ffa21f7d974a2367,1,b6228fbd7895bc6fc05d27b59d302ef42bfea320c67639a38c8ae82282a71704,1,53.728099999716505,0.0,experiments/runtime_acceptance_core_bilingual_r3_v4_20260826/raw_outputs/voice_014__zh__r1.json,0,0,0,0,0,1,local_first,voice_014:zh:r1,0,,399dc7a65e583162f53a32298d6e26a3d4e0d6db04f20abafca792fec081fc4b,voice_014,1,1,0
voice_texture,1,interactive_runtime_acceptance,,1.0,6,6,0,1.0,,,0.0,success,generated,seraedit_rule_v1,local_rule,1,0,zh,52.435200000218174,1,1.0,1.0,1,0,df4bbd95b390b7a6883fd93ab7662a68c2e9029bbe4178e0ffa21f7d974a2367,1,b6228fbd7895bc6fc05d27b59d302ef42bfea320c67639a38c8ae82282a71704,1,52.435200000218174,0.0,experiments/runtime_acceptance_core_bilingual_r3_v4_20260826/raw_outputs/voice_014__zh__r2.json,0,0,0,0,0,2,local_first,voice_014:zh:r2,0,,399dc7a65e583162f53a32298d6e26a3d4e0d6db04f20abafca792fec081fc4b,voice_014,1,1,0
voice_texture,1,interactive_runtime_acceptance,,1.0,6,6,0,1.0,,,0.0,success,generated,seraedit_rule_v1,local_rule,1,0,zh,52.57739999979094,1,1.0,1.0,1,0,df4bbd95b390b7a6883fd93ab7662a68c2e9029bbe4178e0ffa21f7d974a2367,1,b6228fbd7895bc6fc05d27b59d302ef42bfea320c67639a38c8ae82282a71704,1,52.57739999979094,0.0,experiments/runtime_acceptance_core_bilingual_r3_v4_20260826/raw_outputs/voice_014__zh__r3.json,0,0,0,0,0,3,local_first,voice_014:zh:r3,0,,399dc7a65e583162f53a32298d6e26a3d4e0d6db04f20abafca792fec081fc4b,voice_014,1,1,0
voice_texture,1,interactive_runtime_acceptance,,1.0,6,6,0,1.0,,,0.0,success,generated,seraedit_rule_v1,local_rule,1,0,en,51.926600000115286,1,1.0,1.0,1,0,6babd851b6eeee79cf444c8013307386308029b824601b483c1045abf8b872c1,1,b6228fbd7895bc6fc05d27b59d302ef42bfea320c67639a38c8ae82282a71704,1,51.926600000115286,0.0,experiments/runtime_acceptance_core_bilingual_r3_v4_20260826/raw_outputs/voice_015__en__r1.json,0,0,0,0,0,1,local_first,voice_015:en:r1,0,,399dc7a65e583162f53a32298d6e26a3d4e0d6db04f20abafca792fec081fc4b,voice_015,1,1,0
voice_texture,1,interactive_runtime_acceptance,,1.0,6,6,0,1.0,,,0.0,success,generated,seraedit_rule_v1,local_rule,1,0,en,62.934499999755644,1,1.0,1.0,1,0,6babd851b6eeee79cf444c8013307386308029b824601b483c1045abf8b872c1,1,b6228fbd7895bc6fc05d27b59d302ef42bfea320c67639a38c8ae82282a71704,1,62.934499999755644,0.0,experiments/runtime_acceptance_core_bilingual_r3_v4_20260826/raw_outputs/voice_015__en__r2.json,0,0,0,0,0,2,local_first,voice_015:en:r2,0,,399dc7a65e583162f53a32298d6e26a3d4e0d6db04f20abafca792fec081fc4b,voice_015,1,1,0
voice_texture,1,interactive_runtime_acceptance,,1.0,6,6,0,1.0,,,0.0,success,generated,seraedit_rule_v1,local_rule,1,0,en,56.58359999961249,1,1.0,1.0,1,0,6babd851b6eeee79cf444c8013307386308029b824601b483c1045abf8b872c1,1,b6228fbd7895bc6fc05d27b59d302ef42bfea320c67639a38c8ae82282a71704,1,56.58359999961249,0.0,experiments/runtime_acceptance_core_bilingual_r3_v4_20260826/raw_outputs/voice_015__en__r3.json,0,0,0,0,0,3,local_first,voice_015:en:r3,0,,399dc7a65e583162f53a32298d6e26a3d4e0d6db04f20abafca792fec081fc4b,voice_015,1,1,0
voice_texture,1,interactive_runtime_acceptance,,1.0,6,6,0,1.0,,,0.0,success,generated,seraedit_rule_v1,local_rule,1,0,zh,68.55210000048828,1,1.0,1.0,1,0,9a61fdfd3181783eb8c9b940d32ed084794b87d54bf3c34c23f33e39ba40c6c4,1,b6228fbd7895bc6fc05d27b59d302ef42bfea320c67639a38c8ae82282a71704,1,68.55210000048828,0.0,experiments/runtime_acceptance_core_bilingual_r3_v4_20260826/raw_outputs/voice_015__zh__r1.json,0,0,0,0,0,1,local_first,voice_015:zh:r1,0,,399dc7a65e583162f53a32298d6e26a3d4e0d6db04f20abafca792fec081fc4b,voice_015,1,1,0
voice_texture,1,interactive_runtime_acceptance,,1.0,6,6,0,1.0,,,0.0,success,generated,seraedit_rule_v1,local_rule,1,0,zh,54.42580000089947,1,1.0,1.0,1,0,9a61fdfd3181783eb8c9b940d32ed084794b87d54bf3c34c23f33e39ba40c6c4,1,b6228fbd7895bc6fc05d27b59d302ef42bfea320c67639a38c8ae82282a71704,1,54.42580000089947,0.0,experiments/runtime_acceptance_core_bilingual_r3_v4_20260826/raw_outputs/voice_015__zh__r2.json,0,0,0,0,0,2,local_first,voice_015:zh:r2,0,,399dc7a65e583162f53a32298d6e26a3d4e0d6db04f20abafca792fec081fc4b,voice_015,1,1,0
voice_texture,1,interactive_runtime_acceptance,,1.0,6,6,0,1.0,,,0.0,success,generated,seraedit_rule_v1,local_rule,1,0,zh,54.453700000522076,1,1.0,1.0,1,0,9a61fdfd3181783eb8c9b940d32ed084794b87d54bf3c34c23f33e39ba40c6c4,1,b6228fbd7895bc6fc05d27b59d302ef42bfea320c67639a38c8ae82282a71704,1,54.453700000522076,0.0,experiments/runtime_acceptance_core_bilingual_r3_v4_20260826/raw_outputs/voice_015__zh__r3.json,0,0,0,0,0,3,local_first,voice_015:zh:r3,0,,399dc7a65e583162f53a32298d6e26a3d4e0d6db04f20abafca792fec081fc4b,voice_015,1,1,0
