category,complete_preservation,condition,constraint_errors,constraint_satisfaction,constraint_total,constraints_satisfied,correct_refusal,element_change_precision,error,error_codes,estimated_cost,expected_status,generation_status,generator_model,generator_provider,host_export_valid,input_tokens,language,latency_ms,musicxml_validity,non_target_preservation,operation_minimality,output_produced,output_tokens,patch_fingerprint,patch_parse,post_fingerprint,preview_valid,processing_latency_ms,provider_latency_ms,raw_output_path,refused,repair_added_cost,repair_attempt_count,repair_attempted,repair_success,repetition,routing,run_id,scope_stress_applied,scope_stress_extra_measures,semantic_patch_fingerprint,task_id,task_success,transaction_valid,unsafe_execution
conflicting_or_unsupported,1,interactive_runtime_acceptance,,1.0,1,1,1,1.0,,,0.0,refuse,refused,seraedit_rule_v1,local_rule,0,0,en,0.45529999988502823,,1.0,1.0,0,0,74234e98afe7498fb5daf1f36ac2d78acc339464f950703b8c019892f982b90b,0,refused,0,0.45529999988502823,0.0,experiments/runtime_acceptance_host_roundtrip_scope_v2_20260826/raw_outputs/conflict_001__en__r1.json,1,0,0,0,0,1,local_first,conflict_001:en:r1,1,2,d07935fefb9eb378b16d51bcd1510040077a17127c632f31657c65ebe9093765,conflict_001,1,0,0
conflicting_or_unsupported,1,interactive_runtime_acceptance,,1.0,1,1,1,1.0,,,0.0,refuse,refused,seraedit_rule_v1,local_rule,0,0,zh,0.24160000066331122,,1.0,1.0,0,0,74234e98afe7498fb5daf1f36ac2d78acc339464f950703b8c019892f982b90b,0,refused,0,0.24160000066331122,0.0,experiments/runtime_acceptance_host_roundtrip_scope_v2_20260826/raw_outputs/conflict_001__zh__r1.json,1,0,0,0,0,1,local_first,conflict_001:zh:r1,1,2,d07935fefb9eb378b16d51bcd1510040077a17127c632f31657c65ebe9093765,conflict_001,1,0,0
conflicting_or_unsupported,1,interactive_runtime_acceptance,,1.0,1,1,1,1.0,,,0.0,refuse,refused,seraedit_rule_v1,local_rule,0,0,en,0.17390000084560597,,1.0,1.0,0,0,74234e98afe7498fb5daf1f36ac2d78acc339464f950703b8c019892f982b90b,0,refused,0,0.17390000084560597,0.0,experiments/runtime_acceptance_host_roundtrip_scope_v2_20260826/raw_outputs/conflict_002__en__r1.json,1,0,0,0,0,1,local_first,conflict_002:en:r1,1,2,d07935fefb9eb378b16d51bcd1510040077a17127c632f31657c65ebe9093765,conflict_002,1,0,0
conflicting_or_unsupported,1,interactive_runtime_acceptance,,1.0,1,1,1,1.0,,,0.0,refuse,refused,seraedit_rule_v1,local_rule,0,0,zh,0.3231999999115942,,1.0,1.0,0,0,74234e98afe7498fb5daf1f36ac2d78acc339464f950703b8c019892f982b90b,0,refused,0,0.3231999999115942,0.0,experiments/runtime_acceptance_host_roundtrip_scope_v2_20260826/raw_outputs/conflict_002__zh__r1.json,1,0,0,0,0,1,local_first,conflict_002:zh:r1,1,2,d07935fefb9eb378b16d51bcd1510040077a17127c632f31657c65ebe9093765,conflict_002,1,0,0
conflicting_or_unsupported,1,interactive_runtime_acceptance,,1.0,1,1,1,1.0,,,0.0,refuse,refused,seraedit_rule_v1,local_rule,0,0,en,0.17440000010537915,,1.0,1.0,0,0,74234e98afe7498fb5daf1f36ac2d78acc339464f950703b8c019892f982b90b,0,refused,0,0.17440000010537915,0.0,experiments/runtime_acceptance_host_roundtrip_scope_v2_20260826/raw_outputs/conflict_003__en__r1.json,1,0,0,0,0,1,local_first,conflict_003:en:r1,1,2,d07935fefb9eb378b16d51bcd1510040077a17127c632f31657c65ebe9093765,conflict_003,1,0,0
conflicting_or_unsupported,1,interactive_runtime_acceptance,,1.0,1,1,1,1.0,,,0.0,refuse,refused,seraedit_rule_v1,local_rule,0,0,zh,0.3255000001445296,,1.0,1.0,0,0,74234e98afe7498fb5daf1f36ac2d78acc339464f950703b8c019892f982b90b,0,refused,0,0.3255000001445296,0.0,experiments/runtime_acceptance_host_roundtrip_scope_v2_20260826/raw_outputs/conflict_003__zh__r1.json,1,0,0,0,0,1,local_first,conflict_003:zh:r1,1,2,d07935fefb9eb378b16d51bcd1510040077a17127c632f31657c65ebe9093765,conflict_003,1,0,0
conflicting_or_unsupported,1,interactive_runtime_acceptance,,1.0,1,1,1,1.0,,,0.0,refuse,refused,seraedit_rule_v1,local_rule,0,0,en,0.19260000044596381,,1.0,1.0,0,0,74234e98afe7498fb5daf1f36ac2d78acc339464f950703b8c019892f982b90b,0,refused,0,0.19260000044596381,0.0,experiments/runtime_acceptance_host_roundtrip_scope_v2_20260826/raw_outputs/conflict_004__en__r1.json,1,0,0,0,0,1,local_first,conflict_004:en:r1,1,2,d07935fefb9eb378b16d51bcd1510040077a17127c632f31657c65ebe9093765,conflict_004,1,0,0
conflicting_or_unsupported,1,interactive_runtime_acceptance,,1.0,1,1,1,1.0,,,0.0,refuse,refused,seraedit_rule_v1,local_rule,0,0,zh,0.3032000004168367,,1.0,1.0,0,0,74234e98afe7498fb5daf1f36ac2d78acc339464f950703b8c019892f982b90b,0,refused,0,0.3032000004168367,0.0,experiments/runtime_acceptance_host_roundtrip_scope_v2_20260826/raw_outputs/conflict_004__zh__r1.json,1,0,0,0,0,1,local_first,conflict_004:zh:r1,1,2,d07935fefb9eb378b16d51bcd1510040077a17127c632f31657c65ebe9093765,conflict_004,1,0,0
conflicting_or_unsupported,1,interactive_runtime_acceptance,,1.0,1,1,1,1.0,,,0.0,refuse,refused,seraedit_rule_v1,local_rule,0,0,en,0.17250000018975697,,1.0,1.0,0,0,74234e98afe7498fb5daf1f36ac2d78acc339464f950703b8c019892f982b90b,0,refused,0,0.17250000018975697,0.0,experiments/runtime_acceptance_host_roundtrip_scope_v2_20260826/raw_outputs/conflict_005__en__r1.json,1,0,0,0,0,1,local_first,conflict_005:en:r1,1,2,d07935fefb9eb378b16d51bcd1510040077a17127c632f31657c65ebe9093765,conflict_005,1,0,0
conflicting_or_unsupported,1,interactive_runtime_acceptance,,1.0,1,1,1,1.0,,,0.0,refuse,refused,seraedit_rule_v1,local_rule,0,0,zh,0.1874999998108251,,1.0,1.0,0,0,74234e98afe7498fb5daf1f36ac2d78acc339464f950703b8c019892f982b90b,0,refused,0,0.1874999998108251,0.0,experiments/runtime_acceptance_host_roundtrip_scope_v2_20260826/raw_outputs/conflict_005__zh__r1.json,1,0,0,0,0,1,local_first,conflict_005:zh:r1,1,2,d07935fefb9eb378b16d51bcd1510040077a17127c632f31657c65ebe9093765,conflict_005,1,0,0
dynamics_articulation,1,interactive_runtime_acceptance,,1.0,3,3,0,1.0,,,0.0,success,generated,seraedit_rule_v1,local_rule,1,0,en,199.2049999998926,1,1.0,1.0,1,0,8222242f53a978d7455ad6c2cd6f112e52872a6046857e52e8e60e861eee337f,1,2a612e3a5121d2a22d612ac2ba1410110e2aca0847126e17b0c302eb7572292a,1,199.2049999998926,0.0,experiments/runtime_acceptance_host_roundtrip_scope_v2_20260826/raw_outputs/dynamics_001__en__r1.json,0,0,0,0,0,1,local_first,dynamics_001:en:r1,1,2,55c844743cb17f21887e894482866f7c9e986d5f79adedebe38607424f68c0b2,dynamics_001,1,1,0
dynamics_articulation,1,interactive_runtime_acceptance,,1.0,3,3,0,1.0,,,0.0,success,generated,seraedit_rule_v1,local_rule,1,0,zh,34.048299999994924,1,1.0,1.0,1,0,4508d018c78893946c1c09cef972c9e75345123879faa5d48d3c5266d92bcced,1,2a612e3a5121d2a22d612ac2ba1410110e2aca0847126e17b0c302eb7572292a,1,34.048299999994924,0.0,experiments/runtime_acceptance_host_roundtrip_scope_v2_20260826/raw_outputs/dynamics_001__zh__r1.json,0,0,0,0,0,1,local_first,dynamics_001:zh:r1,1,2,55c844743cb17f21887e894482866f7c9e986d5f79adedebe38607424f68c0b2,dynamics_001,1,1,0
dynamics_articulation,1,interactive_runtime_acceptance,,1.0,2,2,0,1.0,,,0.0,success,generated,seraedit_rule_v1,local_rule,1,0,en,33.03109999978915,1,1.0,1.0,1,0,58f9b8f0e3f7005c023e8604583105da48017e04996c2997fca9aeb16b9dea04,1,12c7072ac5c72fcc914e9c157718d6b4eca28a3540aa374fcf98ff7e44a3d604,1,33.03109999978915,0.0,experiments/runtime_acceptance_host_roundtrip_scope_v2_20260826/raw_outputs/dynamics_002__en__r1.json,0,0,0,0,0,1,local_first,dynamics_002:en:r1,1,2,55c844743cb17f21887e894482866f7c9e986d5f79adedebe38607424f68c0b2,dynamics_002,1,1,0
dynamics_articulation,1,interactive_runtime_acceptance,,1.0,2,2,0,1.0,,,0.0,success,generated,seraedit_rule_v1,local_rule,1,0,zh,33.55759999976726,1,1.0,1.0,1,0,cea59e24cf8bfdda709e1515bc2e444bbe05a9de2e89ae41521ffde716c47655,1,12c7072ac5c72fcc914e9c157718d6b4eca28a3540aa374fcf98ff7e44a3d604,1,33.55759999976726,0.0,experiments/runtime_acceptance_host_roundtrip_scope_v2_20260826/raw_outputs/dynamics_002__zh__r1.json,0,0,0,0,0,1,local_first,dynamics_002:zh:r1,1,2,55c844743cb17f21887e894482866f7c9e986d5f79adedebe38607424f68c0b2,dynamics_002,1,1,0
dynamics_articulation,1,interactive_runtime_acceptance,,1.0,2,2,0,1.0,,,0.0,success,generated,seraedit_rule_v1,local_rule,1,0,en,35.586800000601215,1,1.0,1.0,1,0,93b9978981ac4f2856c6efe472452ac3f83e7fd1ada0b625f7845ddb50bf663a,1,5424444ca52da1816321f3877f7342ed9630988e8895dbd1fd1cde36da53705f,1,35.586800000601215,0.0,experiments/runtime_acceptance_host_roundtrip_scope_v2_20260826/raw_outputs/dynamics_003__en__r1.json,0,0,0,0,0,1,local_first,dynamics_003:en:r1,1,2,55c844743cb17f21887e894482866f7c9e986d5f79adedebe38607424f68c0b2,dynamics_003,1,1,0
dynamics_articulation,1,interactive_runtime_acceptance,,1.0,2,2,0,1.0,,,0.0,success,generated,seraedit_rule_v1,local_rule,1,0,zh,34.00099999998929,1,1.0,1.0,1,0,3933f971f4d098ba6c0412261a739e996540d15ab1f61a6b17a8bc80bc3aeb6c,1,5424444ca52da1816321f3877f7342ed9630988e8895dbd1fd1cde36da53705f,1,34.00099999998929,0.0,experiments/runtime_acceptance_host_roundtrip_scope_v2_20260826/raw_outputs/dynamics_003__zh__r1.json,0,0,0,0,0,1,local_first,dynamics_003:zh:r1,1,2,55c844743cb17f21887e894482866f7c9e986d5f79adedebe38607424f68c0b2,dynamics_003,1,1,0
dynamics_articulation,1,interactive_runtime_acceptance,,1.0,2,2,0,1.0,,,0.0,success,generated,seraedit_rule_v1,local_rule,1,0,en,38.173099999767146,1,1.0,1.0,1,0,c2b0c60f0c756cac5cfff99fed36f9edd4bb2fda10890f2dd18874fa98d71fba,1,33aef15ab81a8d81d67a8e6edd1cf661a8035838603b443f042c3ef5025498e5,1,38.173099999767146,0.0,experiments/runtime_acceptance_host_roundtrip_scope_v2_20260826/raw_outputs/dynamics_004__en__r1.json,0,0,0,0,0,1,local_first,dynamics_004:en:r1,1,2,55c844743cb17f21887e894482866f7c9e986d5f79adedebe38607424f68c0b2,dynamics_004,1,1,0
dynamics_articulation,1,interactive_runtime_acceptance,,1.0,2,2,0,1.0,,,0.0,success,generated,seraedit_rule_v1,local_rule,1,0,zh,39.11240000070393,1,1.0,1.0,1,0,bd1c45ad74163a8e7fbfe4660bfe246b763ab16d9864e0b38a9bca138cc80e7c,1,33aef15ab81a8d81d67a8e6edd1cf661a8035838603b443f042c3ef5025498e5,1,39.11240000070393,0.0,experiments/runtime_acceptance_host_roundtrip_scope_v2_20260826/raw_outputs/dynamics_004__zh__r1.json,0,0,0,0,0,1,local_first,dynamics_004:zh:r1,1,2,55c844743cb17f21887e894482866f7c9e986d5f79adedebe38607424f68c0b2,dynamics_004,1,1,0
dynamics_articulation,1,interactive_runtime_acceptance,,1.0,2,2,0,1.0,,,0.0,success,generated,seraedit_rule_v1,local_rule,1,0,en,33.52240000003803,1,1.0,1.0,1,0,0a88f8a6954851053bcd0fa61176fda2b00e1bbd1c7831951cbbb7f303de5edf,1,594dc3e8355216d4a675dc67c34527867f47c78291b22d3e9dea48bc8934451c,1,33.52240000003803,0.0,experiments/runtime_acceptance_host_roundtrip_scope_v2_20260826/raw_outputs/dynamics_005__en__r1.json,0,0,0,0,0,1,local_first,dynamics_005:en:r1,1,2,55c844743cb17f21887e894482866f7c9e986d5f79adedebe38607424f68c0b2,dynamics_005,1,1,0
dynamics_articulation,1,interactive_runtime_acceptance,,1.0,2,2,0,1.0,,,0.0,success,generated,seraedit_rule_v1,local_rule,1,0,zh,40.15440000057424,1,1.0,1.0,1,0,39c43fe4d723386362d6d2391fd05f4b68d2ef5fd9ac881b74f348a17f4ed2e1,1,594dc3e8355216d4a675dc67c34527867f47c78291b22d3e9dea48bc8934451c,1,40.15440000057424,0.0,experiments/runtime_acceptance_host_roundtrip_scope_v2_20260826/raw_outputs/dynamics_005__zh__r1.json,0,0,0,0,0,1,local_first,dynamics_005:zh:r1,1,2,55c844743cb17f21887e894482866f7c9e986d5f79adedebe38607424f68c0b2,dynamics_005,1,1,0
insertion_deletion,1,interactive_runtime_acceptance,,1.0,2,2,0,1.0,,,0.0,success,generated,seraedit_rule_v1,local_rule,1,0,en,34.52780000043276,1,1.0,1.0,1,0,df86693c7e0f5e7b2e2272f24ffe3be0dcc343e62b26a7b7b636c32a57cd3637,1,d1b2ca79b4f02d8afd396ccfab56b2d19c89c6f3a4a03446a553a4b1db0e49dd,1,34.52780000043276,0.0,experiments/runtime_acceptance_host_roundtrip_scope_v2_20260826/raw_outputs/insertion_001__en__r1.json,0,0,0,0,0,1,local_first,insertion_001:en:r1,1,1,b28e2e256a5d305149719d426960304760429ce5b5e0acef6114af3fd6995b4c,insertion_001,1,1,0
insertion_deletion,1,interactive_runtime_acceptance,,1.0,2,2,0,1.0,,,0.0,success,generated,seraedit_rule_v1,local_rule,1,0,zh,35.5373000002146,1,1.0,1.0,1,0,8ae39da145b7255ff6128b65a72a4b1e0651ad962eaf490ae0140931475f7a9e,1,d1b2ca79b4f02d8afd396ccfab56b2d19c89c6f3a4a03446a553a4b1db0e49dd,1,35.5373000002146,0.0,experiments/runtime_acceptance_host_roundtrip_scope_v2_20260826/raw_outputs/insertion_001__zh__r1.json,0,0,0,0,0,1,local_first,insertion_001:zh:r1,1,1,b28e2e256a5d305149719d426960304760429ce5b5e0acef6114af3fd6995b4c,insertion_001,1,1,0
insertion_deletion,1,interactive_runtime_acceptance,,1.0,2,2,0,1.0,,,0.0,success,generated,seraedit_rule_v1,local_rule,1,0,en,33.80620000007184,1,1.0,1.0,1,0,ad70daab160111fe7ddc7e8f4e35a7814307c4336d7fc92954a844d1eef6b837,1,62227e243cd755497c1ad4bc24890d1b1595888f6b1cc5709a72cd6da9d15029,1,33.80620000007184,0.0,experiments/runtime_acceptance_host_roundtrip_scope_v2_20260826/raw_outputs/insertion_002__en__r1.json,0,0,0,0,0,1,local_first,insertion_002:en:r1,1,1,b28e2e256a5d305149719d426960304760429ce5b5e0acef6114af3fd6995b4c,insertion_002,1,1,0
insertion_deletion,1,interactive_runtime_acceptance,,1.0,2,2,0,1.0,,,0.0,success,generated,seraedit_rule_v1,local_rule,1,0,zh,33.510900000692345,1,1.0,1.0,1,0,290c397f3e3062983bd3ebe1cd303ec712fc643e5d6743e1ec9e8b3f728be5c2,1,62227e243cd755497c1ad4bc24890d1b1595888f6b1cc5709a72cd6da9d15029,1,33.510900000692345,0.0,experiments/runtime_acceptance_host_roundtrip_scope_v2_20260826/raw_outputs/insertion_002__zh__r1.json,0,0,0,0,0,1,local_first,insertion_002:zh:r1,1,1,b28e2e256a5d305149719d426960304760429ce5b5e0acef6114af3fd6995b4c,insertion_002,1,1,0
insertion_deletion,1,interactive_runtime_acceptance,,1.0,2,2,0,1.0,,,0.0,success,generated,seraedit_rule_v1,local_rule,1,0,en,34.65620000042691,1,1.0,1.0,1,0,89b2b8c18bc1c752c4ff92158086a61ee97653f9ed504930109658a766ba7b42,1,71e395fce51731035acc0affcd735b1209b7fc1eadea88c13f6b26670f6f2b64,1,34.65620000042691,0.0,experiments/runtime_acceptance_host_roundtrip_scope_v2_20260826/raw_outputs/insertion_003__en__r1.json,0,0,0,0,0,1,local_first,insertion_003:en:r1,1,1,b28e2e256a5d305149719d426960304760429ce5b5e0acef6114af3fd6995b4c,insertion_003,1,1,0
insertion_deletion,1,interactive_runtime_acceptance,,1.0,2,2,0,1.0,,,0.0,success,generated,seraedit_rule_v1,local_rule,1,0,zh,35.16419999959908,1,1.0,1.0,1,0,ac0a1c9aa25aad0521c3218afbc2b7da98d775eda076bb49b66dca2875b30551,1,71e395fce51731035acc0affcd735b1209b7fc1eadea88c13f6b26670f6f2b64,1,35.16419999959908,0.0,experiments/runtime_acceptance_host_roundtrip_scope_v2_20260826/raw_outputs/insertion_003__zh__r1.json,0,0,0,0,0,1,local_first,insertion_003:zh:r1,1,1,b28e2e256a5d305149719d426960304760429ce5b5e0acef6114af3fd6995b4c,insertion_003,1,1,0
insertion_deletion,1,interactive_runtime_acceptance,,1.0,2,2,0,1.0,,,0.0,success,generated,seraedit_rule_v1,local_rule,1,0,en,39.40139999940584,1,1.0,1.0,1,0,0c0349b8afdd0e9fd234fd8dec18f590053df7b509e9cc431c7b3657557cb8e0,1,c941f8dcfcac0de93ed0a76b5ce6516f4c7a1421d53b5d255681df10f6bd1e3d,1,39.40139999940584,0.0,experiments/runtime_acceptance_host_roundtrip_scope_v2_20260826/raw_outputs/insertion_004__en__r1.json,0,0,0,0,0,1,local_first,insertion_004:en:r1,1,1,b28e2e256a5d305149719d426960304760429ce5b5e0acef6114af3fd6995b4c,insertion_004,1,1,0
insertion_deletion,1,interactive_runtime_acceptance,,1.0,2,2,0,1.0,,,0.0,success,generated,seraedit_rule_v1,local_rule,1,0,zh,58.553800000481715,1,1.0,1.0,1,0,895ba7fd6fd74fe022ee01fce971915ca016b44542a91ae50cc9f3e140518de2,1,c941f8dcfcac0de93ed0a76b5ce6516f4c7a1421d53b5d255681df10f6bd1e3d,1,58.553800000481715,0.0,experiments/runtime_acceptance_host_roundtrip_scope_v2_20260826/raw_outputs/insertion_004__zh__r1.json,0,0,0,0,0,1,local_first,insertion_004:zh:r1,1,1,b28e2e256a5d305149719d426960304760429ce5b5e0acef6114af3fd6995b4c,insertion_004,1,1,0
insertion_deletion,1,interactive_runtime_acceptance,,1.0,2,2,0,1.0,,,0.0,success,generated,seraedit_rule_v1,local_rule,1,0,en,36.97890000057669,1,1.0,1.0,1,0,cdcf773009df3ed7f6089396e653163c834e8d1afa70fad60a8cbce4815bb069,1,eb28a35907492abb82f14032c0950ae23405ae3ac0f0cf82ba7237be9038ae5c,1,36.97890000057669,0.0,experiments/runtime_acceptance_host_roundtrip_scope_v2_20260826/raw_outputs/insertion_005__en__r1.json,0,0,0,0,0,1,local_first,insertion_005:en:r1,1,1,b28e2e256a5d305149719d426960304760429ce5b5e0acef6114af3fd6995b4c,insertion_005,1,1,0
insertion_deletion,1,interactive_runtime_acceptance,,1.0,2,2,0,1.0,,,0.0,success,generated,seraedit_rule_v1,local_rule,1,0,zh,37.58769999967626,1,1.0,1.0,1,0,79f3b6724286856f414a5c95c2f5ebcb860dd88909636cd7c8c51d3f88828625,1,eb28a35907492abb82f14032c0950ae23405ae3ac0f0cf82ba7237be9038ae5c,1,37.58769999967626,0.0,experiments/runtime_acceptance_host_roundtrip_scope_v2_20260826/raw_outputs/insertion_005__zh__r1.json,0,0,0,0,0,1,local_first,insertion_005:zh:r1,1,1,b28e2e256a5d305149719d426960304760429ce5b5e0acef6114af3fd6995b4c,insertion_005,1,1,0
key_harmony,1,interactive_runtime_acceptance,,1.0,2,2,0,1.0,,,0.0,success,generated,seraedit_rule_v1,local_rule,1,0,en,38.120499999422464,1,1.0,1.0,1,0,2a007e6d46284ad8536fbdf194aabd0945914a73d349ac67ab8376dd3b669dd2,1,adc8ad47747db6d18300400763ececcaebc9209c95968b5053d714696aa9e70f,1,38.120499999422464,0.0,experiments/runtime_acceptance_host_roundtrip_scope_v2_20260826/raw_outputs/key_001__en__r1.json,0,0,0,0,0,1,local_first,key_001:en:r1,0,,d94d01105425e238fea7f869fe7e36248505e369aa08d0c36042ec245dbfabd4,key_001,1,1,0
key_harmony,1,interactive_runtime_acceptance,,1.0,2,2,0,1.0,,,0.0,success,generated,seraedit_rule_v1,local_rule,1,0,zh,32.19989999979589,1,1.0,1.0,1,0,8d8dafc95c7c298de1cdd089b5ad55a4ad738efca70e6dce68577f30b3d7d762,1,adc8ad47747db6d18300400763ececcaebc9209c95968b5053d714696aa9e70f,1,32.19989999979589,0.0,experiments/runtime_acceptance_host_roundtrip_scope_v2_20260826/raw_outputs/key_001__zh__r1.json,0,0,0,0,0,1,local_first,key_001:zh:r1,0,,d94d01105425e238fea7f869fe7e36248505e369aa08d0c36042ec245dbfabd4,key_001,1,1,0
key_harmony,1,interactive_runtime_acceptance,,1.0,2,2,0,1.0,,,0.0,success,generated,seraedit_rule_v1,local_rule,1,0,en,33.66020000066783,1,1.0,1.0,1,0,6e338002b998dc4e747e169be4a71a37522239d4d336c294d3a6abcea8be43fc,1,d6247fb16d501f5a2557fe3efea7050e6d343d778400f510cde68b5644db62f2,1,33.66020000066783,0.0,experiments/runtime_acceptance_host_roundtrip_scope_v2_20260826/raw_outputs/key_002__en__r1.json,0,0,0,0,0,1,local_first,key_002:en:r1,0,,89c4a9a2b2732cf4f9becf692e2eabfd173e120fc1184795a77390290b8f59a9,key_002,1,1,0
key_harmony,1,interactive_runtime_acceptance,,1.0,2,2,0,1.0,,,0.0,success,generated,seraedit_rule_v1,local_rule,1,0,zh,33.30459999961022,1,1.0,1.0,1,0,76b196f039d541662537aad13e98173fc688ee81794915961c82af838f3799ad,1,d6247fb16d501f5a2557fe3efea7050e6d343d778400f510cde68b5644db62f2,1,33.30459999961022,0.0,experiments/runtime_acceptance_host_roundtrip_scope_v2_20260826/raw_outputs/key_002__zh__r1.json,0,0,0,0,0,1,local_first,key_002:zh:r1,0,,89c4a9a2b2732cf4f9becf692e2eabfd173e120fc1184795a77390290b8f59a9,key_002,1,1,0
key_harmony,1,interactive_runtime_acceptance,,1.0,2,2,0,1.0,,,0.0,success,generated,seraedit_rule_v1,local_rule,1,0,en,32.03310000026249,1,1.0,1.0,1,0,e6c5ca21767a109523ad7c82ca77e7d09001bb47e46fda463c57dda9b7634e02,1,8b8c5421c3943d55952ac4540deb624a90ce0aba3e965e1fe4be167e1ac67690,1,32.03310000026249,0.0,experiments/runtime_acceptance_host_roundtrip_scope_v2_20260826/raw_outputs/key_003__en__r1.json,0,0,0,0,0,1,local_first,key_003:en:r1,0,,126c37da9e623040222addd9299ba1df1f6269b0f69f854831198c4b4edc3317,key_003,1,1,0
key_harmony,1,interactive_runtime_acceptance,,1.0,2,2,0,1.0,,,0.0,success,generated,seraedit_rule_v1,local_rule,1,0,zh,34.09029999966151,1,1.0,1.0,1,0,3e8bbfb7ef7533efd098a928d51ac48da2b08c6af3aedfa7eb508a0c232892c1,1,8b8c5421c3943d55952ac4540deb624a90ce0aba3e965e1fe4be167e1ac67690,1,34.09029999966151,0.0,experiments/runtime_acceptance_host_roundtrip_scope_v2_20260826/raw_outputs/key_003__zh__r1.json,0,0,0,0,0,1,local_first,key_003:zh:r1,0,,126c37da9e623040222addd9299ba1df1f6269b0f69f854831198c4b4edc3317,key_003,1,1,0
key_harmony,1,interactive_runtime_acceptance,,1.0,2,2,0,1.0,,,0.0,success,generated,seraedit_rule_v1,local_rule,1,0,en,33.12479999931384,1,1.0,1.0,1,0,1a7424122f32da815662c5fe20d057659b6c4d4d1b0164b1d52398620a86d72e,1,3458bc6c47bc8c88d797cf96974ebcbd31ab39f21f2836f166b1423389a8ea0b,1,33.12479999931384,0.0,experiments/runtime_acceptance_host_roundtrip_scope_v2_20260826/raw_outputs/key_004__en__r1.json,0,0,0,0,0,1,local_first,key_004:en:r1,0,,5c3ffe49b31fab706230606c2c9a3509ebd83dff3a8f7122b190f49662bae39e,key_004,1,1,0
key_harmony,1,interactive_runtime_acceptance,,1.0,2,2,0,1.0,,,0.0,success,generated,seraedit_rule_v1,local_rule,1,0,zh,32.00900000047113,1,1.0,1.0,1,0,d773a04e61e3517cd736e87d57bf996168522579f7761bca7555736b233f7287,1,3458bc6c47bc8c88d797cf96974ebcbd31ab39f21f2836f166b1423389a8ea0b,1,32.00900000047113,0.0,experiments/runtime_acceptance_host_roundtrip_scope_v2_20260826/raw_outputs/key_004__zh__r1.json,0,0,0,0,0,1,local_first,key_004:zh:r1,0,,5c3ffe49b31fab706230606c2c9a3509ebd83dff3a8f7122b190f49662bae39e,key_004,1,1,0
key_harmony,1,interactive_runtime_acceptance,,1.0,2,2,0,1.0,,,0.0,success,generated,seraedit_rule_v1,local_rule,1,0,en,31.889300000329968,1,1.0,1.0,1,0,671b135a7efaad82683cc13b02574145c42e28d7b348a36c8c01ea6ffa313238,1,5413d94bbfade6e2ab4c4b2b76de9490067b76e86ed15487e53bb1b1ede3aecf,1,31.889300000329968,0.0,experiments/runtime_acceptance_host_roundtrip_scope_v2_20260826/raw_outputs/key_005__en__r1.json,0,0,0,0,0,1,local_first,key_005:en:r1,0,,7f53b49beb046328de6e95adf77af3e098f235c5de1ad880340f7e9cc80e4bee,key_005,1,1,0
key_harmony,1,interactive_runtime_acceptance,,1.0,2,2,0,1.0,,,0.0,success,generated,seraedit_rule_v1,local_rule,1,0,zh,32.84739999980957,1,1.0,1.0,1,0,a3b872a77368cf272de8df6c0a86df93335bc12cf45eafab88452933c203acb1,1,5413d94bbfade6e2ab4c4b2b76de9490067b76e86ed15487e53bb1b1ede3aecf,1,32.84739999980957,0.0,experiments/runtime_acceptance_host_roundtrip_scope_v2_20260826/raw_outputs/key_005__zh__r1.json,0,0,0,0,0,1,local_first,key_005:zh:r1,0,,7f53b49beb046328de6e95adf77af3e098f235c5de1ad880340f7e9cc80e4bee,key_005,1,1,0
pitch_transposition,1,interactive_runtime_acceptance,,1.0,2,2,0,1.0,,,0.0,success,generated,seraedit_rule_v1,local_rule,1,0,en,32.634199999847624,1,1.0,1.0,1,0,57760b6402454fbdb5ac5221f08211234ee9beb26f41e3d9ec95d1698efe9caa,1,8900bd2b5555849cc0550476ecdd20da4cca42589788906e4fb837b724fe3b64,1,32.634199999847624,0.0,experiments/runtime_acceptance_host_roundtrip_scope_v2_20260826/raw_outputs/pitch_001__en__r1.json,0,0,0,0,0,1,local_first,pitch_001:en:r1,1,2,55850cb79717082ee757334ddd402fb6a0094d963d3fcfcd6353fc580a81fc3f,pitch_001,1,1,0
pitch_transposition,1,interactive_runtime_acceptance,,1.0,2,2,0,1.0,,,0.0,success,generated,seraedit_rule_v1,local_rule,1,0,zh,33.09239999998681,1,1.0,1.0,1,0,40cc8b8622e7df3e63fa3cfcfde680b1fb0706ee13463a527856a33b3d1ffdeb,1,8900bd2b5555849cc0550476ecdd20da4cca42589788906e4fb837b724fe3b64,1,33.09239999998681,0.0,experiments/runtime_acceptance_host_roundtrip_scope_v2_20260826/raw_outputs/pitch_001__zh__r1.json,0,0,0,0,0,1,local_first,pitch_001:zh:r1,1,2,55850cb79717082ee757334ddd402fb6a0094d963d3fcfcd6353fc580a81fc3f,pitch_001,1,1,0
pitch_transposition,1,interactive_runtime_acceptance,,1.0,2,2,0,1.0,,,0.0,success,generated,seraedit_rule_v1,local_rule,1,0,en,33.382499999788706,1,1.0,1.0,1,0,e925c25f4c2dcd10c5d16fb4480ed2523a87bea425cbe9c1d96d1934014b40eb,1,0223a93a9273cfbd899779bb6cc393433a567d5d5eb4f64a36d5a4827fde6cc0,1,33.382499999788706,0.0,experiments/runtime_acceptance_host_roundtrip_scope_v2_20260826/raw_outputs/pitch_002__en__r1.json,0,0,0,0,0,1,local_first,pitch_002:en:r1,1,2,55850cb79717082ee757334ddd402fb6a0094d963d3fcfcd6353fc580a81fc3f,pitch_002,1,1,0
pitch_transposition,1,interactive_runtime_acceptance,,1.0,2,2,0,1.0,,,0.0,success,generated,seraedit_rule_v1,local_rule,1,0,zh,32.77090000028693,1,1.0,1.0,1,0,4978ab86621c7548bac8201e31c049305a98c4ab585b2e698847dcfec41f2a3c,1,0223a93a9273cfbd899779bb6cc393433a567d5d5eb4f64a36d5a4827fde6cc0,1,32.77090000028693,0.0,experiments/runtime_acceptance_host_roundtrip_scope_v2_20260826/raw_outputs/pitch_002__zh__r1.json,0,0,0,0,0,1,local_first,pitch_002:zh:r1,1,2,55850cb79717082ee757334ddd402fb6a0094d963d3fcfcd6353fc580a81fc3f,pitch_002,1,1,0
pitch_transposition,1,interactive_runtime_acceptance,,1.0,2,2,0,1.0,,,0.0,success,generated,seraedit_rule_v1,local_rule,1,0,en,33.39320000031876,1,1.0,1.0,1,0,9506dda9f8bdff3e62c81df82cefcd4140bb9f5d93f1db1110e6b3c5e4460c9c,1,ac32ea936731ee35e0a6be2915a90fbd35b9a82c5f090590aef785ece8f8c529,1,33.39320000031876,0.0,experiments/runtime_acceptance_host_roundtrip_scope_v2_20260826/raw_outputs/pitch_003__en__r1.json,0,0,0,0,0,1,local_first,pitch_003:en:r1,1,2,55850cb79717082ee757334ddd402fb6a0094d963d3fcfcd6353fc580a81fc3f,pitch_003,1,1,0
pitch_transposition,1,interactive_runtime_acceptance,,1.0,2,2,0,1.0,,,0.0,success,generated,seraedit_rule_v1,local_rule,1,0,zh,33.830700000180514,1,1.0,1.0,1,0,2cebcfbe8ac11da632d5a53a0115913c91bae96b39b3f33cbb27323f0140393d,1,ac32ea936731ee35e0a6be2915a90fbd35b9a82c5f090590aef785ece8f8c529,1,33.830700000180514,0.0,experiments/runtime_acceptance_host_roundtrip_scope_v2_20260826/raw_outputs/pitch_003__zh__r1.json,0,0,0,0,0,1,local_first,pitch_003:zh:r1,1,2,55850cb79717082ee757334ddd402fb6a0094d963d3fcfcd6353fc580a81fc3f,pitch_003,1,1,0
pitch_transposition,1,interactive_runtime_acceptance,,1.0,2,2,0,1.0,,,0.0,success,generated,seraedit_rule_v1,local_rule,1,0,en,51.456299999699695,1,1.0,1.0,1,0,96c10349931f4b13e460bac95185c649cbf1681d90714aadf0e066ddd0bee254,1,5fa54db56c56dadb805cb93fa5fb2ad27a3a3c1643318cc98299cda116d19c97,1,51.456299999699695,0.0,experiments/runtime_acceptance_host_roundtrip_scope_v2_20260826/raw_outputs/pitch_004__en__r1.json,0,0,0,0,0,1,local_first,pitch_004:en:r1,1,2,55850cb79717082ee757334ddd402fb6a0094d963d3fcfcd6353fc580a81fc3f,pitch_004,1,1,0
pitch_transposition,1,interactive_runtime_acceptance,,1.0,2,2,0,1.0,,,0.0,success,generated,seraedit_rule_v1,local_rule,1,0,zh,32.53529999983584,1,1.0,1.0,1,0,5141d6e3350018d5acfdce8c8286f73e5fbd3e015a430e0cd3558dae24110ec7,1,5fa54db56c56dadb805cb93fa5fb2ad27a3a3c1643318cc98299cda116d19c97,1,32.53529999983584,0.0,experiments/runtime_acceptance_host_roundtrip_scope_v2_20260826/raw_outputs/pitch_004__zh__r1.json,0,0,0,0,0,1,local_first,pitch_004:zh:r1,1,2,55850cb79717082ee757334ddd402fb6a0094d963d3fcfcd6353fc580a81fc3f,pitch_004,1,1,0
pitch_transposition,1,interactive_runtime_acceptance,,1.0,2,2,0,1.0,,,0.0,success,generated,seraedit_rule_v1,local_rule,1,0,en,34.44049999961862,1,1.0,1.0,1,0,832723ec2eb8872c45beeacefb7f73349c43794d979be1b9948498f74edc39b8,1,081b48bd422e6a0ccca390bf55641fed9c8ac59dc64dae3f8f412f5b64f28e52,1,34.44049999961862,0.0,experiments/runtime_acceptance_host_roundtrip_scope_v2_20260826/raw_outputs/pitch_005__en__r1.json,0,0,0,0,0,1,local_first,pitch_005:en:r1,1,2,55850cb79717082ee757334ddd402fb6a0094d963d3fcfcd6353fc580a81fc3f,pitch_005,1,1,0
pitch_transposition,1,interactive_runtime_acceptance,,1.0,2,2,0,1.0,,,0.0,success,generated,seraedit_rule_v1,local_rule,1,0,zh,33.61550000045099,1,1.0,1.0,1,0,54c2a7920b311c785cda9bf3d868c012f3e9c72c66a807e37bb072c9aa4fe99d,1,081b48bd422e6a0ccca390bf55641fed9c8ac59dc64dae3f8f412f5b64f28e52,1,33.61550000045099,0.0,experiments/runtime_acceptance_host_roundtrip_scope_v2_20260826/raw_outputs/pitch_005__zh__r1.json,0,0,0,0,0,1,local_first,pitch_005:zh:r1,1,2,55850cb79717082ee757334ddd402fb6a0094d963d3fcfcd6353fc580a81fc3f,pitch_005,1,1,0
rhythm_duration,1,interactive_runtime_acceptance,,1.0,2,2,0,1.0,,,0.0,success,generated,seraedit_rule_v1,local_rule,1,0,en,33.93999999934749,1,1.0,1.0,1,0,8dc8e661e0c8de15106d6ec6994b64e9c2a73fc0d59b6079adf9778495b3570e,1,4375ea0269003382cae538b4145d469b342c34f5f33f7f4d3024be376c380522,1,33.93999999934749,0.0,experiments/runtime_acceptance_host_roundtrip_scope_v2_20260826/raw_outputs/rhythm_001__en__r1.json,0,0,0,0,0,1,local_first,rhythm_001:en:r1,1,1,fc645ac691cb52609ddd2375ef7644635e38267ccaf0161519e98b9c77007719,rhythm_001,1,1,0
rhythm_duration,1,interactive_runtime_acceptance,,1.0,2,2,0,1.0,,,0.0,success,generated,seraedit_rule_v1,local_rule,1,0,zh,32.41119999984221,1,1.0,1.0,1,0,4d1dc96d526e90a7bc7d8d0e4fc789bf0b1e5132124c96cfdd79326dbf5b0c88,1,4375ea0269003382cae538b4145d469b342c34f5f33f7f4d3024be376c380522,1,32.41119999984221,0.0,experiments/runtime_acceptance_host_roundtrip_scope_v2_20260826/raw_outputs/rhythm_001__zh__r1.json,0,0,0,0,0,1,local_first,rhythm_001:zh:r1,1,1,fc645ac691cb52609ddd2375ef7644635e38267ccaf0161519e98b9c77007719,rhythm_001,1,1,0
rhythm_duration,1,interactive_runtime_acceptance,,1.0,2,2,0,1.0,,,0.0,success,generated,seraedit_rule_v1,local_rule,1,0,en,32.81169999991107,1,1.0,1.0,1,0,2a8c5fa76b31bf097caf03fd729bbf9aac5ff7575b008a038f37f026313e1a0d,1,0ce84ed0478428442328e400359cb7ae72e86be82ce0819eff2b2fcf81181a1f,1,32.81169999991107,0.0,experiments/runtime_acceptance_host_roundtrip_scope_v2_20260826/raw_outputs/rhythm_002__en__r1.json,0,0,0,0,0,1,local_first,rhythm_002:en:r1,1,1,fc645ac691cb52609ddd2375ef7644635e38267ccaf0161519e98b9c77007719,rhythm_002,1,1,0
rhythm_duration,1,interactive_runtime_acceptance,,1.0,2,2,0,1.0,,,0.0,success,generated,seraedit_rule_v1,local_rule,1,0,zh,33.923500000128115,1,1.0,1.0,1,0,b888324cdfed3b87de31e1d97345fc4b245631bc6ab495d6ce058801002ef496,1,0ce84ed0478428442328e400359cb7ae72e86be82ce0819eff2b2fcf81181a1f,1,33.923500000128115,0.0,experiments/runtime_acceptance_host_roundtrip_scope_v2_20260826/raw_outputs/rhythm_002__zh__r1.json,0,0,0,0,0,1,local_first,rhythm_002:zh:r1,1,1,fc645ac691cb52609ddd2375ef7644635e38267ccaf0161519e98b9c77007719,rhythm_002,1,1,0
rhythm_duration,1,interactive_runtime_acceptance,,1.0,2,2,0,1.0,,,0.0,success,generated,seraedit_rule_v1,local_rule,1,0,en,36.01699999944685,1,1.0,1.0,1,0,fbe7dfbdaf1aa9bb8fcf8a14eaff5703b4a269613e5ca66a1f5a7b2b09983d90,1,ca01d65e0c9f7bbcb871659b0e7cf169bc6e4be53b7999b9ac6e0972ffca12a7,1,36.01699999944685,0.0,experiments/runtime_acceptance_host_roundtrip_scope_v2_20260826/raw_outputs/rhythm_003__en__r1.json,0,0,0,0,0,1,local_first,rhythm_003:en:r1,1,1,fc645ac691cb52609ddd2375ef7644635e38267ccaf0161519e98b9c77007719,rhythm_003,1,1,0
rhythm_duration,1,interactive_runtime_acceptance,,1.0,2,2,0,1.0,,,0.0,success,generated,seraedit_rule_v1,local_rule,1,0,zh,37.76529999959166,1,1.0,1.0,1,0,823b81d1a14b9f046a30da30aab6c5411cfe7972652487216c82d8baf3924751,1,ca01d65e0c9f7bbcb871659b0e7cf169bc6e4be53b7999b9ac6e0972ffca12a7,1,37.76529999959166,0.0,experiments/runtime_acceptance_host_roundtrip_scope_v2_20260826/raw_outputs/rhythm_003__zh__r1.json,0,0,0,0,0,1,local_first,rhythm_003:zh:r1,1,1,fc645ac691cb52609ddd2375ef7644635e38267ccaf0161519e98b9c77007719,rhythm_003,1,1,0
rhythm_duration,1,interactive_runtime_acceptance,,1.0,2,2,0,1.0,,,0.0,success,generated,seraedit_rule_v1,local_rule,1,0,en,35.33960000004299,1,1.0,1.0,1,0,e76818f6dc1b4d292f3fb3331f460c87d42c90dcf3d2aedbcbdcd623b8353e47,1,d9cc66da248b6043f8036e5f91df77ef62d6a5913c72ea85c1ea230981b48de1,1,35.33960000004299,0.0,experiments/runtime_acceptance_host_roundtrip_scope_v2_20260826/raw_outputs/rhythm_004__en__r1.json,0,0,0,0,0,1,local_first,rhythm_004:en:r1,1,1,fc645ac691cb52609ddd2375ef7644635e38267ccaf0161519e98b9c77007719,rhythm_004,1,1,0
rhythm_duration,1,interactive_runtime_acceptance,,1.0,2,2,0,1.0,,,0.0,success,generated,seraedit_rule_v1,local_rule,1,0,zh,37.216100000478036,1,1.0,1.0,1,0,206d39b6473b314300b1d6019c7488590b44ca1d86a658f46f87480a5b62ce7e,1,d9cc66da248b6043f8036e5f91df77ef62d6a5913c72ea85c1ea230981b48de1,1,37.216100000478036,0.0,experiments/runtime_acceptance_host_roundtrip_scope_v2_20260826/raw_outputs/rhythm_004__zh__r1.json,0,0,0,0,0,1,local_first,rhythm_004:zh:r1,1,1,fc645ac691cb52609ddd2375ef7644635e38267ccaf0161519e98b9c77007719,rhythm_004,1,1,0
rhythm_duration,1,interactive_runtime_acceptance,,1.0,2,2,0,1.0,,,0.0,success,generated,seraedit_rule_v1,local_rule,1,0,en,33.70530000029248,1,1.0,1.0,1,0,02f16528d63168c7bbb5b3a753e8eb21f14b4bb08aafc08dc51458215b351e6d,1,caaa6eacfad0a29ce4ff16141b927a7438621b320fc6d02e873971bcf76c554a,1,33.70530000029248,0.0,experiments/runtime_acceptance_host_roundtrip_scope_v2_20260826/raw_outputs/rhythm_005__en__r1.json,0,0,0,0,0,1,local_first,rhythm_005:en:r1,1,1,fc645ac691cb52609ddd2375ef7644635e38267ccaf0161519e98b9c77007719,rhythm_005,1,1,0
rhythm_duration,1,interactive_runtime_acceptance,,1.0,2,2,0,1.0,,,0.0,success,generated,seraedit_rule_v1,local_rule,1,0,zh,36.90459999961604,1,1.0,1.0,1,0,de0fef6bb51f420507acaddd9a1d0bbe2e0cdf2c8baeb0d3efdb3743aed06fd4,1,caaa6eacfad0a29ce4ff16141b927a7438621b320fc6d02e873971bcf76c554a,1,36.90459999961604,0.0,experiments/runtime_acceptance_host_roundtrip_scope_v2_20260826/raw_outputs/rhythm_005__zh__r1.json,0,0,0,0,0,1,local_first,rhythm_005:zh:r1,1,1,fc645ac691cb52609ddd2375ef7644635e38267ccaf0161519e98b9c77007719,rhythm_005,1,1,0
pitch_transposition,1,interactive_runtime_acceptance,,1.0,2,2,0,0.8571428571428571,,,0.0,success,generated,seraedit_rule_v1,local_rule,1,0,en,74.48529999965103,1,1.0,0.8571428571428571,1,0,7bf961dde75493ef4090b385ea31feb8da8b4bb22803b1e901db12854b760d3c,1,8155790d7ead9e8077f8f5de080b97a440bd3054ebd0160be4b0a7de722a24b2,1,74.48529999965103,0.0,experiments/runtime_acceptance_host_roundtrip_scope_v2_20260826/raw_outputs/pitch_006__en__r1.json,0,0,0,0,0,1,local_first,pitch_006:en:r1,1,2,ad150c7af12b0781fd8499fb1a7d4b58a365afa4cafc7ed1f131fbe32dd651d2,pitch_006,1,1,0
pitch_transposition,1,interactive_runtime_acceptance,,1.0,2,2,0,0.8571428571428571,,,0.0,success,generated,seraedit_rule_v1,local_rule,1,0,zh,73.70850000006612,1,1.0,0.8571428571428571,1,0,77d5f525a2d065e85ac0b86e7685456e0b5713ff92d7db2acdc2f550e924d25f,1,8155790d7ead9e8077f8f5de080b97a440bd3054ebd0160be4b0a7de722a24b2,1,73.70850000006612,0.0,experiments/runtime_acceptance_host_roundtrip_scope_v2_20260826/raw_outputs/pitch_006__zh__r1.json,0,0,0,0,0,1,local_first,pitch_006:zh:r1,1,2,ad150c7af12b0781fd8499fb1a7d4b58a365afa4cafc7ed1f131fbe32dd651d2,pitch_006,1,1,0
rhythm_duration,1,interactive_runtime_acceptance,,1.0,2,2,0,1.0,,,0.0,success,generated,seraedit_rule_v1,local_rule,1,0,en,87.05660000032367,1,1.0,1.0,1,0,feabb07d1b7223b2a52c86de5fcd7a2630e4b39cd0a3dbcbdc449c12dc504ea9,1,d1fd884dc7857ce14beec703d08a5302e1eb580bf843d043e2ea45c245cff6c7,1,87.05660000032367,0.0,experiments/runtime_acceptance_host_roundtrip_scope_v2_20260826/raw_outputs/rhythm_006__en__r1.json,0,0,0,0,0,1,local_first,rhythm_006:en:r1,1,3,3cef603bcf788818c59801ed97af6a36c71b65cf5b90c75d51a010bd2ea37df6,rhythm_006,1,1,0
rhythm_duration,1,interactive_runtime_acceptance,,1.0,2,2,0,1.0,,,0.0,success,generated,seraedit_rule_v1,local_rule,1,0,zh,75.98699999925884,1,1.0,1.0,1,0,fc06b6a84a5e232b17f5d1d0de76417a2e6f0807cfeff765cd14846409ba2cbe,1,d1fd884dc7857ce14beec703d08a5302e1eb580bf843d043e2ea45c245cff6c7,1,75.98699999925884,0.0,experiments/runtime_acceptance_host_roundtrip_scope_v2_20260826/raw_outputs/rhythm_006__zh__r1.json,0,0,0,0,0,1,local_first,rhythm_006:zh:r1,1,3,3cef603bcf788818c59801ed97af6a36c71b65cf5b90c75d51a010bd2ea37df6,rhythm_006,1,1,0
key_harmony,1,interactive_runtime_acceptance,,1.0,2,2,0,1.0,,,0.0,success,generated,seraedit_rule_v1,local_rule,1,0,en,71.70029999997496,1,1.0,1.0,1,0,8a3c359179a6373221591a598c365a5406312bd8ddd6e72d00315458523e9481,1,4b83047c4717b6f2f58d6575ea19a3b5ad8850fce2769c74327ce4c7400de405,1,71.70029999997496,0.0,experiments/runtime_acceptance_host_roundtrip_scope_v2_20260826/raw_outputs/key_006__en__r1.json,0,0,0,0,0,1,local_first,key_006:en:r1,0,,c84b9fb046ec10cf76e0c677aaf0052ac4cb1ac7f3418684c3e9f4689a9fd79c,key_006,1,1,0
key_harmony,1,interactive_runtime_acceptance,,1.0,2,2,0,1.0,,,0.0,success,generated,seraedit_rule_v1,local_rule,1,0,zh,69.71460000022489,1,1.0,1.0,1,0,b0cafbbe8006d656fd9fffe8438529dbd4ed8a6d232a0747e563073678dd38a1,1,4b83047c4717b6f2f58d6575ea19a3b5ad8850fce2769c74327ce4c7400de405,1,69.71460000022489,0.0,experiments/runtime_acceptance_host_roundtrip_scope_v2_20260826/raw_outputs/key_006__zh__r1.json,0,0,0,0,0,1,local_first,key_006:zh:r1,0,,c84b9fb046ec10cf76e0c677aaf0052ac4cb1ac7f3418684c3e9f4689a9fd79c,key_006,1,1,0
voice_texture,1,interactive_runtime_acceptance,,1.0,8,8,0,1.0,,,0.0,success,generated,seraedit_rule_v1,local_rule,1,0,en,92.58030000000872,1,1.0,1.0,1,0,3fa09536697b2633307c9aabc4306c217960013756060063c1720c6687015c15,1,67024a0ff45e8588d13238d90ec4a3eef85d3ed5009dfa74264003bb7a92348a,1,92.58030000000872,0.0,experiments/runtime_acceptance_host_roundtrip_scope_v2_20260826/raw_outputs/voice_001__en__r1.json,0,0,0,0,0,1,local_first,voice_001:en:r1,1,2,e0b7446f3d25a1f582f66fdcc6caa816560846067f87e5f616dbe913126b3c5b,voice_001,1,1,0
voice_texture,1,interactive_runtime_acceptance,,1.0,8,8,0,1.0,,,0.0,success,generated,seraedit_rule_v1,local_rule,1,0,zh,91.13720000004832,1,1.0,1.0,1,0,7f7ae29ee3dbdbc774b2cc12d4806ec2c3983317a55e8d7d19d8574c1da38d21,1,67024a0ff45e8588d13238d90ec4a3eef85d3ed5009dfa74264003bb7a92348a,1,91.13720000004832,0.0,experiments/runtime_acceptance_host_roundtrip_scope_v2_20260826/raw_outputs/voice_001__zh__r1.json,0,0,0,0,0,1,local_first,voice_001:zh:r1,1,2,e0b7446f3d25a1f582f66fdcc6caa816560846067f87e5f616dbe913126b3c5b,voice_001,1,1,0
dynamics_articulation,1,interactive_runtime_acceptance,,1.0,3,3,0,1.0,,,0.0,success,generated,seraedit_rule_v1,local_rule,1,0,en,80.95950000006269,1,1.0,1.0,1,0,0c782e15bc8ad0830bb6c0890aedb765a9672f64775f804e697906a78dc20625,1,ea17853620ee34dfb7ea5844c9c5e01f510f4d383d83efd7ad27c4a37b08a0ef,1,80.95950000006269,0.0,experiments/runtime_acceptance_host_roundtrip_scope_v2_20260826/raw_outputs/dynamics_006__en__r1.json,0,0,0,0,0,1,local_first,dynamics_006:en:r1,0,,ba61859883bf5d15ad8d5e7bd2d1aec1c9b28f5a5f17bec76018e40b5781220d,dynamics_006,1,1,0
dynamics_articulation,1,interactive_runtime_acceptance,,1.0,3,3,0,1.0,,,0.0,success,generated,seraedit_rule_v1,local_rule,1,0,zh,76.11040000028879,1,1.0,1.0,1,0,2d1b2b27476fde614ddf264e8bdd01c719b1432e4452871f3827f839b3539026,1,ea17853620ee34dfb7ea5844c9c5e01f510f4d383d83efd7ad27c4a37b08a0ef,1,76.11040000028879,0.0,experiments/runtime_acceptance_host_roundtrip_scope_v2_20260826/raw_outputs/dynamics_006__zh__r1.json,0,0,0,0,0,1,local_first,dynamics_006:zh:r1,0,,ba61859883bf5d15ad8d5e7bd2d1aec1c9b28f5a5f17bec76018e40b5781220d,dynamics_006,1,1,0
insertion_deletion,1,interactive_runtime_acceptance,,1.0,2,2,0,1.0,,,0.0,success,generated,seraedit_rule_v1,local_rule,1,0,en,101.83509999933449,1,1.0,1.0,1,0,b6bf9c2e4b25ae798bc9efb3ed4b34ad7a9dfdd9f422df914e40cd93594c20af,1,cd8c1486c4a71452e1dd401ffe2f30e1e90346111da57b59feec409600b8fdcd,1,101.83509999933449,0.0,experiments/runtime_acceptance_host_roundtrip_scope_v2_20260826/raw_outputs/insertion_006__en__r1.json,0,0,0,0,0,1,local_first,insertion_006:en:r1,1,3,78488754397ee9d75ce8db9a3b89723fd9ad87dfb2018279ec11155edaeb1d57,insertion_006,1,1,0
insertion_deletion,1,interactive_runtime_acceptance,,1.0,2,2,0,1.0,,,0.0,success,generated,seraedit_rule_v1,local_rule,1,0,zh,92.40380000028381,1,1.0,1.0,1,0,d18c672e575859ed4eddad5d74276f36c7610c6e596d823627f7c67b30d6b5ae,1,cd8c1486c4a71452e1dd401ffe2f30e1e90346111da57b59feec409600b8fdcd,1,92.40380000028381,0.0,experiments/runtime_acceptance_host_roundtrip_scope_v2_20260826/raw_outputs/insertion_006__zh__r1.json,0,0,0,0,0,1,local_first,insertion_006:zh:r1,1,3,78488754397ee9d75ce8db9a3b89723fd9ad87dfb2018279ec11155edaeb1d57,insertion_006,1,1,0
ties_slurs_ornaments,1,interactive_runtime_acceptance,,1.0,4,4,0,1.0,,,0.0,success,generated,seraedit_rule_v1,local_rule,1,0,en,51.189200000408164,1,1.0,1.0,1,0,8a9fe2feb5920bcab007ffa265d9b54b3951c6304932c484faf244290942d84f,1,9cd7914b7b6f3f69721cefb6a6357145613407fc253081897a975a6342a2d5d4,1,51.189200000408164,0.0,experiments/runtime_acceptance_host_roundtrip_scope_v2_20260826/raw_outputs/ties_001__en__r1.json,0,0,0,0,0,1,local_first,ties_001:en:r1,1,2,20dc6c7b9b9fce6a4530991911bd293406185d9b446147c2cfbc6115e23435bf,ties_001,1,1,0
ties_slurs_ornaments,1,interactive_runtime_acceptance,,1.0,4,4,0,1.0,,,0.0,success,generated,seraedit_rule_v1,local_rule,1,0,zh,49.63859999952547,1,1.0,1.0,1,0,0ba6f3d226d9768a8a448369569a8d9904522e4c1fe4448871fe9c4b4215323e,1,9cd7914b7b6f3f69721cefb6a6357145613407fc253081897a975a6342a2d5d4,1,49.63859999952547,0.0,experiments/runtime_acceptance_host_roundtrip_scope_v2_20260826/raw_outputs/ties_001__zh__r1.json,0,0,0,0,0,1,local_first,ties_001:zh:r1,1,2,20dc6c7b9b9fce6a4530991911bd293406185d9b446147c2cfbc6115e23435bf,ties_001,1,1,0
meter_measure_structure,1,interactive_runtime_acceptance,,1.0,9,9,0,1.0,,,0.0,success,generated,seraedit_rule_v1,local_rule,1,0,en,43.08430000037333,1,1.0,1.0,1,0,1b070b711c63f0a61b0fe01401da93ca22d205b4149bd39e0ebb7c52f94cd691,1,49333e3b8bd8584f106bb1d8de1cbf7520bfca4a34933664ebef3a7bc86b14bc,1,43.08430000037333,0.0,experiments/runtime_acceptance_host_roundtrip_scope_v2_20260826/raw_outputs/meter_001__en__r1.json,0,0,0,0,0,1,local_first,meter_001:en:r1,0,,97fdafe39a56c75e93b51c0236d2fc8699b59e85b32a988d1ee61a82c1b6c593,meter_001,1,1,0
meter_measure_structure,1,interactive_runtime_acceptance,,1.0,9,9,0,1.0,,,0.0,success,generated,seraedit_rule_v1,local_rule,1,0,zh,43.49240000010468,1,1.0,1.0,1,0,04a11f9ca45791093b74899c8f8856c3c18efb4b6b66446c64c671e253785d75,1,49333e3b8bd8584f106bb1d8de1cbf7520bfca4a34933664ebef3a7bc86b14bc,1,43.49240000010468,0.0,experiments/runtime_acceptance_host_roundtrip_scope_v2_20260826/raw_outputs/meter_001__zh__r1.json,0,0,0,0,0,1,local_first,meter_001:zh:r1,0,,97fdafe39a56c75e93b51c0236d2fc8699b59e85b32a988d1ee61a82c1b6c593,meter_001,1,1,0
compound_multi_step,1,interactive_runtime_acceptance,,1.0,3,3,0,1.0,,,0.0,success,generated,seraedit_rule_v1,local_rule,1,0,en,66.606899999897,1,1.0,1.0,1,0,4c202493be02cacd29f2893827c72d756b09d5aab1bb43160a0c327c0c2fcec6,1,4c44c8328b33d2a860fc5014da7ed8c4656f339098ee5711d2449c0909ce88a1,1,66.606899999897,0.0,experiments/runtime_acceptance_host_roundtrip_scope_v2_20260826/raw_outputs/compound_001__en__r1.json,0,0,0,0,0,1,local_first,compound_001:en:r1,1,3,f02add4870808625eb9dfcc9ae01e387f338a1abfdd05b0672e4af7a309eb298,compound_001,1,1,0
compound_multi_step,1,interactive_runtime_acceptance,,1.0,3,3,0,1.0,,,0.0,success,generated,seraedit_rule_v1,local_rule,1,0,zh,49.07639999964886,1,1.0,1.0,1,0,0f6803d8cf86d71006843c88597099b1b7ec990c73cf60221a9c8355e149cfd8,1,4c44c8328b33d2a860fc5014da7ed8c4656f339098ee5711d2449c0909ce88a1,1,49.07639999964886,0.0,experiments/runtime_acceptance_host_roundtrip_scope_v2_20260826/raw_outputs/compound_001__zh__r1.json,0,0,0,0,0,1,local_first,compound_001:zh:r1,1,3,f02add4870808625eb9dfcc9ae01e387f338a1abfdd05b0672e4af7a309eb298,compound_001,1,1,0
conflicting_or_unsupported,1,interactive_runtime_acceptance,,1.0,1,1,1,1.0,,,0.0,refuse,refused,seraedit_rule_v1,local_rule,0,0,en,0.4923000005874201,,1.0,1.0,0,0,74234e98afe7498fb5daf1f36ac2d78acc339464f950703b8c019892f982b90b,0,refused,0,0.4923000005874201,0.0,experiments/runtime_acceptance_host_roundtrip_scope_v2_20260826/raw_outputs/conflict_006__en__r1.json,1,0,0,0,0,1,local_first,conflict_006:en:r1,0,,d07935fefb9eb378b16d51bcd1510040077a17127c632f31657c65ebe9093765,conflict_006,1,0,0
conflicting_or_unsupported,1,interactive_runtime_acceptance,,1.0,1,1,1,1.0,,,0.0,refuse,refused,seraedit_rule_v1,local_rule,0,0,zh,0.2629000000524684,,1.0,1.0,0,0,74234e98afe7498fb5daf1f36ac2d78acc339464f950703b8c019892f982b90b,0,refused,0,0.2629000000524684,0.0,experiments/runtime_acceptance_host_roundtrip_scope_v2_20260826/raw_outputs/conflict_006__zh__r1.json,1,0,0,0,0,1,local_first,conflict_006:zh:r1,0,,d07935fefb9eb378b16d51bcd1510040077a17127c632f31657c65ebe9093765,conflict_006,1,0,0
pitch_transposition,1,interactive_runtime_acceptance,,1.0,2,2,0,1.0,,,0.0,success,generated,seraedit_rule_v1,local_rule,1,0,en,47.57950000021083,1,1.0,1.0,1,0,4e0d7f0a155ae59623c6802e05dde2cf6765e5e81b1e73d6c5a2d7616c4d5472,1,ecf2a3c83b6224f1a7c887f4ab6e3c93fb84760ff46e38e576f29c163f91d4d4,1,47.57950000021083,0.0,experiments/runtime_acceptance_host_roundtrip_scope_v2_20260826/raw_outputs/pitch_007__en__r1.json,0,0,0,0,0,1,local_first,pitch_007:en:r1,1,2,aa502f29490ff4552d2f0a9fdada35c31a76c14ee543e4beb26b0c9188bc4f51,pitch_007,1,1,0
pitch_transposition,1,interactive_runtime_acceptance,,1.0,2,2,0,1.0,,,0.0,success,generated,seraedit_rule_v1,local_rule,1,0,zh,47.7694999999585,1,1.0,1.0,1,0,e8b47cf97050fde80ebee5eddf0b92d6748178e697536c94d53096698a53a210,1,ecf2a3c83b6224f1a7c887f4ab6e3c93fb84760ff46e38e576f29c163f91d4d4,1,47.7694999999585,0.0,experiments/runtime_acceptance_host_roundtrip_scope_v2_20260826/raw_outputs/pitch_007__zh__r1.json,0,0,0,0,0,1,local_first,pitch_007:zh:r1,1,2,aa502f29490ff4552d2f0a9fdada35c31a76c14ee543e4beb26b0c9188bc4f51,pitch_007,1,1,0
rhythm_duration,1,interactive_runtime_acceptance,,1.0,2,2,0,1.0,,,0.0,success,generated,seraedit_rule_v1,local_rule,1,0,en,49.693500000103086,1,1.0,1.0,1,0,114a748e376cc9c222818bea26eae938058df7ea5037235be51590ea4b45a4db,1,283ef39a4b2a874e41828330435ff7c5f734fdaf5db77bd60a6593e6c59f853f,1,49.693500000103086,0.0,experiments/runtime_acceptance_host_roundtrip_scope_v2_20260826/raw_outputs/rhythm_007__en__r1.json,0,0,0,0,0,1,local_first,rhythm_007:en:r1,1,3,a1aa2652b14d8df18eb78e010371092f8ca1c25469573f2807ec0d2f93aed886,rhythm_007,1,1,0
rhythm_duration,1,interactive_runtime_acceptance,,1.0,2,2,0,1.0,,,0.0,success,generated,seraedit_rule_v1,local_rule,1,0,zh,49.474999999802094,1,1.0,1.0,1,0,cb8b8ad895a779d17dd0eaca845a34d2b5694c44ba70304c08409ee31612c8cd,1,283ef39a4b2a874e41828330435ff7c5f734fdaf5db77bd60a6593e6c59f853f,1,49.474999999802094,0.0,experiments/runtime_acceptance_host_roundtrip_scope_v2_20260826/raw_outputs/rhythm_007__zh__r1.json,0,0,0,0,0,1,local_first,rhythm_007:zh:r1,1,3,a1aa2652b14d8df18eb78e010371092f8ca1c25469573f2807ec0d2f93aed886,rhythm_007,1,1,0
key_harmony,1,interactive_runtime_acceptance,,1.0,2,2,0,1.0,,,0.0,success,generated,seraedit_rule_v1,local_rule,1,0,en,69.35770000018238,1,1.0,1.0,1,0,9e2a48b582f800e841c3bb28b9eb9aa169c98b44520ea455cfd983d1950f8022,1,18db96f6eed862c4b13bcbb33db06e4696c865582a478e9449ffe390e45b35e1,1,69.35770000018238,0.0,experiments/runtime_acceptance_host_roundtrip_scope_v2_20260826/raw_outputs/key_007__en__r1.json,0,0,0,0,0,1,local_first,key_007:en:r1,0,,0a7d741614773fae0faec7a74bd9d098e2177c97a763376ea67e7eec922d13c8,key_007,1,1,0
key_harmony,1,interactive_runtime_acceptance,,1.0,2,2,0,1.0,,,0.0,success,generated,seraedit_rule_v1,local_rule,1,0,zh,52.058900000702124,1,1.0,1.0,1,0,0092b22466495c0869ce9eb9f01b8218841062b434b433b85884dd048510886b,1,18db96f6eed862c4b13bcbb33db06e4696c865582a478e9449ffe390e45b35e1,1,52.058900000702124,0.0,experiments/runtime_acceptance_host_roundtrip_scope_v2_20260826/raw_outputs/key_007__zh__r1.json,0,0,0,0,0,1,local_first,key_007:zh:r1,0,,0a7d741614773fae0faec7a74bd9d098e2177c97a763376ea67e7eec922d13c8,key_007,1,1,0
voice_texture,1,interactive_runtime_acceptance,,1.0,6,6,0,1.0,,,0.0,success,generated,seraedit_rule_v1,local_rule,1,0,en,57.383000000299944,1,1.0,1.0,1,0,c318340a6a67e6a4aded3734f8c47dc41dd03cbd3ee937acaaba73b8c7fc237c,1,db4312d52b8d80dd24688bced2934e410667ad10d6bc8e9ce8e1c6f942843912,1,57.383000000299944,0.0,experiments/runtime_acceptance_host_roundtrip_scope_v2_20260826/raw_outputs/voice_002__en__r1.json,0,0,0,0,0,1,local_first,voice_002:en:r1,1,2,0a6262a4fec12d3d4327379a3e1410a30749b349d2f00afd7a7648ffbd0a93e7,voice_002,1,1,0
voice_texture,1,interactive_runtime_acceptance,,1.0,6,6,0,1.0,,,0.0,success,generated,seraedit_rule_v1,local_rule,1,0,zh,57.32830000033573,1,1.0,1.0,1,0,3015bc1e0cd2cba1dbff91a30520e392d3e68d10f6f85dcddee486faab1c9d47,1,db4312d52b8d80dd24688bced2934e410667ad10d6bc8e9ce8e1c6f942843912,1,57.32830000033573,0.0,experiments/runtime_acceptance_host_roundtrip_scope_v2_20260826/raw_outputs/voice_002__zh__r1.json,0,0,0,0,0,1,local_first,voice_002:zh:r1,1,2,0a6262a4fec12d3d4327379a3e1410a30749b349d2f00afd7a7648ffbd0a93e7,voice_002,1,1,0
dynamics_articulation,1,interactive_runtime_acceptance,,1.0,3,3,0,1.0,,,0.0,success,generated,seraedit_rule_v1,local_rule,1,0,en,50.13070000040898,1,1.0,1.0,1,0,1f0571a9ae6bd007fe462388dbbf0107c54c6d92d780e51c4cc07a7a437be15c,1,bc68763e14d5e48b78365c65f2cc57818c5c5287bc4c953f7c209a6197989220,1,50.13070000040898,0.0,experiments/runtime_acceptance_host_roundtrip_scope_v2_20260826/raw_outputs/dynamics_007__en__r1.json,0,0,0,0,0,1,local_first,dynamics_007:en:r1,0,,42f9005ce84d8de1c2e58605c759ddb2599ca8f31e8aae4533be38b07d51497c,dynamics_007,1,1,0
dynamics_articulation,1,interactive_runtime_acceptance,,1.0,3,3,0,1.0,,,0.0,success,generated,seraedit_rule_v1,local_rule,1,0,zh,52.74680000002263,1,1.0,1.0,1,0,85dcae4bd63fe00c7558a87000afe12079eea19b4edaae8ef983ce9d1b66cdde,1,bc68763e14d5e48b78365c65f2cc57818c5c5287bc4c953f7c209a6197989220,1,52.74680000002263,0.0,experiments/runtime_acceptance_host_roundtrip_scope_v2_20260826/raw_outputs/dynamics_007__zh__r1.json,0,0,0,0,0,1,local_first,dynamics_007:zh:r1,0,,42f9005ce84d8de1c2e58605c759ddb2599ca8f31e8aae4533be38b07d51497c,dynamics_007,1,1,0
insertion_deletion,1,interactive_runtime_acceptance,,1.0,2,2,0,1.0,,,0.0,success,generated,seraedit_rule_v1,local_rule,1,0,en,55.292300000473915,1,1.0,1.0,1,0,d90263ddd1f643f33c95bb7082b666b9e29ceda1a66c30d15d986ef2eb367e20,1,72280b783edf46d46d56e430525f3d997c1791e6fbea05deb66ae9293bb3ee92,1,55.292300000473915,0.0,experiments/runtime_acceptance_host_roundtrip_scope_v2_20260826/raw_outputs/insertion_007__en__r1.json,0,0,0,0,0,1,local_first,insertion_007:en:r1,1,3,893ee5b40ddd64f021a411e45ebbffae62120c615de36dc5ef94400b5528a3a7,insertion_007,1,1,0
insertion_deletion,1,interactive_runtime_acceptance,,1.0,2,2,0,1.0,,,0.0,success,generated,seraedit_rule_v1,local_rule,1,0,zh,51.80300000029092,1,1.0,1.0,1,0,ad19d5fb832521936a906c36a183642ef49587ee1e2d9b9a2e9ccf677c075dc6,1,72280b783edf46d46d56e430525f3d997c1791e6fbea05deb66ae9293bb3ee92,1,51.80300000029092,0.0,experiments/runtime_acceptance_host_roundtrip_scope_v2_20260826/raw_outputs/insertion_007__zh__r1.json,0,0,0,0,0,1,local_first,insertion_007:zh:r1,1,3,893ee5b40ddd64f021a411e45ebbffae62120c615de36dc5ef94400b5528a3a7,insertion_007,1,1,0
ties_slurs_ornaments,1,interactive_runtime_acceptance,,1.0,4,4,0,1.0,,,0.0,success,generated,seraedit_rule_v1,local_rule,1,0,en,55.435299999771814,1,1.0,1.0,1,0,4982f459f607a8059dd2351d1fb8cad794f57625e28027a21f15578679bd2405,1,5d78aea2cdd46022a2b4ed30791a4f71e5a377793dc091db46257487c8391492,1,55.435299999771814,0.0,experiments/runtime_acceptance_host_roundtrip_scope_v2_20260826/raw_outputs/ties_002__en__r1.json,0,0,0,0,0,1,local_first,ties_002:en:r1,1,2,b912ddc14d3aafc7135be0ee4b8a8c206b12e5d0582b4fbf1a024ece999d568c,ties_002,1,1,0
ties_slurs_ornaments,1,interactive_runtime_acceptance,,1.0,4,4,0,1.0,,,0.0,success,generated,seraedit_rule_v1,local_rule,1,0,zh,54.47069999991072,1,1.0,1.0,1,0,d697c291104af565a210eb2dce1e8e5e3f95a56a04ac2f2119c6feaf582cce7b,1,5d78aea2cdd46022a2b4ed30791a4f71e5a377793dc091db46257487c8391492,1,54.47069999991072,0.0,experiments/runtime_acceptance_host_roundtrip_scope_v2_20260826/raw_outputs/ties_002__zh__r1.json,0,0,0,0,0,1,local_first,ties_002:zh:r1,1,2,b912ddc14d3aafc7135be0ee4b8a8c206b12e5d0582b4fbf1a024ece999d568c,ties_002,1,1,0
meter_measure_structure,1,interactive_runtime_acceptance,,1.0,3,3,0,1.0,,,0.0,success,generated,seraedit_rule_v1,local_rule,1,0,en,50.45650000010937,1,1.0,1.0,1,0,529852b58284bba964825c5be694b4f24118ff338c01735815cdb8a9ae8dcd78,1,734fc17eb2ef326ba8cd9ed750f56a1913ddb6f3ae35c1e3af14e79c64929f32,1,50.45650000010937,0.0,experiments/runtime_acceptance_host_roundtrip_scope_v2_20260826/raw_outputs/meter_002__en__r1.json,0,0,0,0,0,1,local_first,meter_002:en:r1,0,,4f1cf097d48cb3860058b259bced4d935ebe12b1e9d34dd7b53cd1e6bdfd2f7b,meter_002,1,1,0
meter_measure_structure,1,interactive_runtime_acceptance,,1.0,3,3,0,1.0,,,0.0,success,generated,seraedit_rule_v1,local_rule,1,0,zh,66.79850000000442,1,1.0,1.0,1,0,a83e9e16f68d79fe265c6b1d71425126a2629e5cdc126ff57e1042fd2f73b37c,1,734fc17eb2ef326ba8cd9ed750f56a1913ddb6f3ae35c1e3af14e79c64929f32,1,66.79850000000442,0.0,experiments/runtime_acceptance_host_roundtrip_scope_v2_20260826/raw_outputs/meter_002__zh__r1.json,0,0,0,0,0,1,local_first,meter_002:zh:r1,0,,4f1cf097d48cb3860058b259bced4d935ebe12b1e9d34dd7b53cd1e6bdfd2f7b,meter_002,1,1,0
compound_multi_step,1,interactive_runtime_acceptance,,1.0,3,3,0,1.0,,,0.0,success,generated,seraedit_rule_v1,local_rule,1,0,en,67.38339999992604,1,1.0,1.0,1,0,9a09d40fa3f6629be22cd83b948ba42ba991a1d7419c1e703b3e3db39f705e90,1,b696e414eb3171e6863824b599daa7cee3f51ee6423e71c924f0fd916bb1edcd,1,67.38339999992604,0.0,experiments/runtime_acceptance_host_roundtrip_scope_v2_20260826/raw_outputs/compound_002__en__r1.json,0,0,0,0,0,1,local_first,compound_002:en:r1,1,3,3f56db7893c960f71959be0e9f9b9591bdfb8bac699547b02acf0f8b1b359aef,compound_002,1,1,0
compound_multi_step,1,interactive_runtime_acceptance,,1.0,3,3,0,1.0,,,0.0,success,generated,seraedit_rule_v1,local_rule,1,0,zh,71.94619999972929,1,1.0,1.0,1,0,95e781f131a278d897f21d624c4ab4b9846836cffa9ef222871644fc86403849,1,b696e414eb3171e6863824b599daa7cee3f51ee6423e71c924f0fd916bb1edcd,1,71.94619999972929,0.0,experiments/runtime_acceptance_host_roundtrip_scope_v2_20260826/raw_outputs/compound_002__zh__r1.json,0,0,0,0,0,1,local_first,compound_002:zh:r1,1,3,3f56db7893c960f71959be0e9f9b9591bdfb8bac699547b02acf0f8b1b359aef,compound_002,1,1,0
conflicting_or_unsupported,1,interactive_runtime_acceptance,,1.0,1,1,1,1.0,,,0.0,refuse,refused,seraedit_rule_v1,local_rule,0,0,en,0.7163000000218744,,1.0,1.0,0,0,74234e98afe7498fb5daf1f36ac2d78acc339464f950703b8c019892f982b90b,0,refused,0,0.7163000000218744,0.0,experiments/runtime_acceptance_host_roundtrip_scope_v2_20260826/raw_outputs/conflict_007__en__r1.json,1,0,0,0,0,1,local_first,conflict_007:en:r1,1,2,d07935fefb9eb378b16d51bcd1510040077a17127c632f31657c65ebe9093765,conflict_007,1,0,0
conflicting_or_unsupported,1,interactive_runtime_acceptance,,1.0,1,1,1,1.0,,,0.0,refuse,refused,seraedit_rule_v1,local_rule,0,0,zh,0.6594000005861744,,1.0,1.0,0,0,74234e98afe7498fb5daf1f36ac2d78acc339464f950703b8c019892f982b90b,0,refused,0,0.6594000005861744,0.0,experiments/runtime_acceptance_host_roundtrip_scope_v2_20260826/raw_outputs/conflict_007__zh__r1.json,1,0,0,0,0,1,local_first,conflict_007:zh:r1,1,2,d07935fefb9eb378b16d51bcd1510040077a17127c632f31657c65ebe9093765,conflict_007,1,0,0
pitch_transposition,1,interactive_runtime_acceptance,,1.0,2,2,0,0.8571428571428571,,,0.0,success,generated,seraedit_rule_v1,local_rule,1,0,en,69.96499999968364,1,1.0,0.8571428571428571,1,0,21e9951cb159b71a994a13be494270393509bd72377147683c6b2c6a4ef0a452,1,fee990377e59830825101a2f25546e732f637796e2136a3b2e775f83e7ef2baf,1,69.96499999968364,0.0,experiments/runtime_acceptance_host_roundtrip_scope_v2_20260826/raw_outputs/pitch_008__en__r1.json,0,0,0,0,0,1,local_first,pitch_008:en:r1,1,2,ffd738665f9ccc40a277f3b4b05776fb81bbc6f61780bff8a47f6c6188ff16fb,pitch_008,1,1,0
pitch_transposition,1,interactive_runtime_acceptance,,1.0,2,2,0,0.8571428571428571,,,0.0,success,generated,seraedit_rule_v1,local_rule,1,0,zh,69.66230000034557,1,1.0,0.8571428571428571,1,0,8820ff577ec44f5d39047f328afdb6054ebf08c77725b2af4d1e7a5374682eac,1,fee990377e59830825101a2f25546e732f637796e2136a3b2e775f83e7ef2baf,1,69.66230000034557,0.0,experiments/runtime_acceptance_host_roundtrip_scope_v2_20260826/raw_outputs/pitch_008__zh__r1.json,0,0,0,0,0,1,local_first,pitch_008:zh:r1,1,2,ffd738665f9ccc40a277f3b4b05776fb81bbc6f61780bff8a47f6c6188ff16fb,pitch_008,1,1,0
rhythm_duration,1,interactive_runtime_acceptance,,1.0,2,2,0,1.0,,,0.0,success,generated,seraedit_rule_v1,local_rule,1,0,en,84.58229999996547,1,1.0,1.0,1,0,8b59729608c091c3eb39e0b3bb2f067f9783f725c387d11d0cc4f9f400d0a9d7,1,c9dd237228845d4a9699a6c806648923215781a7c591b0e8309220c4f3f6f757,1,84.58229999996547,0.0,experiments/runtime_acceptance_host_roundtrip_scope_v2_20260826/raw_outputs/rhythm_008__en__r1.json,0,0,0,0,0,1,local_first,rhythm_008:en:r1,1,3,5db2c3d73639436b0463b5866e4237d552ea9a18d01ea669ae4c41b2cb506ece,rhythm_008,1,1,0
rhythm_duration,1,interactive_runtime_acceptance,,1.0,2,2,0,1.0,,,0.0,success,generated,seraedit_rule_v1,local_rule,1,0,zh,68.82279999990715,1,1.0,1.0,1,0,4fbf214cd83861686ca401a7e6ec6a79a6e3ba3b33180b4aec5145b7000d3174,1,c9dd237228845d4a9699a6c806648923215781a7c591b0e8309220c4f3f6f757,1,68.82279999990715,0.0,experiments/runtime_acceptance_host_roundtrip_scope_v2_20260826/raw_outputs/rhythm_008__zh__r1.json,0,0,0,0,0,1,local_first,rhythm_008:zh:r1,1,3,5db2c3d73639436b0463b5866e4237d552ea9a18d01ea669ae4c41b2cb506ece,rhythm_008,1,1,0
key_harmony,1,interactive_runtime_acceptance,,1.0,2,2,0,1.0,,,0.0,success,generated,seraedit_rule_v1,local_rule,1,0,en,65.08639999992738,1,1.0,1.0,1,0,0bae61c81d1c4e82c0346a2eca44d6e8faefe6d21f448dd4422603530c3cd6ac,1,0bb47cf7ddc59d0a82ac99195bbf242c206a16fc94c785f6aadf27213eeafaa5,1,65.08639999992738,0.0,experiments/runtime_acceptance_host_roundtrip_scope_v2_20260826/raw_outputs/key_008__en__r1.json,0,0,0,0,0,1,local_first,key_008:en:r1,0,,126c37da9e623040222addd9299ba1df1f6269b0f69f854831198c4b4edc3317,key_008,1,1,0
key_harmony,1,interactive_runtime_acceptance,,1.0,2,2,0,1.0,,,0.0,success,generated,seraedit_rule_v1,local_rule,1,0,zh,66.28639999962616,1,1.0,1.0,1,0,23f8fbd086caf61a5dfa9ce8622a7a398b4dee5c9c9a4c817d61422a51a2c571,1,0bb47cf7ddc59d0a82ac99195bbf242c206a16fc94c785f6aadf27213eeafaa5,1,66.28639999962616,0.0,experiments/runtime_acceptance_host_roundtrip_scope_v2_20260826/raw_outputs/key_008__zh__r1.json,0,0,0,0,0,1,local_first,key_008:zh:r1,0,,126c37da9e623040222addd9299ba1df1f6269b0f69f854831198c4b4edc3317,key_008,1,1,0
voice_texture,1,interactive_runtime_acceptance,,1.0,8,8,0,1.0,,,0.0,success,generated,seraedit_rule_v1,local_rule,1,0,en,69.93859999965935,1,1.0,1.0,1,0,4d3eb1d4fc1859f83f6e73a92d32f1ff3ad77f01c829b24772b97bc74ba1dc7c,1,c018ebfdd11e07be623d239e2e410ab82b1991c20ac452013700d462d45004ac,1,69.93859999965935,0.0,experiments/runtime_acceptance_host_roundtrip_scope_v2_20260826/raw_outputs/voice_003__en__r1.json,0,0,0,0,0,1,local_first,voice_003:en:r1,1,2,a921208008743f46fd9b1b9f5f708fbbd17947ebd89a875e2ccac95de5bf9d92,voice_003,1,1,0
voice_texture,1,interactive_runtime_acceptance,,1.0,8,8,0,1.0,,,0.0,success,generated,seraedit_rule_v1,local_rule,1,0,zh,69.65550000040821,1,1.0,1.0,1,0,4988438a9bb65effea73193f46190db78c30305383513607113095e153f1721e,1,c018ebfdd11e07be623d239e2e410ab82b1991c20ac452013700d462d45004ac,1,69.65550000040821,0.0,experiments/runtime_acceptance_host_roundtrip_scope_v2_20260826/raw_outputs/voice_003__zh__r1.json,0,0,0,0,0,1,local_first,voice_003:zh:r1,1,2,a921208008743f46fd9b1b9f5f708fbbd17947ebd89a875e2ccac95de5bf9d92,voice_003,1,1,0
ties_slurs_ornaments,1,interactive_runtime_acceptance,,1.0,4,4,0,1.0,,,0.0,success,generated,seraedit_rule_v1,local_rule,1,0,en,56.90359999971406,1,1.0,1.0,1,0,571040f6758e557d660b29f42f17750f7d18e3af697a7380fe946c4345c725b5,1,77d5aec81251817abe9cc4687550477f105d328d23ba2e45f62233b3aa236e89,1,56.90359999971406,0.0,experiments/runtime_acceptance_host_roundtrip_scope_v2_20260826/raw_outputs/ties_003__en__r1.json,0,0,0,0,0,1,local_first,ties_003:en:r1,1,2,fc8d359db974aab3bd9f94b9e475e5f5cd39f17f1fea01c28c4f1c58ed1118cc,ties_003,1,1,0
ties_slurs_ornaments,1,interactive_runtime_acceptance,,1.0,4,4,0,1.0,,,0.0,success,generated,seraedit_rule_v1,local_rule,1,0,zh,54.376399999455316,1,1.0,1.0,1,0,4bc3983de0c3afbbee1d07ac20a6b97966669b283ff7be4fe738d33cdf491d05,1,77d5aec81251817abe9cc4687550477f105d328d23ba2e45f62233b3aa236e89,1,54.376399999455316,0.0,experiments/runtime_acceptance_host_roundtrip_scope_v2_20260826/raw_outputs/ties_003__zh__r1.json,0,0,0,0,0,1,local_first,ties_003:zh:r1,1,2,fc8d359db974aab3bd9f94b9e475e5f5cd39f17f1fea01c28c4f1c58ed1118cc,ties_003,1,1,0
meter_measure_structure,1,interactive_runtime_acceptance,,1.0,3,3,0,1.0,,,0.0,success,generated,seraedit_rule_v1,local_rule,1,0,en,52.90899999999965,1,1.0,1.0,1,0,6fc62d3ebe83f74754ad91ead46baa1ccf884d09673b09f21a333dbd322eb3ee,1,e0fce626a311070fd763eb020daabecb52ea187e98241ec62577815d171214e3,1,52.90899999999965,0.0,experiments/runtime_acceptance_host_roundtrip_scope_v2_20260826/raw_outputs/meter_003__en__r1.json,0,0,0,0,0,1,local_first,meter_003:en:r1,0,,4f1cf097d48cb3860058b259bced4d935ebe12b1e9d34dd7b53cd1e6bdfd2f7b,meter_003,1,1,0
meter_measure_structure,1,interactive_runtime_acceptance,,1.0,3,3,0,1.0,,,0.0,success,generated,seraedit_rule_v1,local_rule,1,0,zh,50.70640000030835,1,1.0,1.0,1,0,f1d04506e9886a12643c2315e70294fd580eea537447f280870392def768c4e5,1,e0fce626a311070fd763eb020daabecb52ea187e98241ec62577815d171214e3,1,50.70640000030835,0.0,experiments/runtime_acceptance_host_roundtrip_scope_v2_20260826/raw_outputs/meter_003__zh__r1.json,0,0,0,0,0,1,local_first,meter_003:zh:r1,0,,4f1cf097d48cb3860058b259bced4d935ebe12b1e9d34dd7b53cd1e6bdfd2f7b,meter_003,1,1,0
compound_multi_step,1,interactive_runtime_acceptance,,1.0,3,3,0,1.0,,,0.0,success,generated,seraedit_rule_v1,local_rule,1,0,en,72.85870000032446,1,1.0,1.0,1,0,5c5cb03711fa1ac19835ffe884f092a3bdf7270286d4df52545f2b253cca8256,1,d7255d530f3ca1394c4b08c5803a3af3c9b998d7eba6e7937e1d3029fbca2ba9,1,72.85870000032446,0.0,experiments/runtime_acceptance_host_roundtrip_scope_v2_20260826/raw_outputs/compound_003__en__r1.json,0,0,0,0,0,1,local_first,compound_003:en:r1,1,3,4b98cd793fe4ebb779d228a7654636e6ab8d1f41128438d027c4707817622e26,compound_003,1,1,0
compound_multi_step,1,interactive_runtime_acceptance,,1.0,3,3,0,1.0,,,0.0,success,generated,seraedit_rule_v1,local_rule,1,0,zh,54.0075999997498,1,1.0,1.0,1,0,6b0730d624f20e49dc500450ed4c7eaa4beedba35795cc10cb3da8bb4c3c32fc,1,d7255d530f3ca1394c4b08c5803a3af3c9b998d7eba6e7937e1d3029fbca2ba9,1,54.0075999997498,0.0,experiments/runtime_acceptance_host_roundtrip_scope_v2_20260826/raw_outputs/compound_003__zh__r1.json,0,0,0,0,0,1,local_first,compound_003:zh:r1,1,3,4b98cd793fe4ebb779d228a7654636e6ab8d1f41128438d027c4707817622e26,compound_003,1,1,0
voice_texture,1,interactive_runtime_acceptance,,1.0,6,6,0,1.0,,,0.0,success,generated,seraedit_rule_v1,local_rule,1,0,en,51.77499999990687,1,1.0,1.0,1,0,33aff8ab03e5f22b4b40716b6c759695102f0a39dd4c17a0367564cf98e0f818,1,0c6617a45c50b8c3947cfaec0e6fc9130f8b8e7ea850bbc77a0bc3c70087fc96,1,51.77499999990687,0.0,experiments/runtime_acceptance_host_roundtrip_scope_v2_20260826/raw_outputs/voice_004__en__r1.json,0,0,0,0,0,1,local_first,voice_004:en:r1,1,2,6b7ec73b52a6a0c55a7ed2ee744607cd9157b5740c815f86009d1367c3e92904,voice_004,1,1,0
voice_texture,1,interactive_runtime_acceptance,,1.0,6,6,0,1.0,,,0.0,success,generated,seraedit_rule_v1,local_rule,1,0,zh,52.775199999814504,1,1.0,1.0,1,0,63feca76457c0270781cbf821b42ba35d0ebea7187a32456e58345936c2479ac,1,0c6617a45c50b8c3947cfaec0e6fc9130f8b8e7ea850bbc77a0bc3c70087fc96,1,52.775199999814504,0.0,experiments/runtime_acceptance_host_roundtrip_scope_v2_20260826/raw_outputs/voice_004__zh__r1.json,0,0,0,0,0,1,local_first,voice_004:zh:r1,1,2,6b7ec73b52a6a0c55a7ed2ee744607cd9157b5740c815f86009d1367c3e92904,voice_004,1,1,0
ties_slurs_ornaments,1,interactive_runtime_acceptance,,1.0,4,4,0,1.0,,,0.0,success,generated,seraedit_rule_v1,local_rule,1,0,en,55.07690000013099,1,1.0,1.0,1,0,42fb3287f60dfd4f8b48f6f6ddd2d7201b5b16c86334ede495321afedd77ecb7,1,77d5aec81251817abe9cc4687550477f105d328d23ba2e45f62233b3aa236e89,1,55.07690000013099,0.0,experiments/runtime_acceptance_host_roundtrip_scope_v2_20260826/raw_outputs/ties_004__en__r1.json,0,0,0,0,0,1,local_first,ties_004:en:r1,1,2,fc8d359db974aab3bd9f94b9e475e5f5cd39f17f1fea01c28c4f1c58ed1118cc,ties_004,1,1,0
ties_slurs_ornaments,1,interactive_runtime_acceptance,,1.0,4,4,0,1.0,,,0.0,success,generated,seraedit_rule_v1,local_rule,1,0,zh,71.84629999937897,1,1.0,1.0,1,0,c1997e14415395c2573c89cd8fe7578b4d8740608c70fc299b8ef3fca3c4e967,1,77d5aec81251817abe9cc4687550477f105d328d23ba2e45f62233b3aa236e89,1,71.84629999937897,0.0,experiments/runtime_acceptance_host_roundtrip_scope_v2_20260826/raw_outputs/ties_004__zh__r1.json,0,0,0,0,0,1,local_first,ties_004:zh:r1,1,2,fc8d359db974aab3bd9f94b9e475e5f5cd39f17f1fea01c28c4f1c58ed1118cc,ties_004,1,1,0
voice_texture,1,interactive_runtime_acceptance,,1.0,6,6,0,1.0,,,0.0,success,generated,seraedit_rule_v1,local_rule,1,0,en,52.55880000004254,1,1.0,1.0,1,0,d9459b50e538aecdbba6fe9982f30d6ac38223ccf55f9642e85b76049301b84e,1,0c6617a45c50b8c3947cfaec0e6fc9130f8b8e7ea850bbc77a0bc3c70087fc96,1,52.55880000004254,0.0,experiments/runtime_acceptance_host_roundtrip_scope_v2_20260826/raw_outputs/voice_005__en__r1.json,0,0,0,0,0,1,local_first,voice_005:en:r1,1,2,6b7ec73b52a6a0c55a7ed2ee744607cd9157b5740c815f86009d1367c3e92904,voice_005,1,1,0
voice_texture,1,interactive_runtime_acceptance,,1.0,6,6,0,1.0,,,0.0,success,generated,seraedit_rule_v1,local_rule,1,0,zh,54.03240000032383,1,1.0,1.0,1,0,a8478161a440d4eb1f5a05c25275d456f039bcb1ff9802150e349b940c12a210,1,0c6617a45c50b8c3947cfaec0e6fc9130f8b8e7ea850bbc77a0bc3c70087fc96,1,54.03240000032383,0.0,experiments/runtime_acceptance_host_roundtrip_scope_v2_20260826/raw_outputs/voice_005__zh__r1.json,0,0,0,0,0,1,local_first,voice_005:zh:r1,1,2,6b7ec73b52a6a0c55a7ed2ee744607cd9157b5740c815f86009d1367c3e92904,voice_005,1,1,0
pitch_transposition,1,interactive_runtime_acceptance,,1.0,2,2,0,1.0,,,0.0,success,generated,seraedit_rule_v1,local_rule,1,0,en,52.276200000051176,1,1.0,1.0,1,0,1eb0be005d0f833660c73f3ec17f3afc10bedd59a30acfd92196afc8ff0c1d01,1,bbe8f7728170bfe44a160bd9857dc06a4f37e596addbda200df5a2af49e073f2,1,52.276200000051176,0.0,experiments/runtime_acceptance_host_roundtrip_scope_v2_20260826/raw_outputs/pitch_009__en__r1.json,0,0,0,0,0,1,local_first,pitch_009:en:r1,1,2,717de55950d85f90efdc25506a368ab4c0607079132216fc620e34192d53de65,pitch_009,1,1,0
pitch_transposition,1,interactive_runtime_acceptance,,1.0,2,2,0,1.0,,,0.0,success,generated,seraedit_rule_v1,local_rule,1,0,zh,46.2297000003673,1,1.0,1.0,1,0,267cac28627c12cf55ea8a59d5b3a091522514bda757468ee0a4614f84557e31,1,bbe8f7728170bfe44a160bd9857dc06a4f37e596addbda200df5a2af49e073f2,1,46.2297000003673,0.0,experiments/runtime_acceptance_host_roundtrip_scope_v2_20260826/raw_outputs/pitch_009__zh__r1.json,0,0,0,0,0,1,local_first,pitch_009:zh:r1,1,2,717de55950d85f90efdc25506a368ab4c0607079132216fc620e34192d53de65,pitch_009,1,1,0
rhythm_duration,1,interactive_runtime_acceptance,,1.0,2,2,0,1.0,,,0.0,success,generated,seraedit_rule_v1,local_rule,1,0,en,48.0360000001383,1,1.0,1.0,1,0,15f62e004191728b8a2634600dbe56a269c32dcc21938c9d6e421c23d21f114a,1,f585f6619e2a7d74980d345251c03c059428ea3336c2a4bf914f85d7891b5d13,1,48.0360000001383,0.0,experiments/runtime_acceptance_host_roundtrip_scope_v2_20260826/raw_outputs/rhythm_009__en__r1.json,0,0,0,0,0,1,local_first,rhythm_009:en:r1,1,3,8f9068b7fcf0b2feb32892b5d9f24cb6a2f90cdcacf04d40961787a04589afb8,rhythm_009,1,1,0
rhythm_duration,1,interactive_runtime_acceptance,,1.0,2,2,0,1.0,,,0.0,success,generated,seraedit_rule_v1,local_rule,1,0,zh,63.47450000066601,1,1.0,1.0,1,0,d11e82ebd903696d87c97cb5a9224d1ba0085bba0dfa84af222ada4eb790eabd,1,f585f6619e2a7d74980d345251c03c059428ea3336c2a4bf914f85d7891b5d13,1,63.47450000066601,0.0,experiments/runtime_acceptance_host_roundtrip_scope_v2_20260826/raw_outputs/rhythm_009__zh__r1.json,0,0,0,0,0,1,local_first,rhythm_009:zh:r1,1,3,8f9068b7fcf0b2feb32892b5d9f24cb6a2f90cdcacf04d40961787a04589afb8,rhythm_009,1,1,0
key_harmony,1,interactive_runtime_acceptance,,1.0,2,2,0,1.0,,,0.0,success,generated,seraedit_rule_v1,local_rule,1,0,en,45.840400000088266,1,1.0,1.0,1,0,0522142a34bd69cbeb95322021a9c4e3edfc0165f222202488806aed8765e90d,1,31f171854fed728859b27b852c7e740052195112f551c9d0fd4996ac65de2511,1,45.840400000088266,0.0,experiments/runtime_acceptance_host_roundtrip_scope_v2_20260826/raw_outputs/key_009__en__r1.json,0,0,0,0,0,1,local_first,key_009:en:r1,0,,25471c10e31a8c96d1778e35d61f2366f7a8470f1a00dec24aceaf932b626f04,key_009,1,1,0
key_harmony,1,interactive_runtime_acceptance,,1.0,2,2,0,1.0,,,0.0,success,generated,seraedit_rule_v1,local_rule,1,0,zh,48.361900000600144,1,1.0,1.0,1,0,1c60c99f6e6245ecbb22d31eba3584a7ab74d321172d436daca07f40c12ad0bb,1,31f171854fed728859b27b852c7e740052195112f551c9d0fd4996ac65de2511,1,48.361900000600144,0.0,experiments/runtime_acceptance_host_roundtrip_scope_v2_20260826/raw_outputs/key_009__zh__r1.json,0,0,0,0,0,1,local_first,key_009:zh:r1,0,,25471c10e31a8c96d1778e35d61f2366f7a8470f1a00dec24aceaf932b626f04,key_009,1,1,0
voice_texture,1,interactive_runtime_acceptance,,1.0,6,6,0,1.0,,,0.0,success,generated,seraedit_rule_v1,local_rule,1,0,en,49.54079999970418,1,1.0,1.0,1,0,7c9942a4d6afb4a9a7db2b7e8819f338fa36298f32f3b53184bc97878048acbe,1,cbfc1447e9362f4cbd832d50b78ebacd04a19dceabc49ee26781fb7d1f03c11a,1,49.54079999970418,0.0,experiments/runtime_acceptance_host_roundtrip_scope_v2_20260826/raw_outputs/voice_006__en__r1.json,0,0,0,0,0,1,local_first,voice_006:en:r1,1,2,8bc62d2e173fd8cfacaf1f2cfa4cfe6011575a515096c9cb67108d25806cd2c7,voice_006,1,1,0
voice_texture,1,interactive_runtime_acceptance,,1.0,6,6,0,1.0,,,0.0,success,generated,seraedit_rule_v1,local_rule,1,0,zh,47.29849999966973,1,1.0,1.0,1,0,46676365c76011d55e99c4db26c7d0c5e564474c8c0be7f2c3338d24f43fb89b,1,cbfc1447e9362f4cbd832d50b78ebacd04a19dceabc49ee26781fb7d1f03c11a,1,47.29849999966973,0.0,experiments/runtime_acceptance_host_roundtrip_scope_v2_20260826/raw_outputs/voice_006__zh__r1.json,0,0,0,0,0,1,local_first,voice_006:zh:r1,1,2,8bc62d2e173fd8cfacaf1f2cfa4cfe6011575a515096c9cb67108d25806cd2c7,voice_006,1,1,0
dynamics_articulation,1,interactive_runtime_acceptance,,1.0,3,3,0,1.0,,,0.0,success,generated,seraedit_rule_v1,local_rule,1,0,en,48.88359999949898,1,1.0,1.0,1,0,a60f140ebe13a99972b0b9bb23ede248ab41102f209d5fc5b4caeba812e790e3,1,18978caad6ca4a017adfe4844b228e79c41926b792316bc9db7ea24c2b3f5fa2,1,48.88359999949898,0.0,experiments/runtime_acceptance_host_roundtrip_scope_v2_20260826/raw_outputs/dynamics_008__en__r1.json,0,0,0,0,0,1,local_first,dynamics_008:en:r1,0,,8001a714da55b6e6c180f83c57e0692c9af9ced1c08d4387df861675345583d3,dynamics_008,1,1,0
dynamics_articulation,1,interactive_runtime_acceptance,,1.0,3,3,0,1.0,,,0.0,success,generated,seraedit_rule_v1,local_rule,1,0,zh,46.64109999976063,1,1.0,1.0,1,0,79c67b9f8b32a0e5f4c49fc34caa4ec1e613dc0fbb04a0fbd8a4b603ce99acd1,1,18978caad6ca4a017adfe4844b228e79c41926b792316bc9db7ea24c2b3f5fa2,1,46.64109999976063,0.0,experiments/runtime_acceptance_host_roundtrip_scope_v2_20260826/raw_outputs/dynamics_008__zh__r1.json,0,0,0,0,0,1,local_first,dynamics_008:zh:r1,0,,8001a714da55b6e6c180f83c57e0692c9af9ced1c08d4387df861675345583d3,dynamics_008,1,1,0
insertion_deletion,1,interactive_runtime_acceptance,,1.0,2,2,0,1.0,,,0.0,success,generated,seraedit_rule_v1,local_rule,1,0,en,65.1268000001437,1,1.0,1.0,1,0,48c48c1172434642ee73bfc298b4b19e747a4d6b3fffeb51db53c2c504fd6a83,1,25f3e24fd56fd2743e60cc16308315d86369ecd76c91c2968f878027500cd307,1,65.1268000001437,0.0,experiments/runtime_acceptance_host_roundtrip_scope_v2_20260826/raw_outputs/insertion_008__en__r1.json,0,0,0,0,0,1,local_first,insertion_008:en:r1,1,3,0cdcd3d3c9e5c25b1cf1b329c15be28bae5380c2f4cdb9737572584a9ec11ac3,insertion_008,1,1,0
insertion_deletion,1,interactive_runtime_acceptance,,1.0,2,2,0,1.0,,,0.0,success,generated,seraedit_rule_v1,local_rule,1,0,zh,49.11219999939931,1,1.0,1.0,1,0,4b84a00b48f17df7cdf48cf813b5d57d21adfc2235469b5e4c8a21f844e5f798,1,25f3e24fd56fd2743e60cc16308315d86369ecd76c91c2968f878027500cd307,1,49.11219999939931,0.0,experiments/runtime_acceptance_host_roundtrip_scope_v2_20260826/raw_outputs/insertion_008__zh__r1.json,0,0,0,0,0,1,local_first,insertion_008:zh:r1,1,3,0cdcd3d3c9e5c25b1cf1b329c15be28bae5380c2f4cdb9737572584a9ec11ac3,insertion_008,1,1,0
ties_slurs_ornaments,1,interactive_runtime_acceptance,,1.0,4,4,0,1.0,,,0.0,success,generated,seraedit_rule_v1,local_rule,1,0,en,77.82459999998537,1,1.0,1.0,1,0,7af18bb0c8e1999626bc215b09f63ca50b08d20bc9e6e331da82848fc7ca486b,1,7f51d93b842cbe4fa5e770406aefff12aaf17f4568f1ce18794bf2b51247ba47,1,77.82459999998537,0.0,experiments/runtime_acceptance_host_roundtrip_scope_v2_20260826/raw_outputs/ties_005__en__r1.json,0,0,0,0,0,1,local_first,ties_005:en:r1,1,2,d60db83b3dfdbc502767e13b705e33291d0a5320f9525fec7b150b056030fd2a,ties_005,1,1,0
ties_slurs_ornaments,1,interactive_runtime_acceptance,,1.0,4,4,0,1.0,,,0.0,success,generated,seraedit_rule_v1,local_rule,1,0,zh,73.45939999959228,1,1.0,1.0,1,0,3b995dbe27abb010c6ea2924225948697238d25ac46101230158f956b35e779d,1,7f51d93b842cbe4fa5e770406aefff12aaf17f4568f1ce18794bf2b51247ba47,1,73.45939999959228,0.0,experiments/runtime_acceptance_host_roundtrip_scope_v2_20260826/raw_outputs/ties_005__zh__r1.json,0,0,0,0,0,1,local_first,ties_005:zh:r1,1,2,d60db83b3dfdbc502767e13b705e33291d0a5320f9525fec7b150b056030fd2a,ties_005,1,1,0
meter_measure_structure,1,interactive_runtime_acceptance,,1.0,3,3,0,1.0,,,0.0,success,generated,seraedit_rule_v1,local_rule,1,0,en,70.9327000004123,1,1.0,1.0,1,0,1222e3626529ad3d575d65d79720e5acc21f6cd998abd1bd42fc9196c37cc0cd,1,27cf3225ac1e7a5ca23d57633e5418a51feed1d6ca3a524bb5ed2552081b91e8,1,70.9327000004123,0.0,experiments/runtime_acceptance_host_roundtrip_scope_v2_20260826/raw_outputs/meter_004__en__r1.json,0,0,0,0,0,1,local_first,meter_004:en:r1,0,,b2f4c858f5e7c9b5ce33e5e4115451865ff317b3d8e6fe009a7a2ed56b5a6d47,meter_004,1,1,0
meter_measure_structure,1,interactive_runtime_acceptance,,1.0,3,3,0,1.0,,,0.0,success,generated,seraedit_rule_v1,local_rule,1,0,zh,83.84070000010979,1,1.0,1.0,1,0,1d06454d7ba91dcfc3542bd19a418d929470ba5842266cd2587df2cdac960e6b,1,27cf3225ac1e7a5ca23d57633e5418a51feed1d6ca3a524bb5ed2552081b91e8,1,83.84070000010979,0.0,experiments/runtime_acceptance_host_roundtrip_scope_v2_20260826/raw_outputs/meter_004__zh__r1.json,0,0,0,0,0,1,local_first,meter_004:zh:r1,0,,b2f4c858f5e7c9b5ce33e5e4115451865ff317b3d8e6fe009a7a2ed56b5a6d47,meter_004,1,1,0
compound_multi_step,1,interactive_runtime_acceptance,,1.0,3,3,0,1.0,,,0.0,success,generated,seraedit_rule_v1,local_rule,1,0,en,72.53490000039164,1,1.0,1.0,1,0,667d79e1049b73d89990224de13a5e59a346ff89aac6b027ae26726e5d14f70a,1,557fa1283fd236cc1f32309cc7a78ca9ca42a8355bdd65a307242a8581d88244,1,72.53490000039164,0.0,experiments/runtime_acceptance_host_roundtrip_scope_v2_20260826/raw_outputs/compound_004__en__r1.json,0,0,0,0,0,1,local_first,compound_004:en:r1,1,3,409c500360a596662c17f3a2c22a01904eea9b6bb9cf72fd22030f5bdb47a5c0,compound_004,1,1,0
compound_multi_step,1,interactive_runtime_acceptance,,1.0,3,3,0,1.0,,,0.0,success,generated,seraedit_rule_v1,local_rule,1,0,zh,76.33799999985058,1,1.0,1.0,1,0,17fdb11cb5e693ecd9fb43792fadc6833f2d11c93c76ed4e517f796019c83efe,1,557fa1283fd236cc1f32309cc7a78ca9ca42a8355bdd65a307242a8581d88244,1,76.33799999985058,0.0,experiments/runtime_acceptance_host_roundtrip_scope_v2_20260826/raw_outputs/compound_004__zh__r1.json,0,0,0,0,0,1,local_first,compound_004:zh:r1,1,3,409c500360a596662c17f3a2c22a01904eea9b6bb9cf72fd22030f5bdb47a5c0,compound_004,1,1,0
conflicting_or_unsupported,1,interactive_runtime_acceptance,,1.0,1,1,1,1.0,,,0.0,refuse,refused,seraedit_rule_v1,local_rule,0,0,en,0.47200000062730396,,1.0,1.0,0,0,74234e98afe7498fb5daf1f36ac2d78acc339464f950703b8c019892f982b90b,0,refused,0,0.47200000062730396,0.0,experiments/runtime_acceptance_host_roundtrip_scope_v2_20260826/raw_outputs/conflict_008__en__r1.json,1,0,0,0,0,1,local_first,conflict_008:en:r1,0,,d07935fefb9eb378b16d51bcd1510040077a17127c632f31657c65ebe9093765,conflict_008,1,0,0
conflicting_or_unsupported,1,interactive_runtime_acceptance,,1.0,1,1,1,1.0,,,0.0,refuse,refused,seraedit_rule_v1,local_rule,0,0,zh,0.5516999999599648,,1.0,1.0,0,0,74234e98afe7498fb5daf1f36ac2d78acc339464f950703b8c019892f982b90b,0,refused,0,0.5516999999599648,0.0,experiments/runtime_acceptance_host_roundtrip_scope_v2_20260826/raw_outputs/conflict_008__zh__r1.json,1,0,0,0,0,1,local_first,conflict_008:zh:r1,0,,d07935fefb9eb378b16d51bcd1510040077a17127c632f31657c65ebe9093765,conflict_008,1,0,0
pitch_transposition,1,interactive_runtime_acceptance,,1.0,2,2,0,0.8571428571428571,,,0.0,success,generated,seraedit_rule_v1,local_rule,1,0,en,71.3223000002472,1,1.0,0.8571428571428571,1,0,8e6f4fbb6471d27f87a617ee92ead5c6126dc9129e350e3177e7049d6d280105,1,cafb5ce9037dad33cd97f83ed6c03897c579bdd78d791c7f52a4555c7069d10c,1,71.3223000002472,0.0,experiments/runtime_acceptance_host_roundtrip_scope_v2_20260826/raw_outputs/pitch_010__en__r1.json,0,0,0,0,0,1,local_first,pitch_010:en:r1,1,2,68287e47ef6b3a4a5a87da9b9e6598cd02ad4a8455f6006321ae80ad8cf851e8,pitch_010,1,1,0
pitch_transposition,1,interactive_runtime_acceptance,,1.0,2,2,0,0.8571428571428571,,,0.0,success,generated,seraedit_rule_v1,local_rule,1,0,zh,88.50959999927,1,1.0,0.8571428571428571,1,0,d61fd3c2cca591f34098df2a5a9b7948251c50d7c0b167c95851a6068e358bd1,1,cafb5ce9037dad33cd97f83ed6c03897c579bdd78d791c7f52a4555c7069d10c,1,88.50959999927,0.0,experiments/runtime_acceptance_host_roundtrip_scope_v2_20260826/raw_outputs/pitch_010__zh__r1.json,0,0,0,0,0,1,local_first,pitch_010:zh:r1,1,2,68287e47ef6b3a4a5a87da9b9e6598cd02ad4a8455f6006321ae80ad8cf851e8,pitch_010,1,1,0
rhythm_duration,1,interactive_runtime_acceptance,,1.0,2,2,0,1.0,,,0.0,success,generated,seraedit_rule_v1,local_rule,1,0,en,73.45019999957003,1,1.0,1.0,1,0,24ce4a3785b162c688edde42499712d7c1b5e3f703e0584eb46b46c945e96109,1,28673bb44535c33d5e008b3dfd78124bbbd91fc7291c1b996b397db452822cae,1,73.45019999957003,0.0,experiments/runtime_acceptance_host_roundtrip_scope_v2_20260826/raw_outputs/rhythm_010__en__r1.json,0,0,0,0,0,1,local_first,rhythm_010:en:r1,1,3,fe45880d3b017fae02f2f155c141e5bd858ccd7427bb8c24a5edcc9d86d7b55d,rhythm_010,1,1,0
rhythm_duration,1,interactive_runtime_acceptance,,1.0,2,2,0,1.0,,,0.0,success,generated,seraedit_rule_v1,local_rule,1,0,zh,73.98959999954968,1,1.0,1.0,1,0,068490732c5f5517407abcd796350715862866bf0befe09b2597376c40ffc060,1,28673bb44535c33d5e008b3dfd78124bbbd91fc7291c1b996b397db452822cae,1,73.98959999954968,0.0,experiments/runtime_acceptance_host_roundtrip_scope_v2_20260826/raw_outputs/rhythm_010__zh__r1.json,0,0,0,0,0,1,local_first,rhythm_010:zh:r1,1,3,fe45880d3b017fae02f2f155c141e5bd858ccd7427bb8c24a5edcc9d86d7b55d,rhythm_010,1,1,0
key_harmony,1,interactive_runtime_acceptance,,1.0,2,2,0,1.0,,,0.0,success,generated,seraedit_rule_v1,local_rule,1,0,en,48.071299999719486,1,1.0,1.0,1,0,7107f8bd0835b2afbbbb3342ed496aaa9a2cd6f046fd9c5dbd051f5411927023,1,dc7a07372eebe8927dee8805327194a933ea4b10aac58799ae3bdd7391c456ce,1,48.071299999719486,0.0,experiments/runtime_acceptance_host_roundtrip_scope_v2_20260826/raw_outputs/key_010__en__r1.json,0,0,0,0,0,1,local_first,key_010:en:r1,0,,c84b9fb046ec10cf76e0c677aaf0052ac4cb1ac7f3418684c3e9f4689a9fd79c,key_010,1,1,0
key_harmony,1,interactive_runtime_acceptance,,1.0,2,2,0,1.0,,,0.0,success,generated,seraedit_rule_v1,local_rule,1,0,zh,46.43420000047627,1,1.0,1.0,1,0,6e4a458f303c83636d34e2bfab0e3a295e6ddd925965a974941747ecc8490470,1,dc7a07372eebe8927dee8805327194a933ea4b10aac58799ae3bdd7391c456ce,1,46.43420000047627,0.0,experiments/runtime_acceptance_host_roundtrip_scope_v2_20260826/raw_outputs/key_010__zh__r1.json,0,0,0,0,0,1,local_first,key_010:zh:r1,0,,c84b9fb046ec10cf76e0c677aaf0052ac4cb1ac7f3418684c3e9f4689a9fd79c,key_010,1,1,0
voice_texture,1,interactive_runtime_acceptance,,1.0,6,6,0,1.0,,,0.0,success,generated,seraedit_rule_v1,local_rule,1,0,en,48.41820000001462,1,1.0,1.0,1,0,a3268aad34a43e6314d49bae714b9c02b3ce68a5e91d4f94490204aea7e42213,1,591ce047f7e2bd4062c1da6e2590c8d520b01fae41fbf091c6c003ff18630faf,1,48.41820000001462,0.0,experiments/runtime_acceptance_host_roundtrip_scope_v2_20260826/raw_outputs/voice_007__en__r1.json,0,0,0,0,0,1,local_first,voice_007:en:r1,1,2,c128d905e98089b774c8f76da470c9dc68629fc1cc47ff6a2e661287be493e9c,voice_007,1,1,0
voice_texture,1,interactive_runtime_acceptance,,1.0,6,6,0,1.0,,,0.0,success,generated,seraedit_rule_v1,local_rule,1,0,zh,49.705899999935355,1,1.0,1.0,1,0,28cc54c7546718e69ab660622c842a627b9a075c60b41d09771395169c2e25fe,1,591ce047f7e2bd4062c1da6e2590c8d520b01fae41fbf091c6c003ff18630faf,1,49.705899999935355,0.0,experiments/runtime_acceptance_host_roundtrip_scope_v2_20260826/raw_outputs/voice_007__zh__r1.json,0,0,0,0,0,1,local_first,voice_007:zh:r1,1,2,c128d905e98089b774c8f76da470c9dc68629fc1cc47ff6a2e661287be493e9c,voice_007,1,1,0
dynamics_articulation,1,interactive_runtime_acceptance,,1.0,3,3,0,1.0,,,0.0,success,generated,seraedit_rule_v1,local_rule,1,0,en,47.114500000134285,1,1.0,1.0,1,0,519525666e5b119742954afead2baf361e90d207f9a21909aacf6052986b5159,1,778e5fffe3351eab114abcc78ea460c8c4f67eda181133a9fe80256b06cfcdd5,1,47.114500000134285,0.0,experiments/runtime_acceptance_host_roundtrip_scope_v2_20260826/raw_outputs/dynamics_009__en__r1.json,0,0,0,0,0,1,local_first,dynamics_009:en:r1,0,,743ee44305f8d8964b56c1d4506bbe9b78aaa71aeac26be5866f9149e176d93f,dynamics_009,1,1,0
dynamics_articulation,1,interactive_runtime_acceptance,,1.0,3,3,0,1.0,,,0.0,success,generated,seraedit_rule_v1,local_rule,1,0,zh,48.76419999982318,1,1.0,1.0,1,0,67e6b57c2a3666c7893df88822b95c3c19ca89e287c18093bd093306e5514bc9,1,778e5fffe3351eab114abcc78ea460c8c4f67eda181133a9fe80256b06cfcdd5,1,48.76419999982318,0.0,experiments/runtime_acceptance_host_roundtrip_scope_v2_20260826/raw_outputs/dynamics_009__zh__r1.json,0,0,0,0,0,1,local_first,dynamics_009:zh:r1,0,,743ee44305f8d8964b56c1d4506bbe9b78aaa71aeac26be5866f9149e176d93f,dynamics_009,1,1,0
insertion_deletion,1,interactive_runtime_acceptance,,1.0,2,2,0,1.0,,,0.0,success,generated,seraedit_rule_v1,local_rule,1,0,en,47.690500000499014,1,1.0,1.0,1,0,ecd5bcd47df3ad2c11bd919d5deb81fd71809c93f93f07e8a0581fee87795956,1,e4293b6dedbcba1302e516cfe073cba72e086bce86a86445d3b7521f81f92a66,1,47.690500000499014,0.0,experiments/runtime_acceptance_host_roundtrip_scope_v2_20260826/raw_outputs/insertion_009__en__r1.json,0,0,0,0,0,1,local_first,insertion_009:en:r1,1,3,9a5c3b85dbd632c0d04178e53392b83ee2524c4a993d0470ff2e43dc24983ef2,insertion_009,1,1,0
insertion_deletion,1,interactive_runtime_acceptance,,1.0,2,2,0,1.0,,,0.0,success,generated,seraedit_rule_v1,local_rule,1,0,zh,48.50070000065898,1,1.0,1.0,1,0,49f4c8bf3365eec700569ac62a0ebffb170e181b8a64f0ad30eef9c9f12aefb6,1,e4293b6dedbcba1302e516cfe073cba72e086bce86a86445d3b7521f81f92a66,1,48.50070000065898,0.0,experiments/runtime_acceptance_host_roundtrip_scope_v2_20260826/raw_outputs/insertion_009__zh__r1.json,0,0,0,0,0,1,local_first,insertion_009:zh:r1,1,3,9a5c3b85dbd632c0d04178e53392b83ee2524c4a993d0470ff2e43dc24983ef2,insertion_009,1,1,0
ties_slurs_ornaments,1,interactive_runtime_acceptance,,1.0,4,4,0,1.0,,,0.0,success,generated,seraedit_rule_v1,local_rule,1,0,en,50.82279999987804,1,1.0,1.0,1,0,4d35cf124b6464d96b73b6e60be25298a65466981a79f81bd3837338c51aac7d,1,df0ecbdfebd482c952316ca9fbe36e27ae0f023fee137b6f50a7650130adfca1,1,50.82279999987804,0.0,experiments/runtime_acceptance_host_roundtrip_scope_v2_20260826/raw_outputs/ties_006__en__r1.json,0,0,0,0,0,1,local_first,ties_006:en:r1,1,2,9f75a5efdc4aa518b272e23c0b04e806b4a4ff69b0de498662ef85e578b2c1b1,ties_006,1,1,0
ties_slurs_ornaments,1,interactive_runtime_acceptance,,1.0,4,4,0,1.0,,,0.0,success,generated,seraedit_rule_v1,local_rule,1,0,zh,48.5075999995388,1,1.0,1.0,1,0,4be4ae5432374c35c5b5d4be3da0c997437fda47de1e7c8e4c90e4793af8cfc6,1,df0ecbdfebd482c952316ca9fbe36e27ae0f023fee137b6f50a7650130adfca1,1,48.5075999995388,0.0,experiments/runtime_acceptance_host_roundtrip_scope_v2_20260826/raw_outputs/ties_006__zh__r1.json,0,0,0,0,0,1,local_first,ties_006:zh:r1,1,2,9f75a5efdc4aa518b272e23c0b04e806b4a4ff69b0de498662ef85e578b2c1b1,ties_006,1,1,0
meter_measure_structure,1,interactive_runtime_acceptance,,1.0,3,3,0,1.0,,,0.0,success,generated,seraedit_rule_v1,local_rule,1,0,en,46.93520000000717,1,1.0,1.0,1,0,73b54027bfaab0400f39a50fbdc5506c1957567e172ab6515f04b77eddc25336,1,0af281478217f308d45599704352af3c6c865c9c6dbc882861f186d724f2d359,1,46.93520000000717,0.0,experiments/runtime_acceptance_host_roundtrip_scope_v2_20260826/raw_outputs/meter_005__en__r1.json,0,0,0,0,0,1,local_first,meter_005:en:r1,0,,4f1cf097d48cb3860058b259bced4d935ebe12b1e9d34dd7b53cd1e6bdfd2f7b,meter_005,1,1,0
meter_measure_structure,1,interactive_runtime_acceptance,,1.0,3,3,0,1.0,,,0.0,success,generated,seraedit_rule_v1,local_rule,1,0,zh,46.64359999969747,1,1.0,1.0,1,0,a635cb5b9c055f539b62003ef24a81f6273585276fff21199eb516e516ffd983,1,0af281478217f308d45599704352af3c6c865c9c6dbc882861f186d724f2d359,1,46.64359999969747,0.0,experiments/runtime_acceptance_host_roundtrip_scope_v2_20260826/raw_outputs/meter_005__zh__r1.json,0,0,0,0,0,1,local_first,meter_005:zh:r1,0,,4f1cf097d48cb3860058b259bced4d935ebe12b1e9d34dd7b53cd1e6bdfd2f7b,meter_005,1,1,0
compound_multi_step,1,interactive_runtime_acceptance,,1.0,3,3,0,1.0,,,0.0,success,generated,seraedit_rule_v1,local_rule,1,0,en,53.87360000077024,1,1.0,1.0,1,0,949eda087528aa2f32abe511e28a9d2a66fba1230969701f3d9953972fc10dac,1,d42bace8b6bb82bbc6906f9c82179463886b907c2de0661551709bdcfded72da,1,53.87360000077024,0.0,experiments/runtime_acceptance_host_roundtrip_scope_v2_20260826/raw_outputs/compound_005__en__r1.json,0,0,0,0,0,1,local_first,compound_005:en:r1,1,3,1647553bd79baa2dc890f4d1f87e3b542cefa229c723f21fa72b8ab49e4b2286,compound_005,1,1,0
compound_multi_step,1,interactive_runtime_acceptance,,1.0,3,3,0,1.0,,,0.0,success,generated,seraedit_rule_v1,local_rule,1,0,zh,69.50309999956517,1,1.0,1.0,1,0,3758966cf41c2450d44ab4247eff697ca041379654d5ff656ad9089e68fc22a8,1,d42bace8b6bb82bbc6906f9c82179463886b907c2de0661551709bdcfded72da,1,69.50309999956517,0.0,experiments/runtime_acceptance_host_roundtrip_scope_v2_20260826/raw_outputs/compound_005__zh__r1.json,0,0,0,0,0,1,local_first,compound_005:zh:r1,1,3,1647553bd79baa2dc890f4d1f87e3b542cefa229c723f21fa72b8ab49e4b2286,compound_005,1,1,0
conflicting_or_unsupported,1,interactive_runtime_acceptance,,1.0,1,1,1,1.0,,,0.0,refuse,refused,seraedit_rule_v1,local_rule,0,0,en,0.32159999955183594,,1.0,1.0,0,0,74234e98afe7498fb5daf1f36ac2d78acc339464f950703b8c019892f982b90b,0,refused,0,0.32159999955183594,0.0,experiments/runtime_acceptance_host_roundtrip_scope_v2_20260826/raw_outputs/conflict_009__en__r1.json,1,0,0,0,0,1,local_first,conflict_009:en:r1,1,2,d07935fefb9eb378b16d51bcd1510040077a17127c632f31657c65ebe9093765,conflict_009,1,0,0
conflicting_or_unsupported,1,interactive_runtime_acceptance,,1.0,1,1,1,1.0,,,0.0,refuse,refused,seraedit_rule_v1,local_rule,0,0,zh,0.4366000002846704,,1.0,1.0,0,0,74234e98afe7498fb5daf1f36ac2d78acc339464f950703b8c019892f982b90b,0,refused,0,0.4366000002846704,0.0,experiments/runtime_acceptance_host_roundtrip_scope_v2_20260826/raw_outputs/conflict_009__zh__r1.json,1,0,0,0,0,1,local_first,conflict_009:zh:r1,1,2,d07935fefb9eb378b16d51bcd1510040077a17127c632f31657c65ebe9093765,conflict_009,1,0,0
pitch_transposition,1,interactive_runtime_acceptance,,1.0,2,2,0,1.0,,,0.0,success,generated,seraedit_rule_v1,local_rule,1,0,en,51.26689999997325,1,1.0,1.0,1,0,eadeed1e7dc9f0a41dd742473fa6fcf236bdb5f8ba3bfa2aba14d9e9c12a35db,1,27c1808ed6c5285c5b8a9b9d20e7895b99ab663f0e5e5bdc20c12308b42805fa,1,51.26689999997325,0.0,experiments/runtime_acceptance_host_roundtrip_scope_v2_20260826/raw_outputs/pitch_011__en__r1.json,0,0,0,0,0,1,local_first,pitch_011:en:r1,1,2,f4ffab5a135ef9086d2b45cc12a7095f46c9bfeec91da67a8525d60843362983,pitch_011,1,1,0
pitch_transposition,1,interactive_runtime_acceptance,,1.0,2,2,0,1.0,,,0.0,success,generated,seraedit_rule_v1,local_rule,1,0,zh,54.44749999969645,1,1.0,1.0,1,0,3ba02109ae7da6493fd4aeb9385c2d6473c244b9cf1e65d04374dcf0dc6c0147,1,27c1808ed6c5285c5b8a9b9d20e7895b99ab663f0e5e5bdc20c12308b42805fa,1,54.44749999969645,0.0,experiments/runtime_acceptance_host_roundtrip_scope_v2_20260826/raw_outputs/pitch_011__zh__r1.json,0,0,0,0,0,1,local_first,pitch_011:zh:r1,1,2,f4ffab5a135ef9086d2b45cc12a7095f46c9bfeec91da67a8525d60843362983,pitch_011,1,1,0
rhythm_duration,1,interactive_runtime_acceptance,,1.0,2,2,0,1.0,,,0.0,success,generated,seraedit_rule_v1,local_rule,1,0,en,52.02740000004269,1,1.0,1.0,1,0,81191f81b8327c3605a27e9e5f03a8b3394ceccf7fc23e2479fcb5a663c1bf60,1,5d1c245451fc63eb5610ea7b2acb6d17b513593c4fc1dabc3f28e7e37dae11b7,1,52.02740000004269,0.0,experiments/runtime_acceptance_host_roundtrip_scope_v2_20260826/raw_outputs/rhythm_011__en__r1.json,0,0,0,0,0,1,local_first,rhythm_011:en:r1,1,3,e4ff0d2afca1248059f65b0071dfccf64ad157ccc817ef070ae0635c4078f918,rhythm_011,1,1,0
rhythm_duration,1,interactive_runtime_acceptance,,1.0,2,2,0,1.0,,,0.0,success,generated,seraedit_rule_v1,local_rule,1,0,zh,54.29369999910705,1,1.0,1.0,1,0,ca4320a6a6bb96b6b0f4cbe1ba310bef00c6fd161fac904b3a76b60b3f929371,1,5d1c245451fc63eb5610ea7b2acb6d17b513593c4fc1dabc3f28e7e37dae11b7,1,54.29369999910705,0.0,experiments/runtime_acceptance_host_roundtrip_scope_v2_20260826/raw_outputs/rhythm_011__zh__r1.json,0,0,0,0,0,1,local_first,rhythm_011:zh:r1,1,3,e4ff0d2afca1248059f65b0071dfccf64ad157ccc817ef070ae0635c4078f918,rhythm_011,1,1,0
key_harmony,1,interactive_runtime_acceptance,,1.0,2,2,0,1.0,,,0.0,success,generated,seraedit_rule_v1,local_rule,1,0,en,50.445099999706144,1,1.0,1.0,1,0,420751a2a84bc2b5d54a8d3d29a0f4100aa42981f54f17ebd66758054e5858fc,1,27a7c6125d7fc411e39530f5afc7b633b3b55eeca3be946d7fa6a506622a6404,1,50.445099999706144,0.0,experiments/runtime_acceptance_host_roundtrip_scope_v2_20260826/raw_outputs/key_011__en__r1.json,0,0,0,0,0,1,local_first,key_011:en:r1,0,,0a7d741614773fae0faec7a74bd9d098e2177c97a763376ea67e7eec922d13c8,key_011,1,1,0
key_harmony,1,interactive_runtime_acceptance,,1.0,2,2,0,1.0,,,0.0,success,generated,seraedit_rule_v1,local_rule,1,0,zh,57.624800000667165,1,1.0,1.0,1,0,46ab3bcecce9f861def68737b4231b501e7fae9d05386dadd5ec7c54ddcca91b,1,27a7c6125d7fc411e39530f5afc7b633b3b55eeca3be946d7fa6a506622a6404,1,57.624800000667165,0.0,experiments/runtime_acceptance_host_roundtrip_scope_v2_20260826/raw_outputs/key_011__zh__r1.json,0,0,0,0,0,1,local_first,key_011:zh:r1,0,,0a7d741614773fae0faec7a74bd9d098e2177c97a763376ea67e7eec922d13c8,key_011,1,1,0
voice_texture,1,interactive_runtime_acceptance,,1.0,6,6,0,1.0,,,0.0,success,generated,seraedit_rule_v1,local_rule,1,0,en,52.8041999996276,1,1.0,1.0,1,0,54e0f7e99efa516b76cd67e8a568e8987c27541d6c095529da1f0e1390bc8c4a,1,0fa8ea6b7fa998a83917999d64ab6c51d3762c0cbe178f662967db9d4ed35a45,1,52.8041999996276,0.0,experiments/runtime_acceptance_host_roundtrip_scope_v2_20260826/raw_outputs/voice_008__en__r1.json,0,0,0,0,0,1,local_first,voice_008:en:r1,1,2,a4df78b267277b8e7b0034d99a1ce416eec19ff4ef57b876e28453961d282cd5,voice_008,1,1,0
voice_texture,1,interactive_runtime_acceptance,,1.0,6,6,0,1.0,,,0.0,success,generated,seraedit_rule_v1,local_rule,1,0,zh,53.30599999979313,1,1.0,1.0,1,0,20ebdf6dbd0589a78479e1c4c97766f49ac7de5ce6f0f3a1b7b5a15372daf6fe,1,0fa8ea6b7fa998a83917999d64ab6c51d3762c0cbe178f662967db9d4ed35a45,1,53.30599999979313,0.0,experiments/runtime_acceptance_host_roundtrip_scope_v2_20260826/raw_outputs/voice_008__zh__r1.json,0,0,0,0,0,1,local_first,voice_008:zh:r1,1,2,a4df78b267277b8e7b0034d99a1ce416eec19ff4ef57b876e28453961d282cd5,voice_008,1,1,0
dynamics_articulation,1,interactive_runtime_acceptance,,1.0,3,3,0,1.0,,,0.0,success,generated,seraedit_rule_v1,local_rule,1,0,en,65.36749999941094,1,1.0,1.0,1,0,60baa661552343f0cbfa1b62e87afa53d5d2f501c775507677f92b52657e8e58,1,f484c1c2bf087e41e40ce48a91e10f19615cedcf3bb69a09d95202ffddc02806,1,65.36749999941094,0.0,experiments/runtime_acceptance_host_roundtrip_scope_v2_20260826/raw_outputs/dynamics_010__en__r1.json,0,0,0,0,0,1,local_first,dynamics_010:en:r1,0,,fb5377bf2473553b29eca3bb05764bd95e321497241914086aa28928eda8ea75,dynamics_010,1,1,0
dynamics_articulation,1,interactive_runtime_acceptance,,1.0,3,3,0,1.0,,,0.0,success,generated,seraedit_rule_v1,local_rule,1,0,zh,69.46999999945547,1,1.0,1.0,1,0,3473edbc3e6a56397d181d492b30aad1cbe23af82425e09e15dd098a37f2103c,1,f484c1c2bf087e41e40ce48a91e10f19615cedcf3bb69a09d95202ffddc02806,1,69.46999999945547,0.0,experiments/runtime_acceptance_host_roundtrip_scope_v2_20260826/raw_outputs/dynamics_010__zh__r1.json,0,0,0,0,0,1,local_first,dynamics_010:zh:r1,0,,fb5377bf2473553b29eca3bb05764bd95e321497241914086aa28928eda8ea75,dynamics_010,1,1,0
insertion_deletion,1,interactive_runtime_acceptance,,1.0,2,2,0,1.0,,,0.0,success,generated,seraedit_rule_v1,local_rule,1,0,en,67.86379999994097,1,1.0,1.0,1,0,e0cc1c711bffe49cac5e433bd5fab27e4e4bf9485f7b53d42b47bdb7fc89f3e2,1,ebbcacd2b319208943dfeef4d2a233b8e3971557e00e1f7a979db3ce3c2671a4,1,67.86379999994097,0.0,experiments/runtime_acceptance_host_roundtrip_scope_v2_20260826/raw_outputs/insertion_010__en__r1.json,0,0,0,0,0,1,local_first,insertion_010:en:r1,1,3,6842bc1144b77a30736a38a8e755fed003987ee69298ff6eb22af2f6b3ffc8a9,insertion_010,1,1,0
insertion_deletion,1,interactive_runtime_acceptance,,1.0,2,2,0,1.0,,,0.0,success,generated,seraedit_rule_v1,local_rule,1,0,zh,68.1893000000855,1,1.0,1.0,1,0,d2bccbf344e3fc60312b841e40ccc11de438fd7268a1a4a5c65a2c36aff196d8,1,ebbcacd2b319208943dfeef4d2a233b8e3971557e00e1f7a979db3ce3c2671a4,1,68.1893000000855,0.0,experiments/runtime_acceptance_host_roundtrip_scope_v2_20260826/raw_outputs/insertion_010__zh__r1.json,0,0,0,0,0,1,local_first,insertion_010:zh:r1,1,3,6842bc1144b77a30736a38a8e755fed003987ee69298ff6eb22af2f6b3ffc8a9,insertion_010,1,1,0
ties_slurs_ornaments,1,interactive_runtime_acceptance,,1.0,4,4,0,1.0,,,0.0,success,generated,seraedit_rule_v1,local_rule,1,0,en,69.07909999972617,1,1.0,1.0,1,0,09f2e88748e47401d0f5165c98f850ea44eba37bfae85eb6f0eb498470d0507b,1,86449061dc450069f9a7286ec19028ec8aceaad1c9e743e44e5393eec73299c6,1,69.07909999972617,0.0,experiments/runtime_acceptance_host_roundtrip_scope_v2_20260826/raw_outputs/ties_007__en__r1.json,0,0,0,0,0,1,local_first,ties_007:en:r1,1,2,a146d3bbb853859ffc284c0198e99af75dd71669aecc5a2596417d62b4bb3cc5,ties_007,1,1,0
ties_slurs_ornaments,1,interactive_runtime_acceptance,,1.0,4,4,0,1.0,,,0.0,success,generated,seraedit_rule_v1,local_rule,1,0,zh,69.35079999948357,1,1.0,1.0,1,0,c1912f84c8ba80fc1441545d774255824e3e1f5385aab1168df0dc4d57d77d84,1,86449061dc450069f9a7286ec19028ec8aceaad1c9e743e44e5393eec73299c6,1,69.35079999948357,0.0,experiments/runtime_acceptance_host_roundtrip_scope_v2_20260826/raw_outputs/ties_007__zh__r1.json,0,0,0,0,0,1,local_first,ties_007:zh:r1,1,2,a146d3bbb853859ffc284c0198e99af75dd71669aecc5a2596417d62b4bb3cc5,ties_007,1,1,0
meter_measure_structure,1,interactive_runtime_acceptance,,1.0,3,3,0,1.0,,,0.0,success,generated,seraedit_rule_v1,local_rule,1,0,en,80.92849999957252,1,1.0,1.0,1,0,4c4a7293e230b28771a7bf69c3b89beaf7a3ab78047326765d832f65def22687,1,5211ac971285e5c63cd7ff94c6929fc1b4bc19ec3770eeaa06575e9e8304795d,1,80.92849999957252,0.0,experiments/runtime_acceptance_host_roundtrip_scope_v2_20260826/raw_outputs/meter_006__en__r1.json,0,0,0,0,0,1,local_first,meter_006:en:r1,0,,b2f4c858f5e7c9b5ce33e5e4115451865ff317b3d8e6fe009a7a2ed56b5a6d47,meter_006,1,1,0
meter_measure_structure,1,interactive_runtime_acceptance,,1.0,3,3,0,1.0,,,0.0,success,generated,seraedit_rule_v1,local_rule,1,0,zh,65.60269999954471,1,1.0,1.0,1,0,464bd6f3b07f17b2c08c7d08bacd450dba67100b52fd07eb897e54584d9caf7e,1,5211ac971285e5c63cd7ff94c6929fc1b4bc19ec3770eeaa06575e9e8304795d,1,65.60269999954471,0.0,experiments/runtime_acceptance_host_roundtrip_scope_v2_20260826/raw_outputs/meter_006__zh__r1.json,0,0,0,0,0,1,local_first,meter_006:zh:r1,0,,b2f4c858f5e7c9b5ce33e5e4115451865ff317b3d8e6fe009a7a2ed56b5a6d47,meter_006,1,1,0
compound_multi_step,1,interactive_runtime_acceptance,,1.0,3,3,0,1.0,,,0.0,success,generated,seraedit_rule_v1,local_rule,1,0,en,70.00159999915923,1,1.0,1.0,1,0,cf8f511ecc482d7e1a5ca52415ef435df77e9319903eb773213f0d529887c834,1,f18bb2953b250c7d9ef6d27c2d633262159531767d810285802d65b0ad8541cd,1,70.00159999915923,0.0,experiments/runtime_acceptance_host_roundtrip_scope_v2_20260826/raw_outputs/compound_006__en__r1.json,0,0,0,0,0,1,local_first,compound_006:en:r1,1,3,3294ce65b27a5aac2c370edbd2f175dc61ca408a1b4d8f1ae12e43e694277a9f,compound_006,1,1,0
compound_multi_step,1,interactive_runtime_acceptance,,1.0,3,3,0,1.0,,,0.0,success,generated,seraedit_rule_v1,local_rule,1,0,zh,68.22740000006888,1,1.0,1.0,1,0,8689c054e10a92ad009dba13e6cda724f4dfbffd9743439e231cccb731abb55d,1,f18bb2953b250c7d9ef6d27c2d633262159531767d810285802d65b0ad8541cd,1,68.22740000006888,0.0,experiments/runtime_acceptance_host_roundtrip_scope_v2_20260826/raw_outputs/compound_006__zh__r1.json,0,0,0,0,0,1,local_first,compound_006:zh:r1,1,3,3294ce65b27a5aac2c370edbd2f175dc61ca408a1b4d8f1ae12e43e694277a9f,compound_006,1,1,0
conflicting_or_unsupported,1,interactive_runtime_acceptance,,1.0,1,1,1,1.0,,,0.0,refuse,refused,seraedit_rule_v1,local_rule,0,0,en,0.449799999842071,,1.0,1.0,0,0,74234e98afe7498fb5daf1f36ac2d78acc339464f950703b8c019892f982b90b,0,refused,0,0.449799999842071,0.0,experiments/runtime_acceptance_host_roundtrip_scope_v2_20260826/raw_outputs/conflict_010__en__r1.json,1,0,0,0,0,1,local_first,conflict_010:en:r1,0,,d07935fefb9eb378b16d51bcd1510040077a17127c632f31657c65ebe9093765,conflict_010,1,0,0
conflicting_or_unsupported,1,interactive_runtime_acceptance,,1.0,1,1,1,1.0,,,0.0,refuse,refused,seraedit_rule_v1,local_rule,0,0,zh,0.43550000009418,,1.0,1.0,0,0,74234e98afe7498fb5daf1f36ac2d78acc339464f950703b8c019892f982b90b,0,refused,0,0.43550000009418,0.0,experiments/runtime_acceptance_host_roundtrip_scope_v2_20260826/raw_outputs/conflict_010__zh__r1.json,1,0,0,0,0,1,local_first,conflict_010:zh:r1,0,,d07935fefb9eb378b16d51bcd1510040077a17127c632f31657c65ebe9093765,conflict_010,1,0,0
pitch_transposition,1,interactive_runtime_acceptance,,1.0,2,2,0,1.0,,,0.0,success,generated,seraedit_rule_v1,local_rule,1,0,en,52.18070000046282,1,1.0,1.0,1,0,0cfc97af7b154066e40639eb639c0bd4cd250da8ed07c38415edd70849ad09e8,1,b30574ac8e56bda32671127cb9008944f03236a1b48e89b7b1ab7124e4c43280,1,52.18070000046282,0.0,experiments/runtime_acceptance_host_roundtrip_scope_v2_20260826/raw_outputs/pitch_012__en__r1.json,0,0,0,0,0,1,local_first,pitch_012:en:r1,1,2,c6cc9641b2ddb5faffc043dd56e75be4b543b630a1cad6b64c612327e81a2e13,pitch_012,1,1,0
pitch_transposition,1,interactive_runtime_acceptance,,1.0,2,2,0,1.0,,,0.0,success,generated,seraedit_rule_v1,local_rule,1,0,zh,51.9854000003761,1,1.0,1.0,1,0,2216407f22509f77da69c994f9a42125f1e6f35027e700af9f9ecc10832d2f95,1,b30574ac8e56bda32671127cb9008944f03236a1b48e89b7b1ab7124e4c43280,1,51.9854000003761,0.0,experiments/runtime_acceptance_host_roundtrip_scope_v2_20260826/raw_outputs/pitch_012__zh__r1.json,0,0,0,0,0,1,local_first,pitch_012:zh:r1,1,2,c6cc9641b2ddb5faffc043dd56e75be4b543b630a1cad6b64c612327e81a2e13,pitch_012,1,1,0
rhythm_duration,1,interactive_runtime_acceptance,,1.0,2,2,0,1.0,,,0.0,success,generated,seraedit_rule_v1,local_rule,1,0,en,53.01479999980074,1,1.0,1.0,1,0,438c61421472a357fa19b5cafbb0bef1b725ea1c76f0e05802c9b28498d5b858,1,5f47d4913737426cbd52754fae8c0986f9512fc10742c51793a746db60a6806c,1,53.01479999980074,0.0,experiments/runtime_acceptance_host_roundtrip_scope_v2_20260826/raw_outputs/rhythm_012__en__r1.json,0,0,0,0,0,1,local_first,rhythm_012:en:r1,1,3,622b5600d9e35f48159347c73ce8e8cc82c0946ab478c187a58e1063d6079b1b,rhythm_012,1,1,0
rhythm_duration,1,interactive_runtime_acceptance,,1.0,2,2,0,1.0,,,0.0,success,generated,seraedit_rule_v1,local_rule,1,0,zh,52.737600000000384,1,1.0,1.0,1,0,8681e5d86d7fb0223b3f156db6d37b7b917174260b0dbe907a238b015099ac00,1,5f47d4913737426cbd52754fae8c0986f9512fc10742c51793a746db60a6806c,1,52.737600000000384,0.0,experiments/runtime_acceptance_host_roundtrip_scope_v2_20260826/raw_outputs/rhythm_012__zh__r1.json,0,0,0,0,0,1,local_first,rhythm_012:zh:r1,1,3,622b5600d9e35f48159347c73ce8e8cc82c0946ab478c187a58e1063d6079b1b,rhythm_012,1,1,0
key_harmony,1,interactive_runtime_acceptance,,1.0,2,2,0,1.0,,,0.0,success,generated,seraedit_rule_v1,local_rule,1,0,en,53.80979999972624,1,1.0,1.0,1,0,601bc60a61cdc699bfeac3b60c665123ab96c4f03dc5736f80c290ec18c125c2,1,0c871b38ea93191a0aa3404a9e79669452f1e7a23c0487fe111abcd7d581ee8d,1,53.80979999972624,0.0,experiments/runtime_acceptance_host_roundtrip_scope_v2_20260826/raw_outputs/key_012__en__r1.json,0,0,0,0,0,1,local_first,key_012:en:r1,0,,126c37da9e623040222addd9299ba1df1f6269b0f69f854831198c4b4edc3317,key_012,1,1,0
key_harmony,1,interactive_runtime_acceptance,,1.0,2,2,0,1.0,,,0.0,success,generated,seraedit_rule_v1,local_rule,1,0,zh,53.492000000005646,1,1.0,1.0,1,0,4b92fe2326bcf6f7910d20b3072bb570475e12486a12094e98c04cdc5324a42d,1,0c871b38ea93191a0aa3404a9e79669452f1e7a23c0487fe111abcd7d581ee8d,1,53.492000000005646,0.0,experiments/runtime_acceptance_host_roundtrip_scope_v2_20260826/raw_outputs/key_012__zh__r1.json,0,0,0,0,0,1,local_first,key_012:zh:r1,0,,126c37da9e623040222addd9299ba1df1f6269b0f69f854831198c4b4edc3317,key_012,1,1,0
voice_texture,1,interactive_runtime_acceptance,,1.0,6,6,0,1.0,,,0.0,success,generated,seraedit_rule_v1,local_rule,1,0,en,74.42570000057458,1,1.0,1.0,1,0,1b75b6646cfbd7972c059d1ddd5a12f8896fcc1f1b734a3e71533e715e196a77,1,bb0fec5a02c0792153ad5e564da900aa995060883e5c1db8d9d942b08f78a2fc,1,74.42570000057458,0.0,experiments/runtime_acceptance_host_roundtrip_scope_v2_20260826/raw_outputs/voice_009__en__r1.json,0,0,0,0,0,1,local_first,voice_009:en:r1,1,2,fbbaa79ed4e86c513da81d4d1682d724bcc602354e1919fe2f10a914fa80a353,voice_009,1,1,0
voice_texture,1,interactive_runtime_acceptance,,1.0,6,6,0,1.0,,,0.0,success,generated,seraedit_rule_v1,local_rule,1,0,zh,52.760099999431986,1,1.0,1.0,1,0,150cc83fffef3c3dbb354a183e61ff2eacbcf1b3f9cfbd00ead3041075b36a7c,1,bb0fec5a02c0792153ad5e564da900aa995060883e5c1db8d9d942b08f78a2fc,1,52.760099999431986,0.0,experiments/runtime_acceptance_host_roundtrip_scope_v2_20260826/raw_outputs/voice_009__zh__r1.json,0,0,0,0,0,1,local_first,voice_009:zh:r1,1,2,fbbaa79ed4e86c513da81d4d1682d724bcc602354e1919fe2f10a914fa80a353,voice_009,1,1,0
ties_slurs_ornaments,1,interactive_runtime_acceptance,,1.0,4,4,0,1.0,,,0.0,success,generated,seraedit_rule_v1,local_rule,1,0,en,54.509499999767286,1,1.0,1.0,1,0,d01a6757c105bb525860c9e927c52779343967c861305c328fda9809781fb108,1,ec0bf84de0a578cf3f19cf06e90e705c8e6b162bd014ff80a30395ff890968a9,1,54.509499999767286,0.0,experiments/runtime_acceptance_host_roundtrip_scope_v2_20260826/raw_outputs/ties_008__en__r1.json,0,0,0,0,0,1,local_first,ties_008:en:r1,1,2,d9bfd641dbf507208c49d9479d558d84ea23059acc0bdc9bde2ca6edda1ee243,ties_008,1,1,0
ties_slurs_ornaments,1,interactive_runtime_acceptance,,1.0,4,4,0,1.0,,,0.0,success,generated,seraedit_rule_v1,local_rule,1,0,zh,55.04280000059225,1,1.0,1.0,1,0,a9b1b86767aa45af541aace8436ab0d27f453b01b04b8298a76a03f8c8d30df0,1,ec0bf84de0a578cf3f19cf06e90e705c8e6b162bd014ff80a30395ff890968a9,1,55.04280000059225,0.0,experiments/runtime_acceptance_host_roundtrip_scope_v2_20260826/raw_outputs/ties_008__zh__r1.json,0,0,0,0,0,1,local_first,ties_008:zh:r1,1,2,d9bfd641dbf507208c49d9479d558d84ea23059acc0bdc9bde2ca6edda1ee243,ties_008,1,1,0
meter_measure_structure,1,interactive_runtime_acceptance,,1.0,3,3,0,1.0,,,0.0,success,generated,seraedit_rule_v1,local_rule,1,0,en,51.19300000023941,1,1.0,1.0,1,0,2ba53fec4e35e191c58546f96f64f83a9f78219ca2f6407986344ed6a9759eb8,1,de028780a1dc84ccb3a1ccd2477522788f4b2baa87e90e7a9532271d6248237d,1,51.19300000023941,0.0,experiments/runtime_acceptance_host_roundtrip_scope_v2_20260826/raw_outputs/meter_007__en__r1.json,0,0,0,0,0,1,local_first,meter_007:en:r1,0,,4f1cf097d48cb3860058b259bced4d935ebe12b1e9d34dd7b53cd1e6bdfd2f7b,meter_007,1,1,0
meter_measure_structure,1,interactive_runtime_acceptance,,1.0,3,3,0,1.0,,,0.0,success,generated,seraedit_rule_v1,local_rule,1,0,zh,75.83780000004481,1,1.0,1.0,1,0,f1f96b18e539d29bca6764fceaac1cf5f7ad9ca6ef0d70b4b57c13bee72bceec,1,de028780a1dc84ccb3a1ccd2477522788f4b2baa87e90e7a9532271d6248237d,1,75.83780000004481,0.0,experiments/runtime_acceptance_host_roundtrip_scope_v2_20260826/raw_outputs/meter_007__zh__r1.json,0,0,0,0,0,1,local_first,meter_007:zh:r1,0,,4f1cf097d48cb3860058b259bced4d935ebe12b1e9d34dd7b53cd1e6bdfd2f7b,meter_007,1,1,0
compound_multi_step,1,interactive_runtime_acceptance,,1.0,3,3,0,1.0,,,0.0,success,generated,seraedit_rule_v1,local_rule,1,0,en,48.679900000024645,1,1.0,1.0,1,0,31e316d172bce5a01c2d2fa0740f019bfeff7402fc147dc147e810c45f5e7693,1,dd5cbaf01b2fa9ea6d27133e93bab19c66bcfaf456883173bf2205322eecdc8a,1,48.679900000024645,0.0,experiments/runtime_acceptance_host_roundtrip_scope_v2_20260826/raw_outputs/compound_007__en__r1.json,0,0,0,0,0,1,local_first,compound_007:en:r1,1,3,03d0c0ae536302810a73bb0a2537a0f1e7d91cd3408c416a98b348e9179ca0e3,compound_007,1,1,0
compound_multi_step,1,interactive_runtime_acceptance,,1.0,3,3,0,1.0,,,0.0,success,generated,seraedit_rule_v1,local_rule,1,0,zh,48.2081999998627,1,1.0,1.0,1,0,02df2ac06b142a20e2b28b370a9492e015308984783b9be5d79f638d7fc726f2,1,dd5cbaf01b2fa9ea6d27133e93bab19c66bcfaf456883173bf2205322eecdc8a,1,48.2081999998627,0.0,experiments/runtime_acceptance_host_roundtrip_scope_v2_20260826/raw_outputs/compound_007__zh__r1.json,0,0,0,0,0,1,local_first,compound_007:zh:r1,1,3,03d0c0ae536302810a73bb0a2537a0f1e7d91cd3408c416a98b348e9179ca0e3,compound_007,1,1,0
pitch_transposition,1,interactive_runtime_acceptance,,1.0,2,2,0,1.0,,,0.0,success,generated,seraedit_rule_v1,local_rule,1,0,en,46.75239999960468,1,1.0,1.0,1,0,03a98ba8fde3a642335d4801098b6b6b9056dac6a18ab2a5fe21ad93918a7f37,1,1af11d221e88bb388be21171b72f390f67219c73ba3637e21acdb8062c4e3668,1,46.75239999960468,0.0,experiments/runtime_acceptance_host_roundtrip_scope_v2_20260826/raw_outputs/pitch_013__en__r1.json,0,0,0,0,0,1,local_first,pitch_013:en:r1,1,2,d9c3177764cfb7c5278c0937b0ed25b6d9dc3d9c6f10c053e9a448e85fbb916e,pitch_013,1,1,0
pitch_transposition,1,interactive_runtime_acceptance,,1.0,2,2,0,1.0,,,0.0,success,generated,seraedit_rule_v1,local_rule,1,0,zh,46.713099999578844,1,1.0,1.0,1,0,5d4d936a87a5517c6a01319cede917513a7a49d1f38fd47f8c0bdd7bda93a03e,1,1af11d221e88bb388be21171b72f390f67219c73ba3637e21acdb8062c4e3668,1,46.713099999578844,0.0,experiments/runtime_acceptance_host_roundtrip_scope_v2_20260826/raw_outputs/pitch_013__zh__r1.json,0,0,0,0,0,1,local_first,pitch_013:zh:r1,1,2,d9c3177764cfb7c5278c0937b0ed25b6d9dc3d9c6f10c053e9a448e85fbb916e,pitch_013,1,1,0
rhythm_duration,1,interactive_runtime_acceptance,,1.0,2,2,0,1.0,,,0.0,success,generated,seraedit_rule_v1,local_rule,1,0,en,46.50170000059006,1,1.0,1.0,1,0,0c176a88d4221d6d75a88b84e28bdd1e82e8b81e96d2fd49d8f5f562061d06ab,1,74cc3e5c355ace5b1c7d654f77eef2f9809c53e66a671a0b7c76c632a0f92692,1,46.50170000059006,0.0,experiments/runtime_acceptance_host_roundtrip_scope_v2_20260826/raw_outputs/rhythm_013__en__r1.json,0,0,0,0,0,1,local_first,rhythm_013:en:r1,1,3,6b1d235dc4980f52563400b36fd38228cb810d7ec35ff5617f2f6559a798eda1,rhythm_013,1,1,0
rhythm_duration,1,interactive_runtime_acceptance,,1.0,2,2,0,1.0,,,0.0,success,generated,seraedit_rule_v1,local_rule,1,0,zh,47.180099999422964,1,1.0,1.0,1,0,266675e665c14c3e784a54a190e2ec55c5730c90e16a2ee962c0ac683ead633a,1,74cc3e5c355ace5b1c7d654f77eef2f9809c53e66a671a0b7c76c632a0f92692,1,47.180099999422964,0.0,experiments/runtime_acceptance_host_roundtrip_scope_v2_20260826/raw_outputs/rhythm_013__zh__r1.json,0,0,0,0,0,1,local_first,rhythm_013:zh:r1,1,3,6b1d235dc4980f52563400b36fd38228cb810d7ec35ff5617f2f6559a798eda1,rhythm_013,1,1,0
key_harmony,1,interactive_runtime_acceptance,,1.0,2,2,0,1.0,,,0.0,success,generated,seraedit_rule_v1,local_rule,1,0,en,65.29969999974128,1,1.0,1.0,1,0,e05b6690b69f129d10ac9f252d4d43b8bba2eabf1afcc3d3a932889860e4c752,1,0a9f28e6898c82e7a24586a78423eda45afa5b215c4953372e60f9d94e6f700f,1,65.29969999974128,0.0,experiments/runtime_acceptance_host_roundtrip_scope_v2_20260826/raw_outputs/key_013__en__r1.json,0,0,0,0,0,1,local_first,key_013:en:r1,0,,25471c10e31a8c96d1778e35d61f2366f7a8470f1a00dec24aceaf932b626f04,key_013,1,1,0
key_harmony,1,interactive_runtime_acceptance,,1.0,2,2,0,1.0,,,0.0,success,generated,seraedit_rule_v1,local_rule,1,0,zh,46.399400000154856,1,1.0,1.0,1,0,a12a7e9d655e37c99e70b3b3395fc9c1995728c8767d3ef5b21a1d58d648ea4a,1,0a9f28e6898c82e7a24586a78423eda45afa5b215c4953372e60f9d94e6f700f,1,46.399400000154856,0.0,experiments/runtime_acceptance_host_roundtrip_scope_v2_20260826/raw_outputs/key_013__zh__r1.json,0,0,0,0,0,1,local_first,key_013:zh:r1,0,,25471c10e31a8c96d1778e35d61f2366f7a8470f1a00dec24aceaf932b626f04,key_013,1,1,0
voice_texture,1,interactive_runtime_acceptance,,1.0,6,6,0,1.0,,,0.0,success,generated,seraedit_rule_v1,local_rule,1,0,en,49.16419999972277,1,1.0,1.0,1,0,549f011fedbae49a38eb134bf1be2c94f50d338299c5fb15d1ede6cb2f0be032,1,2990ae5d3407b43a07f9d7b114fb350ddab92d6414da21f5da8644e330bea17f,1,49.16419999972277,0.0,experiments/runtime_acceptance_host_roundtrip_scope_v2_20260826/raw_outputs/voice_010__en__r1.json,0,0,0,0,0,1,local_first,voice_010:en:r1,1,2,0037ea355a00242d55bf1bca630270ba998ba2a780a0fb6b2d082e4dcabc4d7e,voice_010,1,1,0
voice_texture,1,interactive_runtime_acceptance,,1.0,6,6,0,1.0,,,0.0,success,generated,seraedit_rule_v1,local_rule,1,0,zh,47.25999999936903,1,1.0,1.0,1,0,6d81d6c40698fbd2d834fa26a2fbe6466ae9f8cd65b5c1558dcc24d1cf66cf52,1,2990ae5d3407b43a07f9d7b114fb350ddab92d6414da21f5da8644e330bea17f,1,47.25999999936903,0.0,experiments/runtime_acceptance_host_roundtrip_scope_v2_20260826/raw_outputs/voice_010__zh__r1.json,0,0,0,0,0,1,local_first,voice_010:zh:r1,1,2,0037ea355a00242d55bf1bca630270ba998ba2a780a0fb6b2d082e4dcabc4d7e,voice_010,1,1,0
ties_slurs_ornaments,1,interactive_runtime_acceptance,,1.0,4,4,0,1.0,,,0.0,success,generated,seraedit_rule_v1,local_rule,1,0,en,47.5311000000147,1,1.0,1.0,1,0,892eaf615d491163f09334affc787def0f9f045e054248bbd4bd7df88d1ea01a,1,58d689869648609686ea823c8ca09ac1d62c894047aaf11b40e7929f0def7c5c,1,47.5311000000147,0.0,experiments/runtime_acceptance_host_roundtrip_scope_v2_20260826/raw_outputs/ties_009__en__r1.json,0,0,0,0,0,1,local_first,ties_009:en:r1,1,2,5d205116df03a09da609c158296b7fb9d5c21b8fc48912724f02c26e97445e2c,ties_009,1,1,0
ties_slurs_ornaments,1,interactive_runtime_acceptance,,1.0,4,4,0,1.0,,,0.0,success,generated,seraedit_rule_v1,local_rule,1,0,zh,47.89909999999509,1,1.0,1.0,1,0,f463147f101996f7e41c70ce9e12a9aeec31b1fca3b8cb8baa41a2f1f23a9e65,1,58d689869648609686ea823c8ca09ac1d62c894047aaf11b40e7929f0def7c5c,1,47.89909999999509,0.0,experiments/runtime_acceptance_host_roundtrip_scope_v2_20260826/raw_outputs/ties_009__zh__r1.json,0,0,0,0,0,1,local_first,ties_009:zh:r1,1,2,5d205116df03a09da609c158296b7fb9d5c21b8fc48912724f02c26e97445e2c,ties_009,1,1,0
meter_measure_structure,1,interactive_runtime_acceptance,,1.0,3,3,0,1.0,,,0.0,success,generated,seraedit_rule_v1,local_rule,1,0,en,85.47120000002906,1,1.0,1.0,1,0,92de9b9a1aa5966c68dbcf3faf9940e4221142283dc2d630b63448fb8aff280d,1,d3b33d283b42ca02342a3fe26299b9507e959931cdcb3a5881e84b218bfc65ca,1,85.47120000002906,0.0,experiments/runtime_acceptance_host_roundtrip_scope_v2_20260826/raw_outputs/meter_008__en__r1.json,0,0,0,0,0,1,local_first,meter_008:en:r1,0,,b2f4c858f5e7c9b5ce33e5e4115451865ff317b3d8e6fe009a7a2ed56b5a6d47,meter_008,1,1,0
meter_measure_structure,1,interactive_runtime_acceptance,,1.0,3,3,0,1.0,,,0.0,success,generated,seraedit_rule_v1,local_rule,1,0,zh,69.37420000031125,1,1.0,1.0,1,0,8154ec6610d1c6a6517a6eeceb2c068be96623ab1d81a44158716c37a96f53ea,1,d3b33d283b42ca02342a3fe26299b9507e959931cdcb3a5881e84b218bfc65ca,1,69.37420000031125,0.0,experiments/runtime_acceptance_host_roundtrip_scope_v2_20260826/raw_outputs/meter_008__zh__r1.json,0,0,0,0,0,1,local_first,meter_008:zh:r1,0,,b2f4c858f5e7c9b5ce33e5e4115451865ff317b3d8e6fe009a7a2ed56b5a6d47,meter_008,1,1,0
compound_multi_step,1,interactive_runtime_acceptance,,1.0,3,3,0,1.0,,,0.0,success,generated,seraedit_rule_v1,local_rule,1,0,en,72.51739999992424,1,1.0,1.0,1,0,9a73e49d26c4efcebfb368a566828f99059d559094f214c37664846dc32b1864,1,56a0f96b9935e9d85e115eb2f9207e8452a39dc740de0ddeb875b9d7c6dc3da2,1,72.51739999992424,0.0,experiments/runtime_acceptance_host_roundtrip_scope_v2_20260826/raw_outputs/compound_008__en__r1.json,0,0,0,0,0,1,local_first,compound_008:en:r1,1,3,4a3ebcf250455492a57e65ec1380a6a740773917cdc576bc5b554e140db2da9b,compound_008,1,1,0
compound_multi_step,1,interactive_runtime_acceptance,,1.0,3,3,0,1.0,,,0.0,success,generated,seraedit_rule_v1,local_rule,1,0,zh,75.18739999977697,1,1.0,1.0,1,0,c6ae6f17f574478800fb7d64735716272a7eb3a222acd115249f409e25564467,1,56a0f96b9935e9d85e115eb2f9207e8452a39dc740de0ddeb875b9d7c6dc3da2,1,75.18739999977697,0.0,experiments/runtime_acceptance_host_roundtrip_scope_v2_20260826/raw_outputs/compound_008__zh__r1.json,0,0,0,0,0,1,local_first,compound_008:zh:r1,1,3,4a3ebcf250455492a57e65ec1380a6a740773917cdc576bc5b554e140db2da9b,compound_008,1,1,0
pitch_transposition,1,interactive_runtime_acceptance,,1.0,2,2,0,0.8571428571428571,,,0.0,success,generated,seraedit_rule_v1,local_rule,1,0,en,72.84430000072462,1,1.0,0.8571428571428571,1,0,088df453b195bc5c17f6eac193116239bdf9215f39e1f82130a859476f5484c8,1,049b58c33576b8774482733f467de8f895afd2e029dab14e7c8c4e8011846404,1,72.84430000072462,0.0,experiments/runtime_acceptance_host_roundtrip_scope_v2_20260826/raw_outputs/pitch_014__en__r1.json,0,0,0,0,0,1,local_first,pitch_014:en:r1,1,2,e1cc24df537227316aada4643f31a596c7bd0372fe6b7ecb227625d3d33426d5,pitch_014,1,1,0
pitch_transposition,1,interactive_runtime_acceptance,,1.0,2,2,0,0.8571428571428571,,,0.0,success,generated,seraedit_rule_v1,local_rule,1,0,zh,73.45989999976155,1,1.0,0.8571428571428571,1,0,61bc58b9cca1ceca55b2904cd1b88f6831631397577b457cc6289cc59c5a26d0,1,049b58c33576b8774482733f467de8f895afd2e029dab14e7c8c4e8011846404,1,73.45989999976155,0.0,experiments/runtime_acceptance_host_roundtrip_scope_v2_20260826/raw_outputs/pitch_014__zh__r1.json,0,0,0,0,0,1,local_first,pitch_014:zh:r1,1,2,e1cc24df537227316aada4643f31a596c7bd0372fe6b7ecb227625d3d33426d5,pitch_014,1,1,0
rhythm_duration,1,interactive_runtime_acceptance,,1.0,2,2,0,1.0,,,0.0,success,generated,seraedit_rule_v1,local_rule,1,0,en,72.02380000035191,1,1.0,1.0,1,0,3d9a0808bad0d806c2375b92273173e0de13171eb098900d16005c6846dd72b6,1,40d2a186f25fe2ccfede9e18551f1dc91c128f7ebf2b7b0342a710c1b4bb0ac7,1,72.02380000035191,0.0,experiments/runtime_acceptance_host_roundtrip_scope_v2_20260826/raw_outputs/rhythm_014__en__r1.json,0,0,0,0,0,1,local_first,rhythm_014:en:r1,1,3,ca615acec18b3464e06fc0b4b7ad0d25e73cd30ce554d9e9fe49a3111bb1e112,rhythm_014,1,1,0
rhythm_duration,1,interactive_runtime_acceptance,,1.0,2,2,0,1.0,,,0.0,success,generated,seraedit_rule_v1,local_rule,1,0,zh,73.81569999961357,1,1.0,1.0,1,0,dc543e575553c677aacc37f9451fbae9af3781e8c9176138d51c8c0955238186,1,40d2a186f25fe2ccfede9e18551f1dc91c128f7ebf2b7b0342a710c1b4bb0ac7,1,73.81569999961357,0.0,experiments/runtime_acceptance_host_roundtrip_scope_v2_20260826/raw_outputs/rhythm_014__zh__r1.json,0,0,0,0,0,1,local_first,rhythm_014:zh:r1,1,3,ca615acec18b3464e06fc0b4b7ad0d25e73cd30ce554d9e9fe49a3111bb1e112,rhythm_014,1,1,0
key_harmony,1,interactive_runtime_acceptance,,1.0,2,2,0,1.0,,,0.0,success,generated,seraedit_rule_v1,local_rule,1,0,en,69.75340000008146,1,1.0,1.0,1,0,1fe4cdebec2e9bbee80271bc692ef7b276c6b6181866c5377577b6bbee72bcae,1,6b4b1d736aabe95346ff5a8530966a682910342a5d6ab84c57dd9afc43f644fd,1,69.75340000008146,0.0,experiments/runtime_acceptance_host_roundtrip_scope_v2_20260826/raw_outputs/key_014__en__r1.json,0,0,0,0,0,1,local_first,key_014:en:r1,0,,c84b9fb046ec10cf76e0c677aaf0052ac4cb1ac7f3418684c3e9f4689a9fd79c,key_014,1,1,0
key_harmony,1,interactive_runtime_acceptance,,1.0,2,2,0,1.0,,,0.0,success,generated,seraedit_rule_v1,local_rule,1,0,zh,86.96119999967777,1,1.0,1.0,1,0,300ee7134583207fc4c9c3a4f1b3ec1a1eb5b364377261a6d05f790c3c044d08,1,6b4b1d736aabe95346ff5a8530966a682910342a5d6ab84c57dd9afc43f644fd,1,86.96119999967777,0.0,experiments/runtime_acceptance_host_roundtrip_scope_v2_20260826/raw_outputs/key_014__zh__r1.json,0,0,0,0,0,1,local_first,key_014:zh:r1,0,,c84b9fb046ec10cf76e0c677aaf0052ac4cb1ac7f3418684c3e9f4689a9fd79c,key_014,1,1,0
voice_texture,1,interactive_runtime_acceptance,,1.0,8,8,0,1.0,,,0.0,success,generated,seraedit_rule_v1,local_rule,1,0,en,72.13500000034401,1,1.0,1.0,1,0,e68bdb55a764231f2d37169fe9fe1c32853b13c8951fccf47195a12ea6d42ad7,1,a3b22ae32a3d6b300f85d559c7003253d5e9280b11fe432ce12115313a41d8c1,1,72.13500000034401,0.0,experiments/runtime_acceptance_host_roundtrip_scope_v2_20260826/raw_outputs/voice_011__en__r1.json,0,0,0,0,0,1,local_first,voice_011:en:r1,1,2,2d9e579798361beb6bdfb8b395d4fb7f021408fd84f887bba9fa0fda2e7440bf,voice_011,1,1,0
voice_texture,1,interactive_runtime_acceptance,,1.0,8,8,0,1.0,,,0.0,success,generated,seraedit_rule_v1,local_rule,1,0,zh,76.5982000002623,1,1.0,1.0,1,0,eae3a278d06c94299e3eeab44e1d4088adf770a60da21f246c02e74b7bcb8605,1,a3b22ae32a3d6b300f85d559c7003253d5e9280b11fe432ce12115313a41d8c1,1,76.5982000002623,0.0,experiments/runtime_acceptance_host_roundtrip_scope_v2_20260826/raw_outputs/voice_011__zh__r1.json,0,0,0,0,0,1,local_first,voice_011:zh:r1,1,2,2d9e579798361beb6bdfb8b395d4fb7f021408fd84f887bba9fa0fda2e7440bf,voice_011,1,1,0
ties_slurs_ornaments,1,interactive_runtime_acceptance,,1.0,4,4,0,1.0,,,0.0,success,generated,seraedit_rule_v1,local_rule,1,0,en,52.20590000044467,1,1.0,1.0,1,0,0838dad4edb7d1f3b5b646e5acd247fd6ad65ea5d89f22efc150fd95201f698f,1,146b534a4a6cd9a7da04780c1e7667fedad5bb1720f92dca335b4abc7ef89591,1,52.20590000044467,0.0,experiments/runtime_acceptance_host_roundtrip_scope_v2_20260826/raw_outputs/ties_010__en__r1.json,0,0,0,0,0,1,local_first,ties_010:en:r1,1,2,113b0eb72fe97d637c0644ff5bea34d7f826a0d5ce2a7fe2e201d7268a889a8c,ties_010,1,1,0
ties_slurs_ornaments,1,interactive_runtime_acceptance,,1.0,4,4,0,1.0,,,0.0,success,generated,seraedit_rule_v1,local_rule,1,0,zh,67.69620000068244,1,1.0,1.0,1,0,efc77cdb6017de227aa28b3b0363a194fa315227f39d0f287af93c86e321b6ae,1,146b534a4a6cd9a7da04780c1e7667fedad5bb1720f92dca335b4abc7ef89591,1,67.69620000068244,0.0,experiments/runtime_acceptance_host_roundtrip_scope_v2_20260826/raw_outputs/ties_010__zh__r1.json,0,0,0,0,0,1,local_first,ties_010:zh:r1,1,2,113b0eb72fe97d637c0644ff5bea34d7f826a0d5ce2a7fe2e201d7268a889a8c,ties_010,1,1,0
meter_measure_structure,1,interactive_runtime_acceptance,,1.0,3,3,0,1.0,,,0.0,success,generated,seraedit_rule_v1,local_rule,1,0,en,45.48770000019431,1,1.0,1.0,1,0,ef140af0e55b61244814ac1f305f5173095be8198517b7b62589c7e83a5cb521,1,3aef2b159cbfa0b80fc1bd166f6efb2605025395fa678ff12feba2ffbe2326f9,1,45.48770000019431,0.0,experiments/runtime_acceptance_host_roundtrip_scope_v2_20260826/raw_outputs/meter_009__en__r1.json,0,0,0,0,0,1,local_first,meter_009:en:r1,0,,4f1cf097d48cb3860058b259bced4d935ebe12b1e9d34dd7b53cd1e6bdfd2f7b,meter_009,1,1,0
meter_measure_structure,1,interactive_runtime_acceptance,,1.0,3,3,0,1.0,,,0.0,success,generated,seraedit_rule_v1,local_rule,1,0,zh,45.598400000017136,1,1.0,1.0,1,0,df45550b9804a0c9041420c373e584da487b0588c35d4ffb33c169c87d939be5,1,3aef2b159cbfa0b80fc1bd166f6efb2605025395fa678ff12feba2ffbe2326f9,1,45.598400000017136,0.0,experiments/runtime_acceptance_host_roundtrip_scope_v2_20260826/raw_outputs/meter_009__zh__r1.json,0,0,0,0,0,1,local_first,meter_009:zh:r1,0,,4f1cf097d48cb3860058b259bced4d935ebe12b1e9d34dd7b53cd1e6bdfd2f7b,meter_009,1,1,0
compound_multi_step,1,interactive_runtime_acceptance,,1.0,3,3,0,1.0,,,0.0,success,generated,seraedit_rule_v1,local_rule,1,0,en,48.23029999988648,1,1.0,1.0,1,0,74aa03b8598c4013b1dbca837651d80af6bbf162376b1ce36e6f17ed18eb02da,1,52fe28146ebcfff903981490f3fd37c31221422d94691ca10fae49659a024f97,1,48.23029999988648,0.0,experiments/runtime_acceptance_host_roundtrip_scope_v2_20260826/raw_outputs/compound_009__en__r1.json,0,0,0,0,0,1,local_first,compound_009:en:r1,1,3,e814040530d93d9057f474700fa0406f8c7a332b94aa2dab0db202aae5109bae,compound_009,1,1,0
compound_multi_step,1,interactive_runtime_acceptance,,1.0,3,3,0,1.0,,,0.0,success,generated,seraedit_rule_v1,local_rule,1,0,zh,49.443300000348245,1,1.0,1.0,1,0,a3a721459149fb0bb31dd60aa6511f66683bfc03fd539fb600bdbb90a894eb24,1,52fe28146ebcfff903981490f3fd37c31221422d94691ca10fae49659a024f97,1,49.443300000348245,0.0,experiments/runtime_acceptance_host_roundtrip_scope_v2_20260826/raw_outputs/compound_009__zh__r1.json,0,0,0,0,0,1,local_first,compound_009:zh:r1,1,3,e814040530d93d9057f474700fa0406f8c7a332b94aa2dab0db202aae5109bae,compound_009,1,1,0
pitch_transposition,1,interactive_runtime_acceptance,,1.0,2,2,0,1.0,,,0.0,success,generated,seraedit_rule_v1,local_rule,1,0,en,46.68889999993553,1,1.0,1.0,1,0,70b98bf7d1ef1279ee41f327a397866818a8da438193ba90476dd564c61e6c3c,1,429996febccbf89f5909d7d79cf47c14c7f7433cb8fb1aedd63fe4cbf0127f25,1,46.68889999993553,0.0,experiments/runtime_acceptance_host_roundtrip_scope_v2_20260826/raw_outputs/pitch_015__en__r1.json,0,0,0,0,0,1,local_first,pitch_015:en:r1,1,2,45d710084bd7356eb52c7e8a56774cea7e0aa6ca0988aae6adfc4f03eb14a156,pitch_015,1,1,0
pitch_transposition,1,interactive_runtime_acceptance,,1.0,2,2,0,1.0,,,0.0,success,generated,seraedit_rule_v1,local_rule,1,0,zh,62.17389999983425,1,1.0,1.0,1,0,6ee0243e72a13139447c6a9a9c967659fa8f0d644273546f691a03ed8b827829,1,429996febccbf89f5909d7d79cf47c14c7f7433cb8fb1aedd63fe4cbf0127f25,1,62.17389999983425,0.0,experiments/runtime_acceptance_host_roundtrip_scope_v2_20260826/raw_outputs/pitch_015__zh__r1.json,0,0,0,0,0,1,local_first,pitch_015:zh:r1,1,2,45d710084bd7356eb52c7e8a56774cea7e0aa6ca0988aae6adfc4f03eb14a156,pitch_015,1,1,0
rhythm_duration,1,interactive_runtime_acceptance,,1.0,2,2,0,1.0,,,0.0,success,generated,seraedit_rule_v1,local_rule,1,0,en,48.950800000056915,1,1.0,1.0,1,0,a647c19542f0e1a64eb2d807330a90b4c1592115a2d7baad45bb6359c460723b,1,5488a0e3b293bb7a97880d54e8b2637bde38cad139e5625e5bcd580ec244a7f4,1,48.950800000056915,0.0,experiments/runtime_acceptance_host_roundtrip_scope_v2_20260826/raw_outputs/rhythm_015__en__r1.json,0,0,0,0,0,1,local_first,rhythm_015:en:r1,1,3,75fdf0d5e4fd17f3738b5a7e4392125039d4c31b40af9c150d9eb1c2549f975c,rhythm_015,1,1,0
rhythm_duration,1,interactive_runtime_acceptance,,1.0,2,2,0,1.0,,,0.0,success,generated,seraedit_rule_v1,local_rule,1,0,zh,46.87560000002122,1,1.0,1.0,1,0,043520c1e1930275976cba6ace56d84a930364e812bbbeba472ea6d8a78b0232,1,5488a0e3b293bb7a97880d54e8b2637bde38cad139e5625e5bcd580ec244a7f4,1,46.87560000002122,0.0,experiments/runtime_acceptance_host_roundtrip_scope_v2_20260826/raw_outputs/rhythm_015__zh__r1.json,0,0,0,0,0,1,local_first,rhythm_015:zh:r1,1,3,75fdf0d5e4fd17f3738b5a7e4392125039d4c31b40af9c150d9eb1c2549f975c,rhythm_015,1,1,0
key_harmony,1,interactive_runtime_acceptance,,1.0,2,2,0,1.0,,,0.0,success,generated,seraedit_rule_v1,local_rule,1,0,en,46.21279999992112,1,1.0,1.0,1,0,b10630b1a0b8a22bf31eb17dd869d62b19066ad1703d19ef68ba05f9bae891e6,1,fa907b14d4bcf63001bc3edec493485a640db839ff52fa2671dca407d4c4de40,1,46.21279999992112,0.0,experiments/runtime_acceptance_host_roundtrip_scope_v2_20260826/raw_outputs/key_015__en__r1.json,0,0,0,0,0,1,local_first,key_015:en:r1,0,,0a7d741614773fae0faec7a74bd9d098e2177c97a763376ea67e7eec922d13c8,key_015,1,1,0
key_harmony,1,interactive_runtime_acceptance,,1.0,2,2,0,1.0,,,0.0,success,generated,seraedit_rule_v1,local_rule,1,0,zh,48.44299999967916,1,1.0,1.0,1,0,4e7024b8b3ae50858663eae239082fcc0842937d5e3f5a9f075a5935cf9a7c32,1,fa907b14d4bcf63001bc3edec493485a640db839ff52fa2671dca407d4c4de40,1,48.44299999967916,0.0,experiments/runtime_acceptance_host_roundtrip_scope_v2_20260826/raw_outputs/key_015__zh__r1.json,0,0,0,0,0,1,local_first,key_015:zh:r1,0,,0a7d741614773fae0faec7a74bd9d098e2177c97a763376ea67e7eec922d13c8,key_015,1,1,0
voice_texture,1,interactive_runtime_acceptance,,1.0,6,6,0,1.0,,,0.0,success,generated,seraedit_rule_v1,local_rule,1,0,en,59.766299999864714,1,1.0,1.0,1,0,1362bcad2f567fce4e9934df757b9e98de6f62ce07abb03e2d4f2806fa7e5144,1,b6228fbd7895bc6fc05d27b59d302ef42bfea320c67639a38c8ae82282a71704,1,59.766299999864714,0.0,experiments/runtime_acceptance_host_roundtrip_scope_v2_20260826/raw_outputs/voice_012__en__r1.json,0,0,0,0,0,1,local_first,voice_012:en:r1,1,2,399dc7a65e583162f53a32298d6e26a3d4e0d6db04f20abafca792fec081fc4b,voice_012,1,1,0
voice_texture,1,interactive_runtime_acceptance,,1.0,6,6,0,1.0,,,0.0,success,generated,seraedit_rule_v1,local_rule,1,0,zh,70.78249999995023,1,1.0,1.0,1,0,1580c7e886e3bd927730095f8c2e46b226594098d04235ce3627c42b200bf82c,1,b6228fbd7895bc6fc05d27b59d302ef42bfea320c67639a38c8ae82282a71704,1,70.78249999995023,0.0,experiments/runtime_acceptance_host_roundtrip_scope_v2_20260826/raw_outputs/voice_012__zh__r1.json,0,0,0,0,0,1,local_first,voice_012:zh:r1,1,2,399dc7a65e583162f53a32298d6e26a3d4e0d6db04f20abafca792fec081fc4b,voice_012,1,1,0
meter_measure_structure,1,interactive_runtime_acceptance,,1.0,3,3,0,1.0,,,0.0,success,generated,seraedit_rule_v1,local_rule,1,0,en,49.82819999986532,1,1.0,1.0,1,0,6515c400c6e118fa84bd05685b52711a1fb4b0de5c6c4759efad101ec0f78bcd,1,eaf673d7f81f237f68015eb5db1d2fd7696f8a9bbdd5044e854b29fa26170380,1,49.82819999986532,0.0,experiments/runtime_acceptance_host_roundtrip_scope_v2_20260826/raw_outputs/meter_010__en__r1.json,0,0,0,0,0,1,local_first,meter_010:en:r1,0,,4f1cf097d48cb3860058b259bced4d935ebe12b1e9d34dd7b53cd1e6bdfd2f7b,meter_010,1,1,0
meter_measure_structure,1,interactive_runtime_acceptance,,1.0,3,3,0,1.0,,,0.0,success,generated,seraedit_rule_v1,local_rule,1,0,zh,49.439999999776774,1,1.0,1.0,1,0,3cf42c35fa12b7350874fd31e7bacdb985af71316b7b623e4d026ca357bb2bfe,1,eaf673d7f81f237f68015eb5db1d2fd7696f8a9bbdd5044e854b29fa26170380,1,49.439999999776774,0.0,experiments/runtime_acceptance_host_roundtrip_scope_v2_20260826/raw_outputs/meter_010__zh__r1.json,0,0,0,0,0,1,local_first,meter_010:zh:r1,0,,4f1cf097d48cb3860058b259bced4d935ebe12b1e9d34dd7b53cd1e6bdfd2f7b,meter_010,1,1,0
compound_multi_step,1,interactive_runtime_acceptance,,1.0,3,3,0,1.0,,,0.0,success,generated,seraedit_rule_v1,local_rule,1,0,en,54.34239999976853,1,1.0,1.0,1,0,0065a939bf7ee9435ac4d019650cec061da8cc8ab6bbdf3a86ad2e789f702f82,1,a5b0d8605aad0696a955e4dd75df9aaf574883fe3a02d14c2439999fc948faab,1,54.34239999976853,0.0,experiments/runtime_acceptance_host_roundtrip_scope_v2_20260826/raw_outputs/compound_010__en__r1.json,0,0,0,0,0,1,local_first,compound_010:en:r1,1,3,902fd6e9fcc71ea5ab605641272aec15da65f98db05f29f8456e06cb1a782c69,compound_010,1,1,0
compound_multi_step,1,interactive_runtime_acceptance,,1.0,3,3,0,1.0,,,0.0,success,generated,seraedit_rule_v1,local_rule,1,0,zh,55.46349999985978,1,1.0,1.0,1,0,8b3963a68375784d81d9b6232f70daa8e521b3d68f034bf1f6791fffe2f89449,1,a5b0d8605aad0696a955e4dd75df9aaf574883fe3a02d14c2439999fc948faab,1,55.46349999985978,0.0,experiments/runtime_acceptance_host_roundtrip_scope_v2_20260826/raw_outputs/compound_010__zh__r1.json,0,0,0,0,0,1,local_first,compound_010:zh:r1,1,3,902fd6e9fcc71ea5ab605641272aec15da65f98db05f29f8456e06cb1a782c69,compound_010,1,1,0
voice_texture,1,interactive_runtime_acceptance,,1.0,6,6,0,1.0,,,0.0,success,generated,seraedit_rule_v1,local_rule,1,0,en,50.24969999976747,1,1.0,1.0,1,0,f1611d73470e902b7757ae1c60b5cc6c0f9fdacb264269b0b15f1d6719514397,1,b6228fbd7895bc6fc05d27b59d302ef42bfea320c67639a38c8ae82282a71704,1,50.24969999976747,0.0,experiments/runtime_acceptance_host_roundtrip_scope_v2_20260826/raw_outputs/voice_013__en__r1.json,0,0,0,0,0,1,local_first,voice_013:en:r1,1,2,399dc7a65e583162f53a32298d6e26a3d4e0d6db04f20abafca792fec081fc4b,voice_013,1,1,0
voice_texture,1,interactive_runtime_acceptance,,1.0,6,6,0,1.0,,,0.0,success,generated,seraedit_rule_v1,local_rule,1,0,zh,52.39919999985432,1,1.0,1.0,1,0,1c86911c1aba62714aa20e08e1e1407d355594f97ca67f5f1270cee135761291,1,b6228fbd7895bc6fc05d27b59d302ef42bfea320c67639a38c8ae82282a71704,1,52.39919999985432,0.0,experiments/runtime_acceptance_host_roundtrip_scope_v2_20260826/raw_outputs/voice_013__zh__r1.json,0,0,0,0,0,1,local_first,voice_013:zh:r1,1,2,399dc7a65e583162f53a32298d6e26a3d4e0d6db04f20abafca792fec081fc4b,voice_013,1,1,0
voice_texture,1,interactive_runtime_acceptance,,1.0,6,6,0,1.0,,,0.0,success,generated,seraedit_rule_v1,local_rule,1,0,en,54.66620000061084,1,1.0,1.0,1,0,e49806b03f535a3b30f35f849c2685975f3de253473756532381697c82e99f3a,1,b6228fbd7895bc6fc05d27b59d302ef42bfea320c67639a38c8ae82282a71704,1,54.66620000061084,0.0,experiments/runtime_acceptance_host_roundtrip_scope_v2_20260826/raw_outputs/voice_014__en__r1.json,0,0,0,0,0,1,local_first,voice_014:en:r1,1,2,399dc7a65e583162f53a32298d6e26a3d4e0d6db04f20abafca792fec081fc4b,voice_014,1,1,0
voice_texture,1,interactive_runtime_acceptance,,1.0,6,6,0,1.0,,,0.0,success,generated,seraedit_rule_v1,local_rule,1,0,zh,55.433000000448374,1,1.0,1.0,1,0,897c5d07a9cf02d7c63b0b8c27514646c32a3f0b1fff19165e57c692f7a1a950,1,b6228fbd7895bc6fc05d27b59d302ef42bfea320c67639a38c8ae82282a71704,1,55.433000000448374,0.0,experiments/runtime_acceptance_host_roundtrip_scope_v2_20260826/raw_outputs/voice_014__zh__r1.json,0,0,0,0,0,1,local_first,voice_014:zh:r1,1,2,399dc7a65e583162f53a32298d6e26a3d4e0d6db04f20abafca792fec081fc4b,voice_014,1,1,0
voice_texture,1,interactive_runtime_acceptance,,1.0,6,6,0,1.0,,,0.0,success,generated,seraedit_rule_v1,local_rule,1,0,en,52.081900000302994,1,1.0,1.0,1,0,88e3af30775e020f278d131d984ab48092b96995d7ec7744fa584c8473259579,1,b6228fbd7895bc6fc05d27b59d302ef42bfea320c67639a38c8ae82282a71704,1,52.081900000302994,0.0,experiments/runtime_acceptance_host_roundtrip_scope_v2_20260826/raw_outputs/voice_015__en__r1.json,0,0,0,0,0,1,local_first,voice_015:en:r1,1,2,399dc7a65e583162f53a32298d6e26a3d4e0d6db04f20abafca792fec081fc4b,voice_015,1,1,0
voice_texture,1,interactive_runtime_acceptance,,1.0,6,6,0,1.0,,,0.0,success,generated,seraedit_rule_v1,local_rule,1,0,zh,54.75830000068527,1,1.0,1.0,1,0,548187db76aa2d3a900c2d6a410206e1faec4f0bec1091e3ee7685009757f3d2,1,b6228fbd7895bc6fc05d27b59d302ef42bfea320c67639a38c8ae82282a71704,1,54.75830000068527,0.0,experiments/runtime_acceptance_host_roundtrip_scope_v2_20260826/raw_outputs/voice_015__zh__r1.json,0,0,0,0,0,1,local_first,voice_015:zh:r1,1,2,399dc7a65e583162f53a32298d6e26a3d4e0d6db04f20abafca792fec081fc4b,voice_015,1,1,0
